State,County,PCT_SNAP17
AL,Autauga,16.50005631
AL,Baldwin,16.50005631
AL,Barbour,16.50005631
AL,Bibb,16.50005631
AL,Blount,16.50005631
AL,Bullock,16.50005631
AL,Butler,16.50005631
AL,Calhoun,16.50005631
AL,Chambers,16.50005631
AL,Cherokee,16.50005631
AL,Chilton,16.50005631
AL,Choctaw,16.50005631
AL,Clarke,16.50005631
AL,Clay,16.50005631
AL,Cleburne,16.50005631
AL,Coffee,16.50005631
AL,Colbert,16.50005631
AL,Conecuh,16.50005631
AL,Coosa,16.50005631
AL,Covington,16.50005631
AL,Crenshaw,16.50005631
AL,Cullman,16.50005631
AL,Dale,16.50005631
AL,Dallas,16.50005631
AL,DeKalb,16.50005631
AL,Elmore,16.50005631
AL,Escambia,16.50005631
AL,Etowah,16.50005631
AL,Fayette,16.50005631
AL,Franklin,16.50005631
AL,Geneva,16.50005631
AL,Greene,16.50005631
AL,Hale,16.50005631
AL,Henry,16.50005631
AL,Houston,16.50005631
AL,Jackson,16.50005631
AL,Jefferson,16.50005631
AL,Lamar,16.50005631
AL,Lauderdale,16.50005631
AL,Lawrence,16.50005631
AL,Lee,16.50005631
AL,Limestone,16.50005631
AL,Lowndes,16.50005631
AL,Macon,16.50005631
AL,Madison,16.50005631
AL,Marengo,16.50005631
AL,Marion,16.50005631
AL,Marshall,16.50005631
AL,Mobile,16.50005631
AL,Monroe,16.50005631
AL,Montgomery,16.50005631
AL,Morgan,16.50005631
AL,Perry,16.50005631
AL,Pickens,16.50005631
AL,Pike,16.50005631
AL,Randolph,16.50005631
AL,Russell,16.50005631
AL,St. Clair,16.50005631
AL,Shelby,16.50005631
AL,Sumter,16.50005631
AL,Talladega,16.50005631
AL,Tallapoosa,16.50005631
AL,Tuscaloosa,16.50005631
AL,Walker,16.50005631
AL,Washington,16.50005631
AL,Wilcox,16.50005631
AL,Winston,16.50005631
AK,Aleutians East,12.04557794
AK,Aleutians West,12.04557794
AK,Anchorage,12.04557794
AK,Bethel,12.04557794
AK,Bristol Bay,12.04557794
AK,Denali,12.04557794
AK,Dillingham,12.04557794
AK,Fairbanks North Star,12.04557794
AK,Haines,12.04557794
AK,Hoonah-Angoon,12.04557794
AK,Juneau,12.04557794
AK,Kenai Peninsula,12.04557794
AK,Ketchikan Gateway,12.04557794
AK,Kodiak Island,12.04557794
AK,Lake and Peninsula,12.04557794
AK,Matanuska-Susitna,12.04557794
AK,Nome,12.04557794
AK,North Slope,12.04557794
AK,Northwest Arctic,12.04557794
AK,Petersburg,12.04557794
AK,Prince of Wales-Hyder,12.04557794
AK,Sitka,12.04557794
AK,Skagway,12.04557794
AK,Southeast Fairbanks,12.04557794
AK,Valdez-Cordova,12.04557794
AK,Wade Hampton,12.04557794
AK,Wrangell,12.04557794
AK,Yakutat,12.04557794
AK,Yukon-Koyukuk,12.04557794
AZ,Apache,13.09424618
AZ,Cochise,13.09424618
AZ,Coconino,13.09424618
AZ,Gila,13.09424618
AZ,Graham,13.09424618
AZ,Greenlee,13.09424618
AZ,La Paz,13.09424618
AZ,Maricopa,13.09424618
AZ,Mohave,13.09424618
AZ,Navajo,13.09424618
AZ,Pima,13.09424618
AZ,Pinal,13.09424618
AZ,Santa Cruz,13.09424618
AZ,Yavapai,13.09424618
AZ,Yuma,13.09424618
AR,Arkansas,12.92696462
AR,Ashley,12.92696462
AR,Baxter,12.92696462
AR,Benton,12.92696462
AR,Boone,12.92696462
AR,Bradley,12.92696462
AR,Calhoun,12.92696462
AR,Carroll,12.92696462
AR,Chicot,12.92696462
AR,Clark,12.92696462
AR,Clay,12.92696462
AR,Cleburne,12.92696462
AR,Cleveland,12.92696462
AR,Columbia,12.92696462
AR,Conway,12.92696462
AR,Craighead,12.92696462
AR,Crawford,12.92696462
AR,Crittenden,12.92696462
AR,Cross,12.92696462
AR,Dallas,12.92696462
AR,Desha,12.92696462
AR,Drew,12.92696462
AR,Faulkner,12.92696462
AR,Franklin,12.92696462
AR,Fulton,12.92696462
AR,Garland,12.92696462
AR,Grant,12.92696462
AR,Greene,12.92696462
AR,Hempstead,12.92696462
AR,Hot Spring,12.92696462
AR,Howard,12.92696462
AR,Independence,12.92696462
AR,Izard,12.92696462
AR,Jackson,12.92696462
AR,Jefferson,12.92696462
AR,Johnson,12.92696462
AR,Lafayette,12.92696462
AR,Lawrence,12.92696462
AR,Lee,12.92696462
AR,Lincoln,12.92696462
AR,Little River,12.92696462
AR,Logan,12.92696462
AR,Lonoke,12.92696462
AR,Madison,12.92696462
AR,Marion,12.92696462
AR,Miller,12.92696462
AR,Mississippi,12.92696462
AR,Monroe,12.92696462
AR,Montgomery,12.92696462
AR,Nevada,12.92696462
AR,Newton,12.92696462
AR,Ouachita,12.92696462
AR,Perry,12.92696462
AR,Phillips,12.92696462
AR,Pike,12.92696462
AR,Poinsett,12.92696462
AR,Polk,12.92696462
AR,Pope,12.92696462
AR,Prairie,12.92696462
AR,Pulaski,12.92696462
AR,Randolph,12.92696462
AR,St. Francis,12.92696462
AR,Saline,12.92696462
AR,Scott,12.92696462
AR,Searcy,12.92696462
AR,Sebastian,12.92696462
AR,Sevier,12.92696462
AR,Sharp,12.92696462
AR,Stone,12.92696462
AR,Union,12.92696462
AR,Van Buren,12.92696462
AR,Washington,12.92696462
AR,White,12.92696462
AR,Woodruff,12.92696462
AR,Yell,12.92696462
CA,Alameda,10.40064266
CA,Alpine,10.40064266
CA,Amador,10.40064266
CA,Butte,10.40064266
CA,Calaveras,10.40064266
CA,Colusa,10.40064266
CA,Contra Costa,10.40064266
CA,Del Norte,10.40064266
CA,El Dorado,10.40064266
CA,Fresno,10.40064266
CA,Glenn,10.40064266
CA,Humboldt,10.40064266
CA,Imperial,10.40064266
CA,Inyo,10.40064266
CA,Kern,10.40064266
CA,Kings,10.40064266
CA,Lake,10.40064266
CA,Lassen,10.40064266
CA,Los Angeles,10.40064266
CA,Madera,10.40064266
CA,Marin,10.40064266
CA,Mariposa,10.40064266
CA,Mendocino,10.40064266
CA,Merced,10.40064266
CA,Modoc,10.40064266
CA,Mono,10.40064266
CA,Monterey,10.40064266
CA,Napa,10.40064266
CA,Nevada,10.40064266
CA,Orange,10.40064266
CA,Placer,10.40064266
CA,Plumas,10.40064266
CA,Riverside,10.40064266
CA,Sacramento,10.40064266
CA,San Benito,10.40064266
CA,San Bernardino,10.40064266
CA,San Diego,10.40064266
CA,San Francisco,10.40064266
CA,San Joaquin,10.40064266
CA,San Luis Obispo,10.40064266
CA,San Mateo,10.40064266
CA,Santa Barbara,10.40064266
CA,Santa Clara,10.40064266
CA,Santa Cruz,10.40064266
CA,Shasta,10.40064266
CA,Sierra,10.40064266
CA,Siskiyou,10.40064266
CA,Solano,10.40064266
CA,Sonoma,10.40064266
CA,Stanislaus,10.40064266
CA,Sutter,10.40064266
CA,Tehama,10.40064266
CA,Trinity,10.40064266
CA,Tulare,10.40064266
CA,Tuolumne,10.40064266
CA,Ventura,10.40064266
CA,Yolo,10.40064266
CA,Yuba,10.40064266
CO,Adams,8.190382024
CO,Alamosa,8.190382024
CO,Arapahoe,8.190382024
CO,Archuleta,8.190382024
CO,Baca,8.190382024
CO,Bent,8.190382024
CO,Boulder,8.190382024
CO,Broomfield,8.190382024
CO,Chaffee,8.190382024
CO,Cheyenne,8.190382024
CO,Clear Creek,8.190382024
CO,Conejos,8.190382024
CO,Costilla,8.190382024
CO,Crowley,8.190382024
CO,Custer,8.190382024
CO,Delta,8.190382024
CO,Denver,8.190382024
CO,Dolores,8.190382024
CO,Douglas,8.190382024
CO,Eagle,8.190382024
CO,Elbert,8.190382024
CO,El Paso,8.190382024
CO,Fremont,8.190382024
CO,Garfield,8.190382024
CO,Gilpin,8.190382024
CO,Grand,8.190382024
CO,Gunnison,8.190382024
CO,Hinsdale,8.190382024
CO,Huerfano,8.190382024
CO,Jackson,8.190382024
CO,Jefferson,8.190382024
CO,Kiowa,8.190382024
CO,Kit Carson,8.190382024
CO,Lake,8.190382024
CO,La Plata,8.190382024
CO,Larimer,8.190382024
CO,Las Animas,8.190382024
CO,Lincoln,8.190382024
CO,Logan,8.190382024
CO,Mesa,8.190382024
CO,Mineral,8.190382024
CO,Moffat,8.190382024
CO,Montezuma,8.190382024
CO,Montrose,8.190382024
CO,Morgan,8.190382024
CO,Otero,8.190382024
CO,Ouray,8.190382024
CO,Park,8.190382024
CO,Phillips,8.190382024
CO,Pitkin,8.190382024
CO,Prowers,8.190382024
CO,Pueblo,8.190382024
CO,Rio Blanco,8.190382024
CO,Rio Grande,8.190382024
CO,Routt,8.190382024
CO,Saguache,8.190382024
CO,San Juan,8.190382024
CO,San Miguel,8.190382024
CO,Sedgwick,8.190382024
CO,Summit,8.190382024
CO,Teller,8.190382024
CO,Washington,8.190382024
CO,Weld,8.190382024
CO,Yuma,8.190382024
CT,Fairfield,11.43599148
CT,Hartford,11.43599148
CT,Litchfield,11.43599148
CT,Middlesex,11.43599148
CT,New Haven,11.43599148
CT,New London,11.43599148
CT,Tolland,11.43599148
CT,Windham,11.43599148
DE,Kent,15.26140605
DE,New Castle,15.26140605
DE,Sussex,15.26140605
DC,District of Columbia,17.40567343
FL,Alachua,15.1852654
FL,Baker,15.1852654
FL,Bay,15.1852654
FL,Bradford,15.1852654
FL,Brevard,15.1852654
FL,Broward,15.1852654
FL,Calhoun,15.1852654
FL,Charlotte,15.1852654
FL,Citrus,15.1852654
FL,Clay,15.1852654
FL,Collier,15.1852654
FL,Columbia,15.1852654
FL,DeSoto,15.1852654
FL,Dixie,15.1852654
FL,Duval,15.1852654
FL,Escambia,15.1852654
FL,Flagler,15.1852654
FL,Franklin,15.1852654
FL,Gadsden,15.1852654
FL,Gilchrist,15.1852654
FL,Glades,15.1852654
FL,Gulf,15.1852654
FL,Hamilton,15.1852654
FL,Hardee,15.1852654
FL,Hendry,15.1852654
FL,Hernando,15.1852654
FL,Highlands,15.1852654
FL,Hillsborough,15.1852654
FL,Holmes,15.1852654
FL,Indian River,15.1852654
FL,Jackson,15.1852654
FL,Jefferson,15.1852654
FL,Lafayette,15.1852654
FL,Lake,15.1852654
FL,Lee,15.1852654
FL,Leon,15.1852654
FL,Levy,15.1852654
FL,Liberty,15.1852654
FL,Madison,15.1852654
FL,Manatee,15.1852654
FL,Marion,15.1852654
FL,Martin,15.1852654
FL,Miami-Dade,15.1852654
FL,Monroe,15.1852654
FL,Nassau,15.1852654
FL,Okaloosa,15.1852654
FL,Okeechobee,15.1852654
FL,Orange,15.1852654
FL,Osceola,15.1852654
FL,Palm Beach,15.1852654
FL,Pasco,15.1852654
FL,Pinellas,15.1852654
FL,Polk,15.1852654
FL,Putnam,15.1852654
FL,St. Johns,15.1852654
FL,St. Lucie,15.1852654
FL,Santa Rosa,15.1852654
FL,Sarasota,15.1852654
FL,Seminole,15.1852654
FL,Sumter,15.1852654
FL,Suwannee,15.1852654
FL,Taylor,15.1852654
FL,Union,15.1852654
FL,Volusia,15.1852654
FL,Wakulla,15.1852654
FL,Walton,15.1852654
FL,Washington,15.1852654
GA,Appling,15.58496196
GA,Atkinson,15.58496196
GA,Bacon,15.58496196
GA,Baker,15.58496196
GA,Baldwin,15.58496196
GA,Banks,15.58496196
GA,Barrow,15.58496196
GA,Bartow,15.58496196
GA,Ben Hill,15.58496196
GA,Berrien,15.58496196
GA,Bibb,15.58496196
GA,Bleckley,15.58496196
GA,Brantley,15.58496196
GA,Brooks,15.58496196
GA,Bryan,15.58496196
GA,Bulloch,15.58496196
GA,Burke,15.58496196
GA,Butts,15.58496196
GA,Calhoun,15.58496196
GA,Camden,15.58496196
GA,Candler,15.58496196
GA,Carroll,15.58496196
GA,Catoosa,15.58496196
GA,Charlton,15.58496196
GA,Chatham,15.58496196
GA,Chattahoochee,15.58496196
GA,Chattooga,15.58496196
GA,Cherokee,15.58496196
GA,Clarke,15.58496196
GA,Clay,15.58496196
GA,Clayton,15.58496196
GA,Clinch,15.58496196
GA,Cobb,15.58496196
GA,Coffee,15.58496196
GA,Colquitt,15.58496196
GA,Columbia,15.58496196
GA,Cook,15.58496196
GA,Coweta,15.58496196
GA,Crawford,15.58496196
GA,Crisp,15.58496196
GA,Dade,15.58496196
GA,Dawson,15.58496196
GA,Decatur,15.58496196
GA,DeKalb,15.58496196
GA,Dodge,15.58496196
GA,Dooly,15.58496196
GA,Dougherty,15.58496196
GA,Douglas,15.58496196
GA,Early,15.58496196
GA,Echols,15.58496196
GA,Effingham,15.58496196
GA,Elbert,15.58496196
GA,Emanuel,15.58496196
GA,Evans,15.58496196
GA,Fannin,15.58496196
GA,Fayette,15.58496196
GA,Floyd,15.58496196
GA,Forsyth,15.58496196
GA,Franklin,15.58496196
GA,Fulton,15.58496196
GA,Gilmer,15.58496196
GA,Glascock,15.58496196
GA,Glynn,15.58496196
GA,Gordon,15.58496196
GA,Grady,15.58496196
GA,Greene,15.58496196
GA,Gwinnett,15.58496196
GA,Habersham,15.58496196
GA,Hall,15.58496196
GA,Hancock,15.58496196
GA,Haralson,15.58496196
GA,Harris,15.58496196
GA,Hart,15.58496196
GA,Heard,15.58496196
GA,Henry,15.58496196
GA,Houston,15.58496196
GA,Irwin,15.58496196
GA,Jackson,15.58496196
GA,Jasper,15.58496196
GA,Jeff Davis,15.58496196
GA,Jefferson,15.58496196
GA,Jenkins,15.58496196
GA,Johnson,15.58496196
GA,Jones,15.58496196
GA,Lamar,15.58496196
GA,Lanier,15.58496196
GA,Laurens,15.58496196
GA,Lee,15.58496196
GA,Liberty,15.58496196
GA,Lincoln,15.58496196
GA,Long,15.58496196
GA,Lowndes,15.58496196
GA,Lumpkin,15.58496196
GA,McDuffie,15.58496196
GA,McIntosh,15.58496196
GA,Macon,15.58496196
GA,Madison,15.58496196
GA,Marion,15.58496196
GA,Meriwether,15.58496196
GA,Miller,15.58496196
GA,Mitchell,15.58496196
GA,Monroe,15.58496196
GA,Montgomery,15.58496196
GA,Morgan,15.58496196
GA,Murray,15.58496196
GA,Muscogee,15.58496196
GA,Newton,15.58496196
GA,Oconee,15.58496196
GA,Oglethorpe,15.58496196
GA,Paulding,15.58496196
GA,Peach,15.58496196
GA,Pickens,15.58496196
GA,Pierce,15.58496196
GA,Pike,15.58496196
GA,Polk,15.58496196
GA,Pulaski,15.58496196
GA,Putnam,15.58496196
GA,Quitman,15.58496196
GA,Rabun,15.58496196
GA,Randolph,15.58496196
GA,Richmond,15.58496196
GA,Rockdale,15.58496196
GA,Schley,15.58496196
GA,Screven,15.58496196
GA,Seminole,15.58496196
GA,Spalding,15.58496196
GA,Stephens,15.58496196
GA,Stewart,15.58496196
GA,Sumter,15.58496196
GA,Talbot,15.58496196
GA,Taliaferro,15.58496196
GA,Tattnall,15.58496196
GA,Taylor,15.58496196
GA,Telfair,15.58496196
GA,Terrell,15.58496196
GA,Thomas,15.58496196
GA,Tift,15.58496196
GA,Toombs,15.58496196
GA,Towns,15.58496196
GA,Treutlen,15.58496196
GA,Troup,15.58496196
GA,Turner,15.58496196
GA,Twiggs,15.58496196
GA,Union,15.58496196
GA,Upson,15.58496196
GA,Walker,15.58496196
GA,Walton,15.58496196
GA,Ware,15.58496196
GA,Warren,15.58496196
GA,Washington,15.58496196
GA,Wayne,15.58496196
GA,Webster,15.58496196
GA,Wheeler,15.58496196
GA,White,15.58496196
GA,Whitfield,15.58496196
GA,Wilcox,15.58496196
GA,Wilkes,15.58496196
GA,Wilkinson,15.58496196
GA,Worth,15.58496196
HI,Hawaii,11.8417163
HI,Honolulu,11.8417163
HI,Kalawao,11.8417163
HI,Kauai,11.8417163
HI,Maui,11.8417163
ID,Ada,9.974171146
ID,Adams,9.974171146
ID,Bannock,9.974171146
ID,Bear Lake,9.974171146
ID,Benewah,9.974171146
ID,Bingham,9.974171146
ID,Blaine,9.974171146
ID,Boise,9.974171146
ID,Bonner,9.974171146
ID,Bonneville,9.974171146
ID,Boundary,9.974171146
ID,Butte,9.974171146
ID,Camas,9.974171146
ID,Canyon,9.974171146
ID,Caribou,9.974171146
ID,Cassia,9.974171146
ID,Clark,9.974171146
ID,Clearwater,9.974171146
ID,Custer,9.974171146
ID,Elmore,9.974171146
ID,Franklin,9.974171146
ID,Fremont,9.974171146
ID,Gem,9.974171146
ID,Gooding,9.974171146
ID,Idaho,9.974171146
ID,Jefferson,9.974171146
ID,Jerome,9.974171146
ID,Kootenai,9.974171146
ID,Latah,9.974171146
ID,Lemhi,9.974171146
ID,Lewis,9.974171146
ID,Lincoln,9.974171146
ID,Madison,9.974171146
ID,Minidoka,9.974171146
ID,Nez Perce,9.974171146
ID,Oneida,9.974171146
ID,Owyhee,9.974171146
ID,Payette,9.974171146
ID,Power,9.974171146
ID,Shoshone,9.974171146
ID,Teton,9.974171146
ID,Twin Falls,9.974171146
ID,Valley,9.974171146
ID,Washington,9.974171146
IL,Adams,14.67361057
IL,Alexander,14.67361057
IL,Bond,14.67361057
IL,Boone,14.67361057
IL,Brown,14.67361057
IL,Bureau,14.67361057
IL,Calhoun,14.67361057
IL,Carroll,14.67361057
IL,Cass,14.67361057
IL,Champaign,14.67361057
IL,Christian,14.67361057
IL,Clark,14.67361057
IL,Clay,14.67361057
IL,Clinton,14.67361057
IL,Coles,14.67361057
IL,Cook,14.67361057
IL,Crawford,14.67361057
IL,Cumberland,14.67361057
IL,DeKalb,14.67361057
IL,De Witt,14.67361057
IL,Douglas,14.67361057
IL,DuPage,14.67361057
IL,Edgar,14.67361057
IL,Edwards,14.67361057
IL,Effingham,14.67361057
IL,Fayette,14.67361057
IL,Ford,14.67361057
IL,Franklin,14.67361057
IL,Fulton,14.67361057
IL,Gallatin,14.67361057
IL,Greene,14.67361057
IL,Grundy,14.67361057
IL,Hamilton,14.67361057
IL,Hancock,14.67361057
IL,Hardin,14.67361057
IL,Henderson,14.67361057
IL,Henry,14.67361057
IL,Iroquois,14.67361057
IL,Jackson,14.67361057
IL,Jasper,14.67361057
IL,Jefferson,14.67361057
IL,Jersey,14.67361057
IL,Jo Daviess,14.67361057
IL,Johnson,14.67361057
IL,Kane,14.67361057
IL,Kankakee,14.67361057
IL,Kendall,14.67361057
IL,Knox,14.67361057
IL,Lake,14.67361057
IL,LaSalle,14.67361057
IL,Lawrence,14.67361057
IL,Lee,14.67361057
IL,Livingston,14.67361057
IL,Logan,14.67361057
IL,McDonough,14.67361057
IL,McHenry,14.67361057
IL,McLean,14.67361057
IL,Macon,14.67361057
IL,Macoupin,14.67361057
IL,Madison,14.67361057
IL,Marion,14.67361057
IL,Marshall,14.67361057
IL,Mason,14.67361057
IL,Massac,14.67361057
IL,Menard,14.67361057
IL,Mercer,14.67361057
IL,Monroe,14.67361057
IL,Montgomery,14.67361057
IL,Morgan,14.67361057
IL,Moultrie,14.67361057
IL,Ogle,14.67361057
IL,Peoria,14.67361057
IL,Perry,14.67361057
IL,Piatt,14.67361057
IL,Pike,14.67361057
IL,Pope,14.67361057
IL,Pulaski,14.67361057
IL,Putnam,14.67361057
IL,Randolph,14.67361057
IL,Richland,14.67361057
IL,Rock Island,14.67361057
IL,St. Clair,14.67361057
IL,Saline,14.67361057
IL,Sangamon,14.67361057
IL,Schuyler,14.67361057
IL,Scott,14.67361057
IL,Shelby,14.67361057
IL,Stark,14.67361057
IL,Stephenson,14.67361057
IL,Tazewell,14.67361057
IL,Union,14.67361057
IL,Vermilion,14.67361057
IL,Wabash,14.67361057
IL,Warren,14.67361057
IL,Washington,14.67361057
IL,Wayne,14.67361057
IL,White,14.67361057
IL,Whiteside,14.67361057
IL,Will,14.67361057
IL,Williamson,14.67361057
IL,Winnebago,14.67361057
IL,Woodford,14.67361057
IN,Adams,10.07955619
IN,Allen,10.07955619
IN,Bartholomew,10.07955619
IN,Benton,10.07955619
IN,Blackford,10.07955619
IN,Boone,10.07955619
IN,Brown,10.07955619
IN,Carroll,10.07955619
IN,Cass,10.07955619
IN,Clark,10.07955619
IN,Clay,10.07955619
IN,Clinton,10.07955619
IN,Crawford,10.07955619
IN,Daviess,10.07955619
IN,Dearborn,10.07955619
IN,Decatur,10.07955619
IN,DeKalb,10.07955619
IN,Delaware,10.07955619
IN,Dubois,10.07955619
IN,Elkhart,10.07955619
IN,Fayette,10.07955619
IN,Floyd,10.07955619
IN,Fountain,10.07955619
IN,Franklin,10.07955619
IN,Fulton,10.07955619
IN,Gibson,10.07955619
IN,Grant,10.07955619
IN,Greene,10.07955619
IN,Hamilton,10.07955619
IN,Hancock,10.07955619
IN,Harrison,10.07955619
IN,Hendricks,10.07955619
IN,Henry,10.07955619
IN,Howard,10.07955619
IN,Huntington,10.07955619
IN,Jackson,10.07955619
IN,Jasper,10.07955619
IN,Jay,10.07955619
IN,Jefferson,10.07955619
IN,Jennings,10.07955619
IN,Johnson,10.07955619
IN,Knox,10.07955619
IN,Kosciusko,10.07955619
IN,LaGrange,10.07955619
IN,Lake,10.07955619
IN,LaPorte,10.07955619
IN,Lawrence,10.07955619
IN,Madison,10.07955619
IN,Marion,10.07955619
IN,Marshall,10.07955619
IN,Martin,10.07955619
IN,Miami,10.07955619
IN,Monroe,10.07955619
IN,Montgomery,10.07955619
IN,Morgan,10.07955619
IN,Newton,10.07955619
IN,Noble,10.07955619
IN,Ohio,10.07955619
IN,Orange,10.07955619
IN,Owen,10.07955619
IN,Parke,10.07955619
IN,Perry,10.07955619
IN,Pike,10.07955619
IN,Porter,10.07955619
IN,Posey,10.07955619
IN,Pulaski,10.07955619
IN,Putnam,10.07955619
IN,Randolph,10.07955619
IN,Ripley,10.07955619
IN,Rush,10.07955619
IN,St. Joseph,10.07955619
IN,Scott,10.07955619
IN,Shelby,10.07955619
IN,Spencer,10.07955619
IN,Starke,10.07955619
IN,Steuben,10.07955619
IN,Sullivan,10.07955619
IN,Switzerland,10.07955619
IN,Tippecanoe,10.07955619
IN,Tipton,10.07955619
IN,Union,10.07955619
IN,Vanderburgh,10.07955619
IN,Vermillion,10.07955619
IN,Vigo,10.07955619
IN,Wabash,10.07955619
IN,Warren,10.07955619
IN,Warrick,10.07955619
IN,Washington,10.07955619
IN,Wayne,10.07955619
IN,Wells,10.07955619
IN,White,10.07955619
IN,Whitley,10.07955619
IA,Adair,11.63147219
IA,Adams,11.63147219
IA,Allamakee,11.63147219
IA,Appanoose,11.63147219
IA,Audubon,11.63147219
IA,Benton,11.63147219
IA,Black Hawk,11.63147219
IA,Boone,11.63147219
IA,Bremer,11.63147219
IA,Buchanan,11.63147219
IA,Buena Vista,11.63147219
IA,Butler,11.63147219
IA,Calhoun,11.63147219
IA,Carroll,11.63147219
IA,Cass,11.63147219
IA,Cedar,11.63147219
IA,Cerro Gordo,11.63147219
IA,Cherokee,11.63147219
IA,Chickasaw,11.63147219
IA,Clarke,11.63147219
IA,Clay,11.63147219
IA,Clayton,11.63147219
IA,Clinton,11.63147219
IA,Crawford,11.63147219
IA,Dallas,11.63147219
IA,Davis,11.63147219
IA,Decatur,11.63147219
IA,Delaware,11.63147219
IA,Des Moines,11.63147219
IA,Dickinson,11.63147219
IA,Dubuque,11.63147219
IA,Emmet,11.63147219
IA,Fayette,11.63147219
IA,Floyd,11.63147219
IA,Franklin,11.63147219
IA,Fremont,11.63147219
IA,Greene,11.63147219
IA,Grundy,11.63147219
IA,Guthrie,11.63147219
IA,Hamilton,11.63147219
IA,Hancock,11.63147219
IA,Hardin,11.63147219
IA,Harrison,11.63147219
IA,Henry,11.63147219
IA,Howard,11.63147219
IA,Humboldt,11.63147219
IA,Ida,11.63147219
IA,Iowa,11.63147219
IA,Jackson,11.63147219
IA,Jasper,11.63147219
IA,Jefferson,11.63147219
IA,Johnson,11.63147219
IA,Jones,11.63147219
IA,Keokuk,11.63147219
IA,Kossuth,11.63147219
IA,Lee,11.63147219
IA,Linn,11.63147219
IA,Louisa,11.63147219
IA,Lucas,11.63147219
IA,Lyon,11.63147219
IA,Madison,11.63147219
IA,Mahaska,11.63147219
IA,Marion,11.63147219
IA,Marshall,11.63147219
IA,Mills,11.63147219
IA,Mitchell,11.63147219
IA,Monona,11.63147219
IA,Monroe,11.63147219
IA,Montgomery,11.63147219
IA,Muscatine,11.63147219
IA,O'Brien,11.63147219
IA,Osceola,11.63147219
IA,Page,11.63147219
IA,Palo Alto,11.63147219
IA,Plymouth,11.63147219
IA,Pocahontas,11.63147219
IA,Polk,11.63147219
IA,Pottawattamie,11.63147219
IA,Poweshiek,11.63147219
IA,Ringgold,11.63147219
IA,Sac,11.63147219
IA,Scott,11.63147219
IA,Shelby,11.63147219
IA,Sioux,11.63147219
IA,Story,11.63147219
IA,Tama,11.63147219
IA,Taylor,11.63147219
IA,Union,11.63147219
IA,Van Buren,11.63147219
IA,Wapello,11.63147219
IA,Warren,11.63147219
IA,Washington,11.63147219
IA,Wayne,11.63147219
IA,Webster,11.63147219
IA,Winnebago,11.63147219
IA,Winneshiek,11.63147219
IA,Woodbury,11.63147219
IA,Worth,11.63147219
IA,Wright,11.63147219
KS,Allen,8.024978691
KS,Anderson,8.024978691
KS,Atchison,8.024978691
KS,Barber,8.024978691
KS,Barton,8.024978691
KS,Bourbon,8.024978691
KS,Brown,8.024978691
KS,Butler,8.024978691
KS,Chase,8.024978691
KS,Chautauqua,8.024978691
KS,Cherokee,8.024978691
KS,Cheyenne,8.024978691
KS,Clark,8.024978691
KS,Clay,8.024978691
KS,Cloud,8.024978691
KS,Coffey,8.024978691
KS,Comanche,8.024978691
KS,Cowley,8.024978691
KS,Crawford,8.024978691
KS,Decatur,8.024978691
KS,Dickinson,8.024978691
KS,Doniphan,8.024978691
KS,Douglas,8.024978691
KS,Edwards,8.024978691
KS,Elk,8.024978691
KS,Ellis,8.024978691
KS,Ellsworth,8.024978691
KS,Finney,8.024978691
KS,Ford,8.024978691
KS,Franklin,8.024978691
KS,Geary,8.024978691
KS,Gove,8.024978691
KS,Graham,8.024978691
KS,Grant,8.024978691
KS,Gray,8.024978691
KS,Greeley,8.024978691
KS,Greenwood,8.024978691
KS,Hamilton,8.024978691
KS,Harper,8.024978691
KS,Harvey,8.024978691
KS,Haskell,8.024978691
KS,Hodgeman,8.024978691
KS,Jackson,8.024978691
KS,Jefferson,8.024978691
KS,Jewell,8.024978691
KS,Johnson,8.024978691
KS,Kearny,8.024978691
KS,Kingman,8.024978691
KS,Kiowa,8.024978691
KS,Labette,8.024978691
KS,Lane,8.024978691
KS,Leavenworth,8.024978691
KS,Lincoln,8.024978691
KS,Linn,8.024978691
KS,Logan,8.024978691
KS,Lyon,8.024978691
KS,McPherson,8.024978691
KS,Marion,8.024978691
KS,Marshall,8.024978691
KS,Meade,8.024978691
KS,Miami,8.024978691
KS,Mitchell,8.024978691
KS,Montgomery,8.024978691
KS,Morris,8.024978691
KS,Morton,8.024978691
KS,Nemaha,8.024978691
KS,Neosho,8.024978691
KS,Ness,8.024978691
KS,Norton,8.024978691
KS,Osage,8.024978691
KS,Osborne,8.024978691
KS,Ottawa,8.024978691
KS,Pawnee,8.024978691
KS,Phillips,8.024978691
KS,Pottawatomie,8.024978691
KS,Pratt,8.024978691
KS,Rawlins,8.024978691
KS,Reno,8.024978691
KS,Republic,8.024978691
KS,Rice,8.024978691
KS,Riley,8.024978691
KS,Rooks,8.024978691
KS,Rush,8.024978691
KS,Russell,8.024978691
KS,Saline,8.024978691
KS,Scott,8.024978691
KS,Sedgwick,8.024978691
KS,Seward,8.024978691
KS,Shawnee,8.024978691
KS,Sheridan,8.024978691
KS,Sherman,8.024978691
KS,Smith,8.024978691
KS,Stafford,8.024978691
KS,Stanton,8.024978691
KS,Stevens,8.024978691
KS,Sumner,8.024978691
KS,Thomas,8.024978691
KS,Trego,8.024978691
KS,Wabaunsee,8.024978691
KS,Wallace,8.024978691
KS,Washington,8.024978691
KS,Wichita,8.024978691
KS,Wilson,8.024978691
KS,Woodson,8.024978691
KS,Wyandotte,8.024978691
KY,Adair,14.70241272
KY,Allen,14.70241272
KY,Anderson,14.70241272
KY,Ballard,14.70241272
KY,Barren,14.70241272
KY,Bath,14.70241272
KY,Bell,14.70241272
KY,Boone,14.70241272
KY,Bourbon,14.70241272
KY,Boyd,14.70241272
KY,Boyle,14.70241272
KY,Bracken,14.70241272
KY,Breathitt,14.70241272
KY,Breckinridge,14.70241272
KY,Bullitt,14.70241272
KY,Butler,14.70241272
KY,Caldwell,14.70241272
KY,Calloway,14.70241272
KY,Campbell,14.70241272
KY,Carlisle,14.70241272
KY,Carroll,14.70241272
KY,Carter,14.70241272
KY,Casey,14.70241272
KY,Christian,14.70241272
KY,Clark,14.70241272
KY,Clay,14.70241272
KY,Clinton,14.70241272
KY,Crittenden,14.70241272
KY,Cumberland,14.70241272
KY,Daviess,14.70241272
KY,Edmonson,14.70241272
KY,Elliott,14.70241272
KY,Estill,14.70241272
KY,Fayette,14.70241272
KY,Fleming,14.70241272
KY,Floyd,14.70241272
KY,Franklin,14.70241272
KY,Fulton,14.70241272
KY,Gallatin,14.70241272
KY,Garrard,14.70241272
KY,Grant,14.70241272
KY,Graves,14.70241272
KY,Grayson,14.70241272
KY,Green,14.70241272
KY,Greenup,14.70241272
KY,Hancock,14.70241272
KY,Hardin,14.70241272
KY,Harlan,14.70241272
KY,Harrison,14.70241272
KY,Hart,14.70241272
KY,Henderson,14.70241272
KY,Henry,14.70241272
KY,Hickman,14.70241272
KY,Hopkins,14.70241272
KY,Jackson,14.70241272
KY,Jefferson,14.70241272
KY,Jessamine,14.70241272
KY,Johnson,14.70241272
KY,Kenton,14.70241272
KY,Knott,14.70241272
KY,Knox,14.70241272
KY,Larue,14.70241272
KY,Laurel,14.70241272
KY,Lawrence,14.70241272
KY,Lee,14.70241272
KY,Leslie,14.70241272
KY,Letcher,14.70241272
KY,Lewis,14.70241272
KY,Lincoln,14.70241272
KY,Livingston,14.70241272
KY,Logan,14.70241272
KY,Lyon,14.70241272
KY,McCracken,14.70241272
KY,McCreary,14.70241272
KY,McLean,14.70241272
KY,Madison,14.70241272
KY,Magoffin,14.70241272
KY,Marion,14.70241272
KY,Marshall,14.70241272
KY,Martin,14.70241272
KY,Mason,14.70241272
KY,Meade,14.70241272
KY,Menifee,14.70241272
KY,Mercer,14.70241272
KY,Metcalfe,14.70241272
KY,Monroe,14.70241272
KY,Montgomery,14.70241272
KY,Morgan,14.70241272
KY,Muhlenberg,14.70241272
KY,Nelson,14.70241272
KY,Nicholas,14.70241272
KY,Ohio,14.70241272
KY,Oldham,14.70241272
KY,Owen,14.70241272
KY,Owsley,14.70241272
KY,Pendleton,14.70241272
KY,Perry,14.70241272
KY,Pike,14.70241272
KY,Powell,14.70241272
KY,Pulaski,14.70241272
KY,Robertson,14.70241272
KY,Rockcastle,14.70241272
KY,Rowan,14.70241272
KY,Russell,14.70241272
KY,Scott,14.70241272
KY,Shelby,14.70241272
KY,Simpson,14.70241272
KY,Spencer,14.70241272
KY,Taylor,14.70241272
KY,Todd,14.70241272
KY,Trigg,14.70241272
KY,Trimble,14.70241272
KY,Union,14.70241272
KY,Warren,14.70241272
KY,Washington,14.70241272
KY,Wayne,14.70241272
KY,Webster,14.70241272
KY,Whitley,14.70241272
KY,Wolfe,14.70241272
KY,Woodford,14.70241272
LA,Acadia,19.83125275
LA,Allen,19.83125275
LA,Ascension,19.83125275
LA,Assumption,19.83125275
LA,Avoyelles,19.83125275
LA,Beauregard,19.83125275
LA,Bienville,19.83125275
LA,Bossier,19.83125275
LA,Caddo,19.83125275
LA,Calcasieu,19.83125275
LA,Caldwell,19.83125275
LA,Cameron,19.83125275
LA,Catahoula,19.83125275
LA,Claiborne,19.83125275
LA,Concordia,19.83125275
LA,De Soto,19.83125275
LA,East Baton Rouge,19.83125275
LA,East Carroll,19.83125275
LA,East Feliciana,19.83125275
LA,Evangeline,19.83125275
LA,Franklin,19.83125275
LA,Grant,19.83125275
LA,Iberia,19.83125275
LA,Iberville,19.83125275
LA,Jackson,19.83125275
LA,Jefferson,19.83125275
LA,Jefferson Davis,19.83125275
LA,Lafayette,19.83125275
LA,Lafourche,19.83125275
LA,La Salle,19.83125275
LA,Lincoln,19.83125275
LA,Livingston,19.83125275
LA,Madison,19.83125275
LA,Morehouse,19.83125275
LA,Natchitoches,19.83125275
LA,Orleans,19.83125275
LA,Ouachita,19.83125275
LA,Plaquemines,19.83125275
LA,Pointe Coupee,19.83125275
LA,Rapides,19.83125275
LA,Red River,19.83125275
LA,Richland,19.83125275
LA,Sabine,19.83125275
LA,St. Bernard,19.83125275
LA,St. Charles,19.83125275
LA,St. Helena,19.83125275
LA,St. James,19.83125275
LA,St. John the Baptist,19.83125275
LA,St. Landry,19.83125275
LA,St. Martin,19.83125275
LA,St. Mary,19.83125275
LA,St. Tammany,19.83125275
LA,Tangipahoa,19.83125275
LA,Tensas,19.83125275
LA,Terrebonne,19.83125275
LA,Union,19.83125275
LA,Vermilion,19.83125275
LA,Vernon,19.83125275
LA,Washington,19.83125275
LA,Webster,19.83125275
LA,West Baton Rouge,19.83125275
LA,West Carroll,19.83125275
LA,West Feliciana,19.83125275
LA,Winn,19.83125275
ME,Androscoggin,13.45409274
ME,Aroostook,13.45409274
ME,Cumberland,13.45409274
ME,Franklin,13.45409274
ME,Hancock,13.45409274
ME,Kennebec,13.45409274
ME,Knox,13.45409274
ME,Lincoln,13.45409274
ME,Oxford,13.45409274
ME,Penobscot,13.45409274
ME,Piscataquis,13.45409274
ME,Sagadahoc,13.45409274
ME,Somerset,13.45409274
ME,Waldo,13.45409274
ME,Washington,13.45409274
ME,York,13.45409274
MD,Allegany,11.30637648
MD,Anne Arundel,11.30637648
MD,Baltimore,11.30637648
MD,Calvert,11.30637648
MD,Caroline,11.30637648
MD,Carroll,11.30637648
MD,Cecil,11.30637648
MD,Charles,11.30637648
MD,Dorchester,11.30637648
MD,Frederick,11.30637648
MD,Garrett,11.30637648
MD,Harford,11.30637648
MD,Howard,11.30637648
MD,Kent,11.30637648
MD,Montgomery,11.30637648
MD,Prince George's,11.30637648
MD,Queen Anne's,11.30637648
MD,St. Mary's,11.30637648
MD,Somerset,11.30637648
MD,Talbot,11.30637648
MD,Washington,11.30637648
MD,Wicomico,11.30637648
MD,Worcester,11.30637648
MD,Baltimore,11.30637648
MA,Barnstable,11.16816032
MA,Berkshire,11.16816032
MA,Bristol,11.16816032
MA,Dukes,11.16816032
MA,Essex,11.16816032
MA,Franklin,11.16816032
MA,Hampden,11.16816032
MA,Hampshire,11.16816032
MA,Middlesex,11.16816032
MA,Nantucket,11.16816032
MA,Norfolk,11.16816032
MA,Plymouth,11.16816032
MA,Suffolk,11.16816032
MA,Worcester,11.16816032
MI,Alcona,13.80637652
MI,Alger,13.80637652
MI,Allegan,13.80637652
MI,Alpena,13.80637652
MI,Antrim,13.80637652
MI,Arenac,13.80637652
MI,Baraga,13.80637652
MI,Barry,13.80637652
MI,Bay,13.80637652
MI,Benzie,13.80637652
MI,Berrien,13.80637652
MI,Branch,13.80637652
MI,Calhoun,13.80637652
MI,Cass,13.80637652
MI,Charlevoix,13.80637652
MI,Cheboygan,13.80637652
MI,Chippewa,13.80637652
MI,Clare,13.80637652
MI,Clinton,13.80637652
MI,Crawford,13.80637652
MI,Delta,13.80637652
MI,Dickinson,13.80637652
MI,Eaton,13.80637652
MI,Emmet,13.80637652
MI,Genesee,13.80637652
MI,Gladwin,13.80637652
MI,Gogebic,13.80637652
MI,Grand Traverse,13.80637652
MI,Gratiot,13.80637652
MI,Hillsdale,13.80637652
MI,Houghton,13.80637652
MI,Huron,13.80637652
MI,Ingham,13.80637652
MI,Ionia,13.80637652
MI,Iosco,13.80637652
MI,Iron,13.80637652
MI,Isabella,13.80637652
MI,Jackson,13.80637652
MI,Kalamazoo,13.80637652
MI,Kalkaska,13.80637652
MI,Kent,13.80637652
MI,Keweenaw,13.80637652
MI,Lake,13.80637652
MI,Lapeer,13.80637652
MI,Leelanau,13.80637652
MI,Lenawee,13.80637652
MI,Livingston,13.80637652
MI,Luce,13.80637652
MI,Mackinac,13.80637652
MI,Macomb,13.80637652
MI,Manistee,13.80637652
MI,Marquette,13.80637652
MI,Mason,13.80637652
MI,Mecosta,13.80637652
MI,Menominee,13.80637652
MI,Midland,13.80637652
MI,Missaukee,13.80637652
MI,Monroe,13.80637652
MI,Montcalm,13.80637652
MI,Montmorency,13.80637652
MI,Muskegon,13.80637652
MI,Newaygo,13.80637652
MI,Oakland,13.80637652
MI,Oceana,13.80637652
MI,Ogemaw,13.80637652
MI,Ontonagon,13.80637652
MI,Osceola,13.80637652
MI,Oscoda,13.80637652
MI,Otsego,13.80637652
MI,Ottawa,13.80637652
MI,Presque Isle,13.80637652
MI,Roscommon,13.80637652
MI,Saginaw,13.80637652
MI,St. Clair,13.80637652
MI,St. Joseph,13.80637652
MI,Sanilac,13.80637652
MI,Schoolcraft,13.80637652
MI,Shiawassee,13.80637652
MI,Tuscola,13.80637652
MI,Van Buren,13.80637652
MI,Washtenaw,13.80637652
MI,Wayne,13.80637652
MI,Wexford,13.80637652
MN,Aitkin,8.133326674
MN,Anoka,8.133326674
MN,Becker,8.133326674
MN,Beltrami,8.133326674
MN,Benton,8.133326674
MN,Big Stone,8.133326674
MN,Blue Earth,8.133326674
MN,Brown,8.133326674
MN,Carlton,8.133326674
MN,Carver,8.133326674
MN,Cass,8.133326674
MN,Chippewa,8.133326674
MN,Chisago,8.133326674
MN,Clay,8.133326674
MN,Clearwater,8.133326674
MN,Cook,8.133326674
MN,Cottonwood,8.133326674
MN,Crow Wing,8.133326674
MN,Dakota,8.133326674
MN,Dodge,8.133326674
MN,Douglas,8.133326674
MN,Faribault,8.133326674
MN,Fillmore,8.133326674
MN,Freeborn,8.133326674
MN,Goodhue,8.133326674
MN,Grant,8.133326674
MN,Hennepin,8.133326674
MN,Houston,8.133326674
MN,Hubbard,8.133326674
MN,Isanti,8.133326674
MN,Itasca,8.133326674
MN,Jackson,8.133326674
MN,Kanabec,8.133326674
MN,Kandiyohi,8.133326674
MN,Kittson,8.133326674
MN,Koochiching,8.133326674
MN,Lac qui Parle,8.133326674
MN,Lake,8.133326674
MN,Lake of the Woods,8.133326674
MN,Le Sueur,8.133326674
MN,Lincoln,8.133326674
MN,Lyon,8.133326674
MN,McLeod,8.133326674
MN,Mahnomen,8.133326674
MN,Marshall,8.133326674
MN,Martin,8.133326674
MN,Meeker,8.133326674
MN,Mille Lacs,8.133326674
MN,Morrison,8.133326674
MN,Mower,8.133326674
MN,Murray,8.133326674
MN,Nicollet,8.133326674
MN,Nobles,8.133326674
MN,Norman,8.133326674
MN,Olmsted,8.133326674
MN,Otter Tail,8.133326674
MN,Pennington,8.133326674
MN,Pine,8.133326674
MN,Pipestone,8.133326674
MN,Polk,8.133326674
MN,Pope,8.133326674
MN,Ramsey,8.133326674
MN,Red Lake,8.133326674
MN,Redwood,8.133326674
MN,Renville,8.133326674
MN,Rice,8.133326674
MN,Rock,8.133326674
MN,Roseau,8.133326674
MN,St. Louis,8.133326674
MN,Scott,8.133326674
MN,Sherburne,8.133326674
MN,Sibley,8.133326674
MN,Stearns,8.133326674
MN,Steele,8.133326674
MN,Stevens,8.133326674
MN,Swift,8.133326674
MN,Todd,8.133326674
MN,Traverse,8.133326674
MN,Wabasha,8.133326674
MN,Wadena,8.133326674
MN,Waseca,8.133326674
MN,Washington,8.133326674
MN,Watonwan,8.133326674
MN,Wilkin,8.133326674
MN,Winona,8.133326674
MN,Wright,8.133326674
MN,Yellow Medicine,8.133326674
MS,Adams,18.00776895
MS,Alcorn,18.00776895
MS,Amite,18.00776895
MS,Attala,18.00776895
MS,Benton,18.00776895
MS,Bolivar,18.00776895
MS,Calhoun,18.00776895
MS,Carroll,18.00776895
MS,Chickasaw,18.00776895
MS,Choctaw,18.00776895
MS,Claiborne,18.00776895
MS,Clarke,18.00776895
MS,Clay,18.00776895
MS,Coahoma,18.00776895
MS,Copiah,18.00776895
MS,Covington,18.00776895
MS,DeSoto,18.00776895
MS,Forrest,18.00776895
MS,Franklin,18.00776895
MS,George,18.00776895
MS,Greene,18.00776895
MS,Grenada,18.00776895
MS,Hancock,18.00776895
MS,Harrison,18.00776895
MS,Hinds,18.00776895
MS,Holmes,18.00776895
MS,Humphreys,18.00776895
MS,Issaquena,18.00776895
MS,Itawamba,18.00776895
MS,Jackson,18.00776895
MS,Jasper,18.00776895
MS,Jefferson,18.00776895
MS,Jefferson Davis,18.00776895
MS,Jones,18.00776895
MS,Kemper,18.00776895
MS,Lafayette,18.00776895
MS,Lamar,18.00776895
MS,Lauderdale,18.00776895
MS,Lawrence,18.00776895
MS,Leake,18.00776895
MS,Lee,18.00776895
MS,Leflore,18.00776895
MS,Lincoln,18.00776895
MS,Lowndes,18.00776895
MS,Madison,18.00776895
MS,Marion,18.00776895
MS,Marshall,18.00776895
MS,Monroe,18.00776895
MS,Montgomery,18.00776895
MS,Neshoba,18.00776895
MS,Newton,18.00776895
MS,Noxubee,18.00776895
MS,Oktibbeha,18.00776895
MS,Panola,18.00776895
MS,Pearl River,18.00776895
MS,Perry,18.00776895
MS,Pike,18.00776895
MS,Pontotoc,18.00776895
MS,Prentiss,18.00776895
MS,Quitman,18.00776895
MS,Rankin,18.00776895
MS,Scott,18.00776895
MS,Sharkey,18.00776895
MS,Simpson,18.00776895
MS,Smith,18.00776895
MS,Stone,18.00776895
MS,Sunflower,18.00776895
MS,Tallahatchie,18.00776895
MS,Tate,18.00776895
MS,Tippah,18.00776895
MS,Tishomingo,18.00776895
MS,Tunica,18.00776895
MS,Union,18.00776895
MS,Walthall,18.00776895
MS,Warren,18.00776895
MS,Washington,18.00776895
MS,Wayne,18.00776895
MS,Webster,18.00776895
MS,Wilkinson,18.00776895
MS,Winston,18.00776895
MS,Yalobusha,18.00776895
MS,Yazoo,18.00776895
MO,Adair,12.41374326
MO,Andrew,12.41374326
MO,Atchison,12.41374326
MO,Audrain,12.41374326
MO,Barry,12.41374326
MO,Barton,12.41374326
MO,Bates,12.41374326
MO,Benton,12.41374326
MO,Bollinger,12.41374326
MO,Boone,12.41374326
MO,Buchanan,12.41374326
MO,Butler,12.41374326
MO,Caldwell,12.41374326
MO,Callaway,12.41374326
MO,Camden,12.41374326
MO,Cape Girardeau,12.41374326
MO,Carroll,12.41374326
MO,Carter,12.41374326
MO,Cass,12.41374326
MO,Cedar,12.41374326
MO,Chariton,12.41374326
MO,Christian,12.41374326
MO,Clark,12.41374326
MO,Clay,12.41374326
MO,Clinton,12.41374326
MO,Cole,12.41374326
MO,Cooper,12.41374326
MO,Crawford,12.41374326
MO,Dade,12.41374326
MO,Dallas,12.41374326
MO,Daviess,12.41374326
MO,DeKalb,12.41374326
MO,Dent,12.41374326
MO,Douglas,12.41374326
MO,Dunklin,12.41374326
MO,Franklin,12.41374326
MO,Gasconade,12.41374326
MO,Gentry,12.41374326
MO,Greene,12.41374326
MO,Grundy,12.41374326
MO,Harrison,12.41374326
MO,Henry,12.41374326
MO,Hickory,12.41374326
MO,Holt,12.41374326
MO,Howard,12.41374326
MO,Howell,12.41374326
MO,Iron,12.41374326
MO,Jackson,12.41374326
MO,Jasper,12.41374326
MO,Jefferson,12.41374326
MO,Johnson,12.41374326
MO,Knox,12.41374326
MO,Laclede,12.41374326
MO,Lafayette,12.41374326
MO,Lawrence,12.41374326
MO,Lewis,12.41374326
MO,Lincoln,12.41374326
MO,Linn,12.41374326
MO,Livingston,12.41374326
MO,McDonald,12.41374326
MO,Macon,12.41374326
MO,Madison,12.41374326
MO,Maries,12.41374326
MO,Marion,12.41374326
MO,Mercer,12.41374326
MO,Miller,12.41374326
MO,Mississippi,12.41374326
MO,Moniteau,12.41374326
MO,Monroe,12.41374326
MO,Montgomery,12.41374326
MO,Morgan,12.41374326
MO,New Madrid,12.41374326
MO,Newton,12.41374326
MO,Nodaway,12.41374326
MO,Oregon,12.41374326
MO,Osage,12.41374326
MO,Ozark,12.41374326
MO,Pemiscot,12.41374326
MO,Perry,12.41374326
MO,Pettis,12.41374326
MO,Phelps,12.41374326
MO,Pike,12.41374326
MO,Platte,12.41374326
MO,Polk,12.41374326
MO,Pulaski,12.41374326
MO,Putnam,12.41374326
MO,Ralls,12.41374326
MO,Randolph,12.41374326
MO,Ray,12.41374326
MO,Reynolds,12.41374326
MO,Ripley,12.41374326
MO,St. Charles,12.41374326
MO,St. Clair,12.41374326
MO,Ste. Genevieve,12.41374326
MO,St. Francois,12.41374326
MO,St. Louis,12.41374326
MO,Saline,12.41374326
MO,Schuyler,12.41374326
MO,Scotland,12.41374326
MO,Scott,12.41374326
MO,Shannon,12.41374326
MO,Shelby,12.41374326
MO,Stoddard,12.41374326
MO,Stone,12.41374326
MO,Sullivan,12.41374326
MO,Taney,12.41374326
MO,Texas,12.41374326
MO,Vernon,12.41374326
MO,Warren,12.41374326
MO,Washington,12.41374326
MO,Wayne,12.41374326
MO,Webster,12.41374326
MO,Worth,12.41374326
MO,Wright,12.41374326
MO,St. Louis,12.41374326
MT,Beaverhead,11.5077873
MT,Big Horn,11.5077873
MT,Blaine,11.5077873
MT,Broadwater,11.5077873
MT,Carbon,11.5077873
MT,Carter,11.5077873
MT,Cascade,11.5077873
MT,Chouteau,11.5077873
MT,Custer,11.5077873
MT,Daniels,11.5077873
MT,Dawson,11.5077873
MT,Deer Lodge,11.5077873
MT,Fallon,11.5077873
MT,Fergus,11.5077873
MT,Flathead,11.5077873
MT,Gallatin,11.5077873
MT,Garfield,11.5077873
MT,Glacier,11.5077873
MT,Golden Valley,11.5077873
MT,Granite,11.5077873
MT,Hill,11.5077873
MT,Jefferson,11.5077873
MT,Judith Basin,11.5077873
MT,Lake,11.5077873
MT,Lewis and Clark,11.5077873
MT,Liberty,11.5077873
MT,Lincoln,11.5077873
MT,McCone,11.5077873
MT,Madison,11.5077873
MT,Meagher,11.5077873
MT,Mineral,11.5077873
MT,Missoula,11.5077873
MT,Musselshell,11.5077873
MT,Park,11.5077873
MT,Petroleum,11.5077873
MT,Phillips,11.5077873
MT,Pondera,11.5077873
MT,Powder River,11.5077873
MT,Powell,11.5077873
MT,Prairie,11.5077873
MT,Ravalli,11.5077873
MT,Richland,11.5077873
MT,Roosevelt,11.5077873
MT,Rosebud,11.5077873
MT,Sanders,11.5077873
MT,Sheridan,11.5077873
MT,Silver Bow,11.5077873
MT,Stillwater,11.5077873
MT,Sweet Grass,11.5077873
MT,Teton,11.5077873
MT,Toole,11.5077873
MT,Treasure,11.5077873
MT,Valley,11.5077873
MT,Wheatland,11.5077873
MT,Wibaux,11.5077873
MT,Yellowstone,11.5077873
NE,Adams,9.158422203
NE,Antelope,9.158422203
NE,Arthur,9.158422203
NE,Banner,9.158422203
NE,Blaine,9.158422203
NE,Boone,9.158422203
NE,Box Butte,9.158422203
NE,Boyd,9.158422203
NE,Brown,9.158422203
NE,Buffalo,9.158422203
NE,Burt,9.158422203
NE,Butler,9.158422203
NE,Cass,9.158422203
NE,Cedar,9.158422203
NE,Chase,9.158422203
NE,Cherry,9.158422203
NE,Cheyenne,9.158422203
NE,Clay,9.158422203
NE,Colfax,9.158422203
NE,Cuming,9.158422203
NE,Custer,9.158422203
NE,Dakota,9.158422203
NE,Dawes,9.158422203
NE,Dawson,9.158422203
NE,Deuel,9.158422203
NE,Dixon,9.158422203
NE,Dodge,9.158422203
NE,Douglas,9.158422203
NE,Dundy,9.158422203
NE,Fillmore,9.158422203
NE,Franklin,9.158422203
NE,Frontier,9.158422203
NE,Furnas,9.158422203
NE,Gage,9.158422203
NE,Garden,9.158422203
NE,Garfield,9.158422203
NE,Gosper,9.158422203
NE,Grant,9.158422203
NE,Greeley,9.158422203
NE,Hall,9.158422203
NE,Hamilton,9.158422203
NE,Harlan,9.158422203
NE,Hayes,9.158422203
NE,Hitchcock,9.158422203
NE,Holt,9.158422203
NE,Hooker,9.158422203
NE,Howard,9.158422203
NE,Jefferson,9.158422203
NE,Johnson,9.158422203
NE,Kearney,9.158422203
NE,Keith,9.158422203
NE,Keya Paha,9.158422203
NE,Kimball,9.158422203
NE,Knox,9.158422203
NE,Lancaster,9.158422203
NE,Lincoln,9.158422203
NE,Logan,9.158422203
NE,Loup,9.158422203
NE,McPherson,9.158422203
NE,Madison,9.158422203
NE,Merrick,9.158422203
NE,Morrill,9.158422203
NE,Nance,9.158422203
NE,Nemaha,9.158422203
NE,Nuckolls,9.158422203
NE,Otoe,9.158422203
NE,Pawnee,9.158422203
NE,Perkins,9.158422203
NE,Phelps,9.158422203
NE,Pierce,9.158422203
NE,Platte,9.158422203
NE,Polk,9.158422203
NE,Red Willow,9.158422203
NE,Richardson,9.158422203
NE,Rock,9.158422203
NE,Saline,9.158422203
NE,Sarpy,9.158422203
NE,Saunders,9.158422203
NE,Scotts Bluff,9.158422203
NE,Seward,9.158422203
NE,Sheridan,9.158422203
NE,Sherman,9.158422203
NE,Sioux,9.158422203
NE,Stanton,9.158422203
NE,Thayer,9.158422203
NE,Thomas,9.158422203
NE,Thurston,9.158422203
NE,Valley,9.158422203
NE,Washington,9.158422203
NE,Wayne,9.158422203
NE,Webster,9.158422203
NE,Wheeler,9.158422203
NE,York,9.158422203
NV,Churchill,14.69673454
NV,Clark,14.69673454
NV,Douglas,14.69673454
NV,Elko,14.69673454
NV,Esmeralda,14.69673454
NV,Eureka,14.69673454
NV,Humboldt,14.69673454
NV,Lander,14.69673454
NV,Lincoln,14.69673454
NV,Lyon,14.69673454
NV,Mineral,14.69673454
NV,Nye,14.69673454
NV,Pershing,14.69673454
NV,Storey,14.69673454
NV,Washoe,14.69673454
NV,White Pine,14.69673454
NV,Carson City,14.69673454
NH,Belknap,6.885383346
NH,Carroll,6.885383346
NH,Cheshire,6.885383346
NH,Coos,6.885383346
NH,Grafton,6.885383346
NH,Hillsborough,6.885383346
NH,Merrimack,6.885383346
NH,Rockingham,6.885383346
NH,Strafford,6.885383346
NH,Sullivan,6.885383346
NJ,Atlantic,9.082962307
NJ,Bergen,9.082962307
NJ,Burlington,9.082962307
NJ,Camden,9.082962307
NJ,Cape May,9.082962307
NJ,Cumberland,9.082962307
NJ,Essex,9.082962307
NJ,Gloucester,9.082962307
NJ,Hudson,9.082962307
NJ,Hunterdon,9.082962307
NJ,Mercer,9.082962307
NJ,Middlesex,9.082962307
NJ,Monmouth,9.082962307
NJ,Morris,9.082962307
NJ,Ocean,9.082962307
NJ,Passaic,9.082962307
NJ,Salem,9.082962307
NJ,Somerset,9.082962307
NJ,Sussex,9.082962307
NJ,Union,9.082962307
NJ,Warren,9.082962307
NM,Bernalillo,22.05547866
NM,Catron,22.05547866
NM,Chaves,22.05547866
NM,Cibola,22.05547866
NM,Colfax,22.05547866
NM,Curry,22.05547866
NM,De Baca,22.05547866
NM,Doña Ana,22.05547866
NM,Eddy,22.05547866
NM,Grant,22.05547866
NM,Guadalupe,22.05547866
NM,Harding,22.05547866
NM,Hidalgo,22.05547866
NM,Lea,22.05547866
NM,Lincoln,22.05547866
NM,Los Alamos,22.05547866
NM,Luna,22.05547866
NM,McKinley,22.05547866
NM,Mora,22.05547866
NM,Otero,22.05547866
NM,Quay,22.05547866
NM,Rio Arriba,22.05547866
NM,Roosevelt,22.05547866
NM,Sandoval,22.05547866
NM,San Juan,22.05547866
NM,San Miguel,22.05547866
NM,Santa Fe,22.05547866
NM,Sierra,22.05547866
NM,Socorro,22.05547866
NM,Taos,22.05547866
NM,Torrance,22.05547866
NM,Union,22.05547866
NM,Valencia,22.05547866
NY,Albany,14.66489741
NY,Allegany,14.66489741
NY,Bronx,14.66489741
NY,Broome,14.66489741
NY,Cattaraugus,14.66489741
NY,Cayuga,14.66489741
NY,Chautauqua,14.66489741
NY,Chemung,14.66489741
NY,Chenango,14.66489741
NY,Clinton,14.66489741
NY,Columbia,14.66489741
NY,Cortland,14.66489741
NY,Delaware,14.66489741
NY,Dutchess,14.66489741
NY,Erie,14.66489741
NY,Essex,14.66489741
NY,Franklin,14.66489741
NY,Fulton,14.66489741
NY,Genesee,14.66489741
NY,Greene,14.66489741
NY,Hamilton,14.66489741
NY,Herkimer,14.66489741
NY,Jefferson,14.66489741
NY,Kings,14.66489741
NY,Lewis,14.66489741
NY,Livingston,14.66489741
NY,Madison,14.66489741
NY,Monroe,14.66489741
NY,Montgomery,14.66489741
NY,Nassau,14.66489741
NY,New York,14.66489741
NY,Niagara,14.66489741
NY,Oneida,14.66489741
NY,Onondaga,14.66489741
NY,Ontario,14.66489741
NY,Orange,14.66489741
NY,Orleans,14.66489741
NY,Oswego,14.66489741
NY,Otsego,14.66489741
NY,Putnam,14.66489741
NY,Queens,14.66489741
NY,Rensselaer,14.66489741
NY,Richmond,14.66489741
NY,Rockland,14.66489741
NY,St. Lawrence,14.66489741
NY,Saratoga,14.66489741
NY,Schenectady,14.66489741
NY,Schoharie,14.66489741
NY,Schuyler,14.66489741
NY,Seneca,14.66489741
NY,Steuben,14.66489741
NY,Suffolk,14.66489741
NY,Sullivan,14.66489741
NY,Tioga,14.66489741
NY,Tompkins,14.66489741
NY,Ulster,14.66489741
NY,Warren,14.66489741
NY,Washington,14.66489741
NY,Wayne,14.66489741
NY,Westchester,14.66489741
NY,Wyoming,14.66489741
NY,Yates,14.66489741
NC,Alamance,13.2905527
NC,Alexander,13.2905527
NC,Alleghany,13.2905527
NC,Anson,13.2905527
NC,Ashe,13.2905527
NC,Avery,13.2905527
NC,Beaufort,13.2905527
NC,Bertie,13.2905527
NC,Bladen,13.2905527
NC,Brunswick,13.2905527
NC,Buncombe,13.2905527
NC,Burke,13.2905527
NC,Cabarrus,13.2905527
NC,Caldwell,13.2905527
NC,Camden,13.2905527
NC,Carteret,13.2905527
NC,Caswell,13.2905527
NC,Catawba,13.2905527
NC,Chatham,13.2905527
NC,Cherokee,13.2905527
NC,Chowan,13.2905527
NC,Clay,13.2905527
NC,Cleveland,13.2905527
NC,Columbus,13.2905527
NC,Craven,13.2905527
NC,Cumberland,13.2905527
NC,Currituck,13.2905527
NC,Dare,13.2905527
NC,Davidson,13.2905527
NC,Davie,13.2905527
NC,Duplin,13.2905527
NC,Durham,13.2905527
NC,Edgecombe,13.2905527
NC,Forsyth,13.2905527
NC,Franklin,13.2905527
NC,Gaston,13.2905527
NC,Gates,13.2905527
NC,Graham,13.2905527
NC,Granville,13.2905527
NC,Greene,13.2905527
NC,Guilford,13.2905527
NC,Halifax,13.2905527
NC,Harnett,13.2905527
NC,Haywood,13.2905527
NC,Henderson,13.2905527
NC,Hertford,13.2905527
NC,Hoke,13.2905527
NC,Hyde,13.2905527
NC,Iredell,13.2905527
NC,Jackson,13.2905527
NC,Johnston,13.2905527
NC,Jones,13.2905527
NC,Lee,13.2905527
NC,Lenoir,13.2905527
NC,Lincoln,13.2905527
NC,McDowell,13.2905527
NC,Macon,13.2905527
NC,Madison,13.2905527
NC,Martin,13.2905527
NC,Mecklenburg,13.2905527
NC,Mitchell,13.2905527
NC,Montgomery,13.2905527
NC,Moore,13.2905527
NC,Nash,13.2905527
NC,New Hanover,13.2905527
NC,Northampton,13.2905527
NC,Onslow,13.2905527
NC,Orange,13.2905527
NC,Pamlico,13.2905527
NC,Pasquotank,13.2905527
NC,Pender,13.2905527
NC,Perquimans,13.2905527
NC,Person,13.2905527
NC,Pitt,13.2905527
NC,Polk,13.2905527
NC,Randolph,13.2905527
NC,Richmond,13.2905527
NC,Robeson,13.2905527
NC,Rockingham,13.2905527
NC,Rowan,13.2905527
NC,Rutherford,13.2905527
NC,Sampson,13.2905527
NC,Scotland,13.2905527
NC,Stanly,13.2905527
NC,Stokes,13.2905527
NC,Surry,13.2905527
NC,Swain,13.2905527
NC,Transylvania,13.2905527
NC,Tyrrell,13.2905527
NC,Union,13.2905527
NC,Vance,13.2905527
NC,Wake,13.2905527
NC,Warren,13.2905527
NC,Washington,13.2905527
NC,Watauga,13.2905527
NC,Wayne,13.2905527
NC,Wilkes,13.2905527
NC,Wilson,13.2905527
NC,Yadkin,13.2905527
NC,Yancey,13.2905527
ND,Adams,7.1152698
ND,Barnes,7.1152698
ND,Benson,7.1152698
ND,Billings,7.1152698
ND,Bottineau,7.1152698
ND,Bowman,7.1152698
ND,Burke,7.1152698
ND,Burleigh,7.1152698
ND,Cass,7.1152698
ND,Cavalier,7.1152698
ND,Dickey,7.1152698
ND,Divide,7.1152698
ND,Dunn,7.1152698
ND,Eddy,7.1152698
ND,Emmons,7.1152698
ND,Foster,7.1152698
ND,Golden Valley,7.1152698
ND,Grand Forks,7.1152698
ND,Grant,7.1152698
ND,Griggs,7.1152698
ND,Hettinger,7.1152698
ND,Kidder,7.1152698
ND,LaMoure,7.1152698
ND,Logan,7.1152698
ND,McHenry,7.1152698
ND,McIntosh,7.1152698
ND,McKenzie,7.1152698
ND,McLean,7.1152698
ND,Mercer,7.1152698
ND,Morton,7.1152698
ND,Mountrail,7.1152698
ND,Nelson,7.1152698
ND,Oliver,7.1152698
ND,Pembina,7.1152698
ND,Pierce,7.1152698
ND,Ramsey,7.1152698
ND,Ransom,7.1152698
ND,Renville,7.1152698
ND,Richland,7.1152698
ND,Rolette,7.1152698
ND,Sargent,7.1152698
ND,Sheridan,7.1152698
ND,Sioux,7.1152698
ND,Slope,7.1152698
ND,Stark,7.1152698
ND,Steele,7.1152698
ND,Stutsman,7.1152698
ND,Towner,7.1152698
ND,Traill,7.1152698
ND,Walsh,7.1152698
ND,Ward,7.1152698
ND,Wells,7.1152698
ND,Williams,7.1152698
OH,Adams,12.88142736
OH,Allen,12.88142736
OH,Ashland,12.88142736
OH,Ashtabula,12.88142736
OH,Athens,12.88142736
OH,Auglaize,12.88142736
OH,Belmont,12.88142736
OH,Brown,12.88142736
OH,Butler,12.88142736
OH,Carroll,12.88142736
OH,Champaign,12.88142736
OH,Clark,12.88142736
OH,Clermont,12.88142736
OH,Clinton,12.88142736
OH,Columbiana,12.88142736
OH,Coshocton,12.88142736
OH,Crawford,12.88142736
OH,Cuyahoga,12.88142736
OH,Darke,12.88142736
OH,Defiance,12.88142736
OH,Delaware,12.88142736
OH,Erie,12.88142736
OH,Fairfield,12.88142736
OH,Fayette,12.88142736
OH,Franklin,12.88142736
OH,Fulton,12.88142736
OH,Gallia,12.88142736
OH,Geauga,12.88142736
OH,Greene,12.88142736
OH,Guernsey,12.88142736
OH,Hamilton,12.88142736
OH,Hancock,12.88142736
OH,Hardin,12.88142736
OH,Harrison,12.88142736
OH,Henry,12.88142736
OH,Highland,12.88142736
OH,Hocking,12.88142736
OH,Holmes,12.88142736
OH,Huron,12.88142736
OH,Jackson,12.88142736
OH,Jefferson,12.88142736
OH,Knox,12.88142736
OH,Lake,12.88142736
OH,Lawrence,12.88142736
OH,Licking,12.88142736
OH,Logan,12.88142736
OH,Lorain,12.88142736
OH,Lucas,12.88142736
OH,Madison,12.88142736
OH,Mahoning,12.88142736
OH,Marion,12.88142736
OH,Medina,12.88142736
OH,Meigs,12.88142736
OH,Mercer,12.88142736
OH,Miami,12.88142736
OH,Monroe,12.88142736
OH,Montgomery,12.88142736
OH,Morgan,12.88142736
OH,Morrow,12.88142736
OH,Muskingum,12.88142736
OH,Noble,12.88142736
OH,Ottawa,12.88142736
OH,Paulding,12.88142736
OH,Perry,12.88142736
OH,Pickaway,12.88142736
OH,Pike,12.88142736
OH,Portage,12.88142736
OH,Preble,12.88142736
OH,Putnam,12.88142736
OH,Richland,12.88142736
OH,Ross,12.88142736
OH,Sandusky,12.88142736
OH,Scioto,12.88142736
OH,Seneca,12.88142736
OH,Shelby,12.88142736
OH,Stark,12.88142736
OH,Summit,12.88142736
OH,Trumbull,12.88142736
OH,Tuscarawas,12.88142736
OH,Union,12.88142736
OH,Van Wert,12.88142736
OH,Vinton,12.88142736
OH,Warren,12.88142736
OH,Washington,12.88142736
OH,Wayne,12.88142736
OH,Williams,12.88142736
OH,Wood,12.88142736
OH,Wyandot,12.88142736
OK,Adair,15.36293717
OK,Alfalfa,15.36293717
OK,Atoka,15.36293717
OK,Beaver,15.36293717
OK,Beckham,15.36293717
OK,Blaine,15.36293717
OK,Bryan,15.36293717
OK,Caddo,15.36293717
OK,Canadian,15.36293717
OK,Carter,15.36293717
OK,Cherokee,15.36293717
OK,Choctaw,15.36293717
OK,Cimarron,15.36293717
OK,Cleveland,15.36293717
OK,Coal,15.36293717
OK,Comanche,15.36293717
OK,Cotton,15.36293717
OK,Craig,15.36293717
OK,Creek,15.36293717
OK,Custer,15.36293717
OK,Delaware,15.36293717
OK,Dewey,15.36293717
OK,Ellis,15.36293717
OK,Garfield,15.36293717
OK,Garvin,15.36293717
OK,Grady,15.36293717
OK,Grant,15.36293717
OK,Greer,15.36293717
OK,Harmon,15.36293717
OK,Harper,15.36293717
OK,Haskell,15.36293717
OK,Hughes,15.36293717
OK,Jackson,15.36293717
OK,Jefferson,15.36293717
OK,Johnston,15.36293717
OK,Kay,15.36293717
OK,Kingfisher,15.36293717
OK,Kiowa,15.36293717
OK,Latimer,15.36293717
OK,Le Flore,15.36293717
OK,Lincoln,15.36293717
OK,Logan,15.36293717
OK,Love,15.36293717
OK,McClain,15.36293717
OK,McCurtain,15.36293717
OK,McIntosh,15.36293717
OK,Major,15.36293717
OK,Marshall,15.36293717
OK,Mayes,15.36293717
OK,Murray,15.36293717
OK,Muskogee,15.36293717
OK,Noble,15.36293717
OK,Nowata,15.36293717
OK,Okfuskee,15.36293717
OK,Oklahoma,15.36293717
OK,Okmulgee,15.36293717
OK,Osage,15.36293717
OK,Ottawa,15.36293717
OK,Pawnee,15.36293717
OK,Payne,15.36293717
OK,Pittsburg,15.36293717
OK,Pontotoc,15.36293717
OK,Pottawatomie,15.36293717
OK,Pushmataha,15.36293717
OK,Roger Mills,15.36293717
OK,Rogers,15.36293717
OK,Seminole,15.36293717
OK,Sequoyah,15.36293717
OK,Stephens,15.36293717
OK,Texas,15.36293717
OK,Tillman,15.36293717
OK,Tulsa,15.36293717
OK,Wagoner,15.36293717
OK,Washington,15.36293717
OK,Washita,15.36293717
OK,Woods,15.36293717
OK,Woodward,15.36293717
OR,Baker,16.4303014
OR,Benton,16.4303014
OR,Clackamas,16.4303014
OR,Clatsop,16.4303014
OR,Columbia,16.4303014
OR,Coos,16.4303014
OR,Crook,16.4303014
OR,Curry,16.4303014
OR,Deschutes,16.4303014
OR,Douglas,16.4303014
OR,Gilliam,16.4303014
OR,Grant,16.4303014
OR,Harney,16.4303014
OR,Hood River,16.4303014
OR,Jackson,16.4303014
OR,Jefferson,16.4303014
OR,Josephine,16.4303014
OR,Klamath,16.4303014
OR,Lake,16.4303014
OR,Lane,16.4303014
OR,Lincoln,16.4303014
OR,Linn,16.4303014
OR,Malheur,16.4303014
OR,Marion,16.4303014
OR,Morrow,16.4303014
OR,Multnomah,16.4303014
OR,Polk,16.4303014
OR,Sherman,16.4303014
OR,Tillamook,16.4303014
OR,Umatilla,16.4303014
OR,Union,16.4303014
OR,Wallowa,16.4303014
OR,Wasco,16.4303014
OR,Washington,16.4303014
OR,Wheeler,16.4303014
OR,Yamhill,16.4303014
PA,Adams,14.39178289
PA,Allegheny,14.39178289
PA,Armstrong,14.39178289
PA,Beaver,14.39178289
PA,Bedford,14.39178289
PA,Berks,14.39178289
PA,Blair,14.39178289
PA,Bradford,14.39178289
PA,Bucks,14.39178289
PA,Butler,14.39178289
PA,Cambria,14.39178289
PA,Cameron,14.39178289
PA,Carbon,14.39178289
PA,Centre,14.39178289
PA,Chester,14.39178289
PA,Clarion,14.39178289
PA,Clearfield,14.39178289
PA,Clinton,14.39178289
PA,Columbia,14.39178289
PA,Crawford,14.39178289
PA,Cumberland,14.39178289
PA,Dauphin,14.39178289
PA,Delaware,14.39178289
PA,Elk,14.39178289
PA,Erie,14.39178289
PA,Fayette,14.39178289
PA,Forest,14.39178289
PA,Franklin,14.39178289
PA,Fulton,14.39178289
PA,Greene,14.39178289
PA,Huntingdon,14.39178289
PA,Indiana,14.39178289
PA,Jefferson,14.39178289
PA,Juniata,14.39178289
PA,Lackawanna,14.39178289
PA,Lancaster,14.39178289
PA,Lawrence,14.39178289
PA,Lebanon,14.39178289
PA,Lehigh,14.39178289
PA,Luzerne,14.39178289
PA,Lycoming,14.39178289
PA,McKean,14.39178289
PA,Mercer,14.39178289
PA,Mifflin,14.39178289
PA,Monroe,14.39178289
PA,Montgomery,14.39178289
PA,Montour,14.39178289
PA,Northampton,14.39178289
PA,Northumberland,14.39178289
PA,Perry,14.39178289
PA,Philadelphia,14.39178289
PA,Pike,14.39178289
PA,Potter,14.39178289
PA,Schuylkill,14.39178289
PA,Snyder,14.39178289
PA,Somerset,14.39178289
PA,Sullivan,14.39178289
PA,Susquehanna,14.39178289
PA,Tioga,14.39178289
PA,Union,14.39178289
PA,Venango,14.39178289
PA,Warren,14.39178289
PA,Washington,14.39178289
PA,Wayne,14.39178289
PA,Westmoreland,14.39178289
PA,Wyoming,14.39178289
PA,York,14.39178289
RI,Bristol,15.92860084
RI,Kent,15.92860084
RI,Newport,15.92860084
RI,Providence,15.92860084
RI,Washington,15.92860084
SC,Abbeville,14.32970654
SC,Aiken,14.32970654
SC,Allendale,14.32970654
SC,Anderson,14.32970654
SC,Bamberg,14.32970654
SC,Barnwell,14.32970654
SC,Beaufort,14.32970654
SC,Berkeley,14.32970654
SC,Calhoun,14.32970654
SC,Charleston,14.32970654
SC,Cherokee,14.32970654
SC,Chester,14.32970654
SC,Chesterfield,14.32970654
SC,Clarendon,14.32970654
SC,Colleton,14.32970654
SC,Darlington,14.32970654
SC,Dillon,14.32970654
SC,Dorchester,14.32970654
SC,Edgefield,14.32970654
SC,Fairfield,14.32970654
SC,Florence,14.32970654
SC,Georgetown,14.32970654
SC,Greenville,14.32970654
SC,Greenwood,14.32970654
SC,Hampton,14.32970654
SC,Horry,14.32970654
SC,Jasper,14.32970654
SC,Kershaw,14.32970654
SC,Lancaster,14.32970654
SC,Laurens,14.32970654
SC,Lee,14.32970654
SC,Lexington,14.32970654
SC,McCormick,14.32970654
SC,Marion,14.32970654
SC,Marlboro,14.32970654
SC,Newberry,14.32970654
SC,Oconee,14.32970654
SC,Orangeburg,14.32970654
SC,Pickens,14.32970654
SC,Richland,14.32970654
SC,Saluda,14.32970654
SC,Spartanburg,14.32970654
SC,Sumter,14.32970654
SC,Union,14.32970654
SC,Williamsburg,14.32970654
SC,York,14.32970654
SD,Aurora,10.72348465
SD,Beadle,10.72348465
SD,Bennett,10.72348465
SD,Bon Homme,10.72348465
SD,Brookings,10.72348465
SD,Brown,10.72348465
SD,Brule,10.72348465
SD,Buffalo,10.72348465
SD,Butte,10.72348465
SD,Campbell,10.72348465
SD,Charles Mix,10.72348465
SD,Clark,10.72348465
SD,Clay,10.72348465
SD,Codington,10.72348465
SD,Corson,10.72348465
SD,Custer,10.72348465
SD,Davison,10.72348465
SD,Day,10.72348465
SD,Deuel,10.72348465
SD,Dewey,10.72348465
SD,Douglas,10.72348465
SD,Edmunds,10.72348465
SD,Fall River,10.72348465
SD,Faulk,10.72348465
SD,Grant,10.72348465
SD,Gregory,10.72348465
SD,Haakon,10.72348465
SD,Hamlin,10.72348465
SD,Hand,10.72348465
SD,Hanson,10.72348465
SD,Harding,10.72348465
SD,Hughes,10.72348465
SD,Hutchinson,10.72348465
SD,Hyde,10.72348465
SD,Jackson,10.72348465
SD,Jerauld,10.72348465
SD,Jones,10.72348465
SD,Kingsbury,10.72348465
SD,Lake,10.72348465
SD,Lawrence,10.72348465
SD,Lincoln,10.72348465
SD,Lyman,10.72348465
SD,McCook,10.72348465
SD,McPherson,10.72348465
SD,Marshall,10.72348465
SD,Meade,10.72348465
SD,Mellette,10.72348465
SD,Miner,10.72348465
SD,Minnehaha,10.72348465
SD,Moody,10.72348465
SD,Pennington,10.72348465
SD,Perkins,10.72348465
SD,Potter,10.72348465
SD,Roberts,10.72348465
SD,Sanborn,10.72348465
SD,Shannon,10.72348465
SD,Spink,10.72348465
SD,Stanley,10.72348465
SD,Sully,10.72348465
SD,Todd,10.72348465
SD,Tripp,10.72348465
SD,Turner,10.72348465
SD,Union,10.72348465
SD,Walworth,10.72348465
SD,Yankton,10.72348465
SD,Ziebach,10.72348465
TN,Anderson,15.59053124
TN,Bedford,15.59053124
TN,Benton,15.59053124
TN,Bledsoe,15.59053124
TN,Blount,15.59053124
TN,Bradley,15.59053124
TN,Campbell,15.59053124
TN,Cannon,15.59053124
TN,Carroll,15.59053124
TN,Carter,15.59053124
TN,Cheatham,15.59053124
TN,Chester,15.59053124
TN,Claiborne,15.59053124
TN,Clay,15.59053124
TN,Cocke,15.59053124
TN,Coffee,15.59053124
TN,Crockett,15.59053124
TN,Cumberland,15.59053124
TN,Davidson,15.59053124
TN,Decatur,15.59053124
TN,DeKalb,15.59053124
TN,Dickson,15.59053124
TN,Dyer,15.59053124
TN,Fayette,15.59053124
TN,Fentress,15.59053124
TN,Franklin,15.59053124
TN,Gibson,15.59053124
TN,Giles,15.59053124
TN,Grainger,15.59053124
TN,Greene,15.59053124
TN,Grundy,15.59053124
TN,Hamblen,15.59053124
TN,Hamilton,15.59053124
TN,Hancock,15.59053124
TN,Hardeman,15.59053124
TN,Hardin,15.59053124
TN,Hawkins,15.59053124
TN,Haywood,15.59053124
TN,Henderson,15.59053124
TN,Henry,15.59053124
TN,Hickman,15.59053124
TN,Houston,15.59053124
TN,Humphreys,15.59053124
TN,Jackson,15.59053124
TN,Jefferson,15.59053124
TN,Johnson,15.59053124
TN,Knox,15.59053124
TN,Lake,15.59053124
TN,Lauderdale,15.59053124
TN,Lawrence,15.59053124
TN,Lewis,15.59053124
TN,Lincoln,15.59053124
TN,Loudon,15.59053124
TN,McMinn,15.59053124
TN,McNairy,15.59053124
TN,Macon,15.59053124
TN,Madison,15.59053124
TN,Marion,15.59053124
TN,Marshall,15.59053124
TN,Maury,15.59053124
TN,Meigs,15.59053124
TN,Monroe,15.59053124
TN,Montgomery,15.59053124
TN,Moore,15.59053124
TN,Morgan,15.59053124
TN,Obion,15.59053124
TN,Overton,15.59053124
TN,Perry,15.59053124
TN,Pickett,15.59053124
TN,Polk,15.59053124
TN,Putnam,15.59053124
TN,Rhea,15.59053124
TN,Roane,15.59053124
TN,Robertson,15.59053124
TN,Rutherford,15.59053124
TN,Scott,15.59053124
TN,Sequatchie,15.59053124
TN,Sevier,15.59053124
TN,Shelby,15.59053124
TN,Smith,15.59053124
TN,Stewart,15.59053124
TN,Sullivan,15.59053124
TN,Sumner,15.59053124
TN,Tipton,15.59053124
TN,Trousdale,15.59053124
TN,Unicoi,15.59053124
TN,Union,15.59053124
TN,Van Buren,15.59053124
TN,Warren,15.59053124
TN,Washington,15.59053124
TN,Wayne,15.59053124
TN,Weakley,15.59053124
TN,White,15.59053124
TN,Williamson,15.59053124
TN,Wilson,15.59053124
TX,Anderson,13.85385434
TX,Andrews,13.85385434
TX,Angelina,13.85385434
TX,Aransas,13.85385434
TX,Archer,13.85385434
TX,Armstrong,13.85385434
TX,Atascosa,13.85385434
TX,Austin,13.85385434
TX,Bailey,13.85385434
TX,Bandera,13.85385434
TX,Bastrop,13.85385434
TX,Baylor,13.85385434
TX,Bee,13.85385434
TX,Bell,13.85385434
TX,Bexar,13.85385434
TX,Blanco,13.85385434
TX,Borden,13.85385434
TX,Bosque,13.85385434
TX,Bowie,13.85385434
TX,Brazoria,13.85385434
TX,Brazos,13.85385434
TX,Brewster,13.85385434
TX,Briscoe,13.85385434
TX,Brooks,13.85385434
TX,Brown,13.85385434
TX,Burleson,13.85385434
TX,Burnet,13.85385434
TX,Caldwell,13.85385434
TX,Calhoun,13.85385434
TX,Callahan,13.85385434
TX,Cameron,13.85385434
TX,Camp,13.85385434
TX,Carson,13.85385434
TX,Cass,13.85385434
TX,Castro,13.85385434
TX,Chambers,13.85385434
TX,Cherokee,13.85385434
TX,Childress,13.85385434
TX,Clay,13.85385434
TX,Cochran,13.85385434
TX,Coke,13.85385434
TX,Coleman,13.85385434
TX,Collin,13.85385434
TX,Collingsworth,13.85385434
TX,Colorado,13.85385434
TX,Comal,13.85385434
TX,Comanche,13.85385434
TX,Concho,13.85385434
TX,Cooke,13.85385434
TX,Coryell,13.85385434
TX,Cottle,13.85385434
TX,Crane,13.85385434
TX,Crockett,13.85385434
TX,Crosby,13.85385434
TX,Culberson,13.85385434
TX,Dallam,13.85385434
TX,Dallas,13.85385434
TX,Dawson,13.85385434
TX,Deaf Smith,13.85385434
TX,Delta,13.85385434
TX,Denton,13.85385434
TX,DeWitt,13.85385434
TX,Dickens,13.85385434
TX,Dimmit,13.85385434
TX,Donley,13.85385434
TX,Duval,13.85385434
TX,Eastland,13.85385434
TX,Ector,13.85385434
TX,Edwards,13.85385434
TX,Ellis,13.85385434
TX,El Paso,13.85385434
TX,Erath,13.85385434
TX,Falls,13.85385434
TX,Fannin,13.85385434
TX,Fayette,13.85385434
TX,Fisher,13.85385434
TX,Floyd,13.85385434
TX,Foard,13.85385434
TX,Fort Bend,13.85385434
TX,Franklin,13.85385434
TX,Freestone,13.85385434
TX,Frio,13.85385434
TX,Gaines,13.85385434
TX,Galveston,13.85385434
TX,Garza,13.85385434
TX,Gillespie,13.85385434
TX,Glasscock,13.85385434
TX,Goliad,13.85385434
TX,Gonzales,13.85385434
TX,Gray,13.85385434
TX,Grayson,13.85385434
TX,Gregg,13.85385434
TX,Grimes,13.85385434
TX,Guadalupe,13.85385434
TX,Hale,13.85385434
TX,Hall,13.85385434
TX,Hamilton,13.85385434
TX,Hansford,13.85385434
TX,Hardeman,13.85385434
TX,Hardin,13.85385434
TX,Harris,13.85385434
TX,Harrison,13.85385434
TX,Hartley,13.85385434
TX,Haskell,13.85385434
TX,Hays,13.85385434
TX,Hemphill,13.85385434
TX,Henderson,13.85385434
TX,Hidalgo,13.85385434
TX,Hill,13.85385434
TX,Hockley,13.85385434
TX,Hood,13.85385434
TX,Hopkins,13.85385434
TX,Houston,13.85385434
TX,Howard,13.85385434
TX,Hudspeth,13.85385434
TX,Hunt,13.85385434
TX,Hutchinson,13.85385434
TX,Irion,13.85385434
TX,Jack,13.85385434
TX,Jackson,13.85385434
TX,Jasper,13.85385434
TX,Jeff Davis,13.85385434
TX,Jefferson,13.85385434
TX,Jim Hogg,13.85385434
TX,Jim Wells,13.85385434
TX,Johnson,13.85385434
TX,Jones,13.85385434
TX,Karnes,13.85385434
TX,Kaufman,13.85385434
TX,Kendall,13.85385434
TX,Kenedy,13.85385434
TX,Kent,13.85385434
TX,Kerr,13.85385434
TX,Kimble,13.85385434
TX,King,13.85385434
TX,Kinney,13.85385434
TX,Kleberg,13.85385434
TX,Knox,13.85385434
TX,Lamar,13.85385434
TX,Lamb,13.85385434
TX,Lampasas,13.85385434
TX,La Salle,13.85385434
TX,Lavaca,13.85385434
TX,Lee,13.85385434
TX,Leon,13.85385434
TX,Liberty,13.85385434
TX,Limestone,13.85385434
TX,Lipscomb,13.85385434
TX,Live Oak,13.85385434
TX,Llano,13.85385434
TX,Loving,13.85385434
TX,Lubbock,13.85385434
TX,Lynn,13.85385434
TX,McCulloch,13.85385434
TX,McLennan,13.85385434
TX,McMullen,13.85385434
TX,Madison,13.85385434
TX,Marion,13.85385434
TX,Martin,13.85385434
TX,Mason,13.85385434
TX,Matagorda,13.85385434
TX,Maverick,13.85385434
TX,Medina,13.85385434
TX,Menard,13.85385434
TX,Midland,13.85385434
TX,Milam,13.85385434
TX,Mills,13.85385434
TX,Mitchell,13.85385434
TX,Montague,13.85385434
TX,Montgomery,13.85385434
TX,Moore,13.85385434
TX,Morris,13.85385434
TX,Motley,13.85385434
TX,Nacogdoches,13.85385434
TX,Navarro,13.85385434
TX,Newton,13.85385434
TX,Nolan,13.85385434
TX,Nueces,13.85385434
TX,Ochiltree,13.85385434
TX,Oldham,13.85385434
TX,Orange,13.85385434
TX,Palo Pinto,13.85385434
TX,Panola,13.85385434
TX,Parker,13.85385434
TX,Parmer,13.85385434
TX,Pecos,13.85385434
TX,Polk,13.85385434
TX,Potter,13.85385434
TX,Presidio,13.85385434
TX,Rains,13.85385434
TX,Randall,13.85385434
TX,Reagan,13.85385434
TX,Real,13.85385434
TX,Red River,13.85385434
TX,Reeves,13.85385434
TX,Refugio,13.85385434
TX,Roberts,13.85385434
TX,Robertson,13.85385434
TX,Rockwall,13.85385434
TX,Runnels,13.85385434
TX,Rusk,13.85385434
TX,Sabine,13.85385434
TX,San Augustine,13.85385434
TX,San Jacinto,13.85385434
TX,San Patricio,13.85385434
TX,San Saba,13.85385434
TX,Schleicher,13.85385434
TX,Scurry,13.85385434
TX,Shackelford,13.85385434
TX,Shelby,13.85385434
TX,Sherman,13.85385434
TX,Smith,13.85385434
TX,Somervell,13.85385434
TX,Starr,13.85385434
TX,Stephens,13.85385434
TX,Sterling,13.85385434
TX,Stonewall,13.85385434
TX,Sutton,13.85385434
TX,Swisher,13.85385434
TX,Tarrant,13.85385434
TX,Taylor,13.85385434
TX,Terrell,13.85385434
TX,Terry,13.85385434
TX,Throckmorton,13.85385434
TX,Titus,13.85385434
TX,Tom Green,13.85385434
TX,Travis,13.85385434
TX,Trinity,13.85385434
TX,Tyler,13.85385434
TX,Upshur,13.85385434
TX,Upton,13.85385434
TX,Uvalde,13.85385434
TX,Val Verde,13.85385434
TX,Van Zandt,13.85385434
TX,Victoria,13.85385434
TX,Walker,13.85385434
TX,Waller,13.85385434
TX,Ward,13.85385434
TX,Washington,13.85385434
TX,Webb,13.85385434
TX,Wharton,13.85385434
TX,Wheeler,13.85385434
TX,Wichita,13.85385434
TX,Wilbarger,13.85385434
TX,Willacy,13.85385434
TX,Williamson,13.85385434
TX,Wilson,13.85385434
TX,Winkler,13.85385434
TX,Wise,13.85385434
TX,Wood,13.85385434
TX,Yoakum,13.85385434
TX,Young,13.85385434
TX,Zapata,13.85385434
TX,Zavala,13.85385434
UT,Beaver,6.650863109
UT,Box Elder,6.650863109
UT,Cache,6.650863109
UT,Carbon,6.650863109
UT,Daggett,6.650863109
UT,Davis,6.650863109
UT,Duchesne,6.650863109
UT,Emery,6.650863109
UT,Garfield,6.650863109
UT,Grand,6.650863109
UT,Iron,6.650863109
UT,Juab,6.650863109
UT,Kane,6.650863109
UT,Millard,6.650863109
UT,Morgan,6.650863109
UT,Piute,6.650863109
UT,Rich,6.650863109
UT,Salt Lake,6.650863109
UT,San Juan,6.650863109
UT,Sanpete,6.650863109
UT,Sevier,6.650863109
UT,Summit,6.650863109
UT,Tooele,6.650863109
UT,Uintah,6.650863109
UT,Utah,6.650863109
UT,Wasatch,6.650863109
UT,Washington,6.650863109
UT,Wayne,6.650863109
UT,Weber,6.650863109
VT,Addison,12.27571138
VT,Bennington,12.27571138
VT,Caledonia,12.27571138
VT,Chittenden,12.27571138
VT,Essex,12.27571138
VT,Franklin,12.27571138
VT,Grand Isle,12.27571138
VT,Lamoille,12.27571138
VT,Orange,12.27571138
VT,Orleans,12.27571138
VT,Rutland,12.27571138
VT,Washington,12.27571138
VT,Windham,12.27571138
VT,Windsor,12.27571138
VA,Accomack,9.156390225
VA,Albemarle,9.156390225
VA,Alleghany,9.156390225
VA,Amelia,9.156390225
VA,Amherst,9.156390225
VA,Appomattox,9.156390225
VA,Arlington,9.156390225
VA,Augusta,9.156390225
VA,Bath,9.156390225
VA,Bedford,9.156390225
VA,Bland,9.156390225
VA,Botetourt,9.156390225
VA,Brunswick,9.156390225
VA,Buchanan,9.156390225
VA,Buckingham,9.156390225
VA,Campbell,9.156390225
VA,Caroline,9.156390225
VA,Carroll,9.156390225
VA,Charles City,9.156390225
VA,Charlotte,9.156390225
VA,Chesterfield,9.156390225
VA,Clarke,9.156390225
VA,Craig,9.156390225
VA,Culpeper,9.156390225
VA,Cumberland,9.156390225
VA,Dickenson,9.156390225
VA,Dinwiddie,9.156390225
VA,Essex,9.156390225
VA,Fairfax,9.156390225
VA,Fauquier,9.156390225
VA,Floyd,9.156390225
VA,Fluvanna,9.156390225
VA,Franklin,9.156390225
VA,Frederick,9.156390225
VA,Giles,9.156390225
VA,Gloucester,9.156390225
VA,Goochland,9.156390225
VA,Grayson,9.156390225
VA,Greene,9.156390225
VA,Greensville,9.156390225
VA,Halifax,9.156390225
VA,Hanover,9.156390225
VA,Henrico,9.156390225
VA,Henry,9.156390225
VA,Highland,9.156390225
VA,Isle of Wight,9.156390225
VA,James City,9.156390225
VA,King and Queen,9.156390225
VA,King George,9.156390225
VA,King William,9.156390225
VA,Lancaster,9.156390225
VA,Lee,9.156390225
VA,Loudoun,9.156390225
VA,Louisa,9.156390225
VA,Lunenburg,9.156390225
VA,Madison,9.156390225
VA,Mathews,9.156390225
VA,Mecklenburg,9.156390225
VA,Middlesex,9.156390225
VA,Montgomery,9.156390225
VA,Nelson,9.156390225
VA,New Kent,9.156390225
VA,Northampton,9.156390225
VA,Northumberland,9.156390225
VA,Nottoway,9.156390225
VA,Orange,9.156390225
VA,Page,9.156390225
VA,Patrick,9.156390225
VA,Pittsylvania,9.156390225
VA,Powhatan,9.156390225
VA,Prince Edward,9.156390225
VA,Prince George,9.156390225
VA,Prince William,9.156390225
VA,Pulaski,9.156390225
VA,Rappahannock,9.156390225
VA,Richmond,9.156390225
VA,Roanoke,9.156390225
VA,Rockbridge,9.156390225
VA,Rockingham,9.156390225
VA,Russell,9.156390225
VA,Scott,9.156390225
VA,Shenandoah,9.156390225
VA,Smyth,9.156390225
VA,Southampton,9.156390225
VA,Spotsylvania,9.156390225
VA,Stafford,9.156390225
VA,Surry,9.156390225
VA,Sussex,9.156390225
VA,Tazewell,9.156390225
VA,Warren,9.156390225
VA,Washington,9.156390225
VA,Westmoreland,9.156390225
VA,Wise,9.156390225
VA,Wythe,9.156390225
VA,York,9.156390225
VA,Alexandria,9.156390225
VA,Bedford,9.156390225
VA,Bristol,9.156390225
VA,Buena Vista,9.156390225
VA,Charlottesville,9.156390225
VA,Chesapeake,9.156390225
VA,Colonial Heights,9.156390225
VA,Covington,9.156390225
VA,Danville,9.156390225
VA,Emporia,9.156390225
VA,Fairfax,9.156390225
VA,Falls Church,9.156390225
VA,Franklin,9.156390225
VA,Fredericksburg,9.156390225
VA,Galax,9.156390225
VA,Hampton,9.156390225
VA,Harrisonburg,9.156390225
VA,Hopewell,9.156390225
VA,Lexington,9.156390225
VA,Lynchburg,9.156390225
VA,Manassas,9.156390225
VA,Manassas Park,9.156390225
VA,Martinsville,9.156390225
VA,Newport News,9.156390225
VA,Norfolk,9.156390225
VA,Norton,9.156390225
VA,Petersburg,9.156390225
VA,Poquoson,9.156390225
VA,Portsmouth,9.156390225
VA,Radford,9.156390225
VA,Richmond,9.156390225
VA,Roanoke,9.156390225
VA,Salem,9.156390225
VA,Staunton,9.156390225
VA,Suffolk,9.156390225
VA,Virginia Beach,9.156390225
VA,Waynesboro,9.156390225
VA,Williamsburg,9.156390225
VA,Winchester,9.156390225
WA,Adams,12.55087662
WA,Asotin,12.55087662
WA,Benton,12.55087662
WA,Chelan,12.55087662
WA,Clallam,12.55087662
WA,Clark,12.55087662
WA,Columbia,12.55087662
WA,Cowlitz,12.55087662
WA,Douglas,12.55087662
WA,Ferry,12.55087662
WA,Franklin,12.55087662
WA,Garfield,12.55087662
WA,Grant,12.55087662
WA,Grays Harbor,12.55087662
WA,Island,12.55087662
WA,Jefferson,12.55087662
WA,King,12.55087662
WA,Kitsap,12.55087662
WA,Kittitas,12.55087662
WA,Klickitat,12.55087662
WA,Lewis,12.55087662
WA,Lincoln,12.55087662
WA,Mason,12.55087662
WA,Okanogan,12.55087662
WA,Pacific,12.55087662
WA,Pend Oreille,12.55087662
WA,Pierce,12.55087662
WA,San Juan,12.55087662
WA,Skagit,12.55087662
WA,Skamania,12.55087662
WA,Snohomish,12.55087662
WA,Spokane,12.55087662
WA,Stevens,12.55087662
WA,Thurston,12.55087662
WA,Wahkiakum,12.55087662
WA,Walla Walla,12.55087662
WA,Whatcom,12.55087662
WA,Whitman,12.55087662
WA,Yakima,12.55087662
WV,Barbour,18.7408847
WV,Berkeley,18.7408847
WV,Boone,18.7408847
WV,Braxton,18.7408847
WV,Brooke,18.7408847
WV,Cabell,18.7408847
WV,Calhoun,18.7408847
WV,Clay,18.7408847
WV,Doddridge,18.7408847
WV,Fayette,18.7408847
WV,Gilmer,18.7408847
WV,Grant,18.7408847
WV,Greenbrier,18.7408847
WV,Hampshire,18.7408847
WV,Hancock,18.7408847
WV,Hardy,18.7408847
WV,Harrison,18.7408847
WV,Jackson,18.7408847
WV,Jefferson,18.7408847
WV,Kanawha,18.7408847
WV,Lewis,18.7408847
WV,Lincoln,18.7408847
WV,Logan,18.7408847
WV,McDowell,18.7408847
WV,Marion,18.7408847
WV,Marshall,18.7408847
WV,Mason,18.7408847
WV,Mercer,18.7408847
WV,Mineral,18.7408847
WV,Mingo,18.7408847
WV,Monongalia,18.7408847
WV,Monroe,18.7408847
WV,Morgan,18.7408847
WV,Nicholas,18.7408847
WV,Ohio,18.7408847
WV,Pendleton,18.7408847
WV,Pleasants,18.7408847
WV,Pocahontas,18.7408847
WV,Preston,18.7408847
WV,Putnam,18.7408847
WV,Raleigh,18.7408847
WV,Randolph,18.7408847
WV,Ritchie,18.7408847
WV,Roane,18.7408847
WV,Summers,18.7408847
WV,Taylor,18.7408847
WV,Tucker,18.7408847
WV,Tyler,18.7408847
WV,Upshur,18.7408847
WV,Wayne,18.7408847
WV,Webster,18.7408847
WV,Wetzel,18.7408847
WV,Wirt,18.7408847
WV,Wood,18.7408847
WV,Wyoming,18.7408847
WI,Adams,11.93402977
WI,Ashland,11.93402977
WI,Barron,11.93402977
WI,Bayfield,11.93402977
WI,Brown,11.93402977
WI,Buffalo,11.93402977
WI,Burnett,11.93402977
WI,Calumet,11.93402977
WI,Chippewa,11.93402977
WI,Clark,11.93402977
WI,Columbia,11.93402977
WI,Crawford,11.93402977
WI,Dane,11.93402977
WI,Dodge,11.93402977
WI,Door,11.93402977
WI,Douglas,11.93402977
WI,Dunn,11.93402977
WI,Eau Claire,11.93402977
WI,Florence,11.93402977
WI,Fond du Lac,11.93402977
WI,Forest,11.93402977
WI,Grant,11.93402977
WI,Green,11.93402977
WI,Green Lake,11.93402977
WI,Iowa,11.93402977
WI,Iron,11.93402977
WI,Jackson,11.93402977
WI,Jefferson,11.93402977
WI,Juneau,11.93402977
WI,Kenosha,11.93402977
WI,Kewaunee,11.93402977
WI,La Crosse,11.93402977
WI,Lafayette,11.93402977
WI,Langlade,11.93402977
WI,Lincoln,11.93402977
WI,Manitowoc,11.93402977
WI,Marathon,11.93402977
WI,Marinette,11.93402977
WI,Marquette,11.93402977
WI,Menominee,11.93402977
WI,Milwaukee,11.93402977
WI,Monroe,11.93402977
WI,Oconto,11.93402977
WI,Oneida,11.93402977
WI,Outagamie,11.93402977
WI,Ozaukee,11.93402977
WI,Pepin,11.93402977
WI,Pierce,11.93402977
WI,Polk,11.93402977
WI,Portage,11.93402977
WI,Price,11.93402977
WI,Racine,11.93402977
WI,Richland,11.93402977
WI,Rock,11.93402977
WI,Rusk,11.93402977
WI,St. Croix,11.93402977
WI,Sauk,11.93402977
WI,Sawyer,11.93402977
WI,Shawano,11.93402977
WI,Sheboygan,11.93402977
WI,Taylor,11.93402977
WI,Trempealeau,11.93402977
WI,Vernon,11.93402977
WI,Vilas,11.93402977
WI,Walworth,11.93402977
WI,Washburn,11.93402977
WI,Washington,11.93402977
WI,Waukesha,11.93402977
WI,Waupaca,11.93402977
WI,Waushara,11.93402977
WI,Winnebago,11.93402977
WI,Wood,11.93402977
WY,Albany,5.668505045
WY,Big Horn,5.668505045
WY,Campbell,5.668505045
WY,Carbon,5.668505045
WY,Converse,5.668505045
WY,Crook,5.668505045
WY,Fremont,5.668505045
WY,Goshen,5.668505045
WY,Hot Springs,5.668505045
WY,Johnson,5.668505045
WY,Laramie,5.668505045
WY,Lincoln,5.668505045
WY,Natrona,5.668505045
WY,Niobrara,5.668505045
WY,Park,5.668505045
WY,Platte,5.668505045
WY,Sheridan,5.668505045
WY,Sublette,5.668505045
WY,Sweetwater,5.668505045
WY,Teton,5.668505045
WY,Uinta,5.668505045
WY,Washakie,5.668505045
WY,Weston,5.668505045