State,County,PCT_WIC12
AL,Autauga,2.947682282
AL,Baldwin,2.947682282
AL,Barbour,2.947682282
AL,Bibb,2.947682282
AL,Blount,2.947682282
AL,Bullock,2.947682282
AL,Butler,2.947682282
AL,Calhoun,2.947682282
AL,Chambers,2.947682282
AL,Cherokee,2.947682282
AL,Chilton,2.947682282
AL,Choctaw,2.947682282
AL,Clarke,2.947682282
AL,Clay,2.947682282
AL,Cleburne,2.947682282
AL,Coffee,2.947682282
AL,Colbert,2.947682282
AL,Conecuh,2.947682282
AL,Coosa,2.947682282
AL,Covington,2.947682282
AL,Crenshaw,2.947682282
AL,Cullman,2.947682282
AL,Dale,2.947682282
AL,Dallas,2.947682282
AL,DeKalb,2.947682282
AL,Elmore,2.947682282
AL,Escambia,2.947682282
AL,Etowah,2.947682282
AL,Fayette,2.947682282
AL,Franklin,2.947682282
AL,Geneva,2.947682282
AL,Greene,2.947682282
AL,Hale,2.947682282
AL,Henry,2.947682282
AL,Houston,2.947682282
AL,Jackson,2.947682282
AL,Jefferson,2.947682282
AL,Lamar,2.947682282
AL,Lauderdale,2.947682282
AL,Lawrence,2.947682282
AL,Lee,2.947682282
AL,Limestone,2.947682282
AL,Lowndes,2.947682282
AL,Macon,2.947682282
AL,Madison,2.947682282
AL,Marengo,2.947682282
AL,Marion,2.947682282
AL,Marshall,2.947682282
AL,Mobile,2.947682282
AL,Monroe,2.947682282
AL,Montgomery,2.947682282
AL,Morgan,2.947682282
AL,Perry,2.947682282
AL,Pickens,2.947682282
AL,Pike,2.947682282
AL,Randolph,2.947682282
AL,Russell,2.947682282
AL,St. Clair,2.947682282
AL,Shelby,2.947682282
AL,Sumter,2.947682282
AL,Talladega,2.947682282
AL,Tallapoosa,2.947682282
AL,Tuscaloosa,2.947682282
AL,Walker,2.947682282
AL,Washington,2.947682282
AL,Wilcox,2.947682282
AL,Winston,2.947682282
AK,Aleutians East,3.416595396
AK,Aleutians West,3.416595396
AK,Anchorage,3.416595396
AK,Bethel,3.416595396
AK,Bristol Bay,3.416595396
AK,Denali,3.416595396
AK,Dillingham,3.416595396
AK,Fairbanks North Star,3.416595396
AK,Haines,3.416595396
AK,Hoonah-Angoon,3.416595396
AK,Juneau,3.416595396
AK,Kenai Peninsula,3.416595396
AK,Ketchikan Gateway,3.416595396
AK,Kodiak Island,3.416595396
AK,Lake and Peninsula,3.416595396
AK,Matanuska-Susitna,3.416595396
AK,Nome,3.416595396
AK,North Slope,3.416595396
AK,Northwest Arctic,3.416595396
AK,Petersburg,3.416595396
AK,Prince of Wales-Hyder,3.416595396
AK,Sitka,3.416595396
AK,Skagway,3.416595396
AK,Southeast Fairbanks,3.416595396
AK,Valdez-Cordova,3.416595396
AK,Wade Hampton,3.416595396
AK,Wrangell,3.416595396
AK,Yakutat,3.416595396
AK,Yukon-Koyukuk,3.416595396
AZ,Apache,2.952442753
AZ,Cochise,2.952442753
AZ,Coconino,2.952442753
AZ,Gila,2.952442753
AZ,Graham,2.952442753
AZ,Greenlee,2.952442753
AZ,La Paz,2.952442753
AZ,Maricopa,2.952442753
AZ,Mohave,2.952442753
AZ,Navajo,2.952442753
AZ,Pima,2.952442753
AZ,Pinal,2.952442753
AZ,Santa Cruz,2.952442753
AZ,Yavapai,2.952442753
AZ,Yuma,2.952442753
AR,Arkansas,3.19722278
AR,Ashley,3.19722278
AR,Baxter,3.19722278
AR,Benton,3.19722278
AR,Boone,3.19722278
AR,Bradley,3.19722278
AR,Calhoun,3.19722278
AR,Carroll,3.19722278
AR,Chicot,3.19722278
AR,Clark,3.19722278
AR,Clay,3.19722278
AR,Cleburne,3.19722278
AR,Cleveland,3.19722278
AR,Columbia,3.19722278
AR,Conway,3.19722278
AR,Craighead,3.19722278
AR,Crawford,3.19722278
AR,Crittenden,3.19722278
AR,Cross,3.19722278
AR,Dallas,3.19722278
AR,Desha,3.19722278
AR,Drew,3.19722278
AR,Faulkner,3.19722278
AR,Franklin,3.19722278
AR,Fulton,3.19722278
AR,Garland,3.19722278
AR,Grant,3.19722278
AR,Greene,3.19722278
AR,Hempstead,3.19722278
AR,Hot Spring,3.19722278
AR,Howard,3.19722278
AR,Independence,3.19722278
AR,Izard,3.19722278
AR,Jackson,3.19722278
AR,Jefferson,3.19722278
AR,Johnson,3.19722278
AR,Lafayette,3.19722278
AR,Lawrence,3.19722278
AR,Lee,3.19722278
AR,Lincoln,3.19722278
AR,Little River,3.19722278
AR,Logan,3.19722278
AR,Lonoke,3.19722278
AR,Madison,3.19722278
AR,Marion,3.19722278
AR,Miller,3.19722278
AR,Mississippi,3.19722278
AR,Monroe,3.19722278
AR,Montgomery,3.19722278
AR,Nevada,3.19722278
AR,Newton,3.19722278
AR,Ouachita,3.19722278
AR,Perry,3.19722278
AR,Phillips,3.19722278
AR,Pike,3.19722278
AR,Poinsett,3.19722278
AR,Polk,3.19722278
AR,Pope,3.19722278
AR,Prairie,3.19722278
AR,Pulaski,3.19722278
AR,Randolph,3.19722278
AR,St. Francis,3.19722278
AR,Saline,3.19722278
AR,Scott,3.19722278
AR,Searcy,3.19722278
AR,Sebastian,3.19722278
AR,Sevier,3.19722278
AR,Sharp,3.19722278
AR,Stone,3.19722278
AR,Union,3.19722278
AR,Van Buren,3.19722278
AR,Washington,3.19722278
AR,White,3.19722278
AR,Woodruff,3.19722278
AR,Yell,3.19722278
CA,Alameda,3.872979346
CA,Alpine,3.872979346
CA,Amador,3.872979346
CA,Butte,3.872979346
CA,Calaveras,3.872979346
CA,Colusa,3.872979346
CA,Contra Costa,3.872979346
CA,Del Norte,3.872979346
CA,El Dorado,3.872979346
CA,Fresno,3.872979346
CA,Glenn,3.872979346
CA,Humboldt,3.872979346
CA,Imperial,3.872979346
CA,Inyo,3.872979346
CA,Kern,3.872979346
CA,Kings,3.872979346
CA,Lake,3.872979346
CA,Lassen,3.872979346
CA,Los Angeles,3.872979346
CA,Madera,3.872979346
CA,Marin,3.872979346
CA,Mariposa,3.872979346
CA,Mendocino,3.872979346
CA,Merced,3.872979346
CA,Modoc,3.872979346
CA,Mono,3.872979346
CA,Monterey,3.872979346
CA,Napa,3.872979346
CA,Nevada,3.872979346
CA,Orange,3.872979346
CA,Placer,3.872979346
CA,Plumas,3.872979346
CA,Riverside,3.872979346
CA,Sacramento,3.872979346
CA,San Benito,3.872979346
CA,San Bernardino,3.872979346
CA,San Diego,3.872979346
CA,San Francisco,3.872979346
CA,San Joaquin,3.872979346
CA,San Luis Obispo,3.872979346
CA,San Mateo,3.872979346
CA,Santa Barbara,3.872979346
CA,Santa Clara,3.872979346
CA,Santa Cruz,3.872979346
CA,Shasta,3.872979346
CA,Sierra,3.872979346
CA,Siskiyou,3.872979346
CA,Solano,3.872979346
CA,Sonoma,3.872979346
CA,Stanislaus,3.872979346
CA,Sutter,3.872979346
CA,Tehama,3.872979346
CA,Trinity,3.872979346
CA,Tulare,3.872979346
CA,Tuolumne,3.872979346
CA,Ventura,3.872979346
CA,Yolo,3.872979346
CA,Yuba,3.872979346
CO,Adams,2.000812713
CO,Alamosa,2.000812713
CO,Arapahoe,2.000812713
CO,Archuleta,2.000812713
CO,Baca,2.000812713
CO,Bent,2.000812713
CO,Boulder,2.000812713
CO,Broomfield,2.000812713
CO,Chaffee,2.000812713
CO,Cheyenne,2.000812713
CO,Clear Creek,2.000812713
CO,Conejos,2.000812713
CO,Costilla,2.000812713
CO,Crowley,2.000812713
CO,Custer,2.000812713
CO,Delta,2.000812713
CO,Denver,2.000812713
CO,Dolores,2.000812713
CO,Douglas,2.000812713
CO,Eagle,2.000812713
CO,Elbert,2.000812713
CO,El Paso,2.000812713
CO,Fremont,2.000812713
CO,Garfield,2.000812713
CO,Gilpin,2.000812713
CO,Grand,2.000812713
CO,Gunnison,2.000812713
CO,Hinsdale,2.000812713
CO,Huerfano,2.000812713
CO,Jackson,2.000812713
CO,Jefferson,2.000812713
CO,Kiowa,2.000812713
CO,Kit Carson,2.000812713
CO,Lake,2.000812713
CO,La Plata,2.000812713
CO,Larimer,2.000812713
CO,Las Animas,2.000812713
CO,Lincoln,2.000812713
CO,Logan,2.000812713
CO,Mesa,2.000812713
CO,Mineral,2.000812713
CO,Moffat,2.000812713
CO,Montezuma,2.000812713
CO,Montrose,2.000812713
CO,Morgan,2.000812713
CO,Otero,2.000812713
CO,Ouray,2.000812713
CO,Park,2.000812713
CO,Phillips,2.000812713
CO,Pitkin,2.000812713
CO,Prowers,2.000812713
CO,Pueblo,2.000812713
CO,Rio Blanco,2.000812713
CO,Rio Grande,2.000812713
CO,Routt,2.000812713
CO,Saguache,2.000812713
CO,San Juan,2.000812713
CO,San Miguel,2.000812713
CO,Sedgwick,2.000812713
CO,Summit,2.000812713
CO,Teller,2.000812713
CO,Washington,2.000812713
CO,Weld,2.000812713
CO,Yuma,2.000812713
CT,Fairfield,1.572768843
CT,Hartford,1.572768843
CT,Litchfield,1.572768843
CT,Middlesex,1.572768843
CT,New Haven,1.572768843
CT,New London,1.572768843
CT,Tolland,1.572768843
CT,Windham,1.572768843
DE,Kent,2.422776965
DE,New Castle,2.422776965
DE,Sussex,2.422776965
DC,District of Columbia,2.591798688
FL,Alachua,2.561379751
FL,Baker,2.561379751
FL,Bay,2.561379751
FL,Bradford,2.561379751
FL,Brevard,2.561379751
FL,Broward,2.561379751
FL,Calhoun,2.561379751
FL,Charlotte,2.561379751
FL,Citrus,2.561379751
FL,Clay,2.561379751
FL,Collier,2.561379751
FL,Columbia,2.561379751
FL,DeSoto,2.561379751
FL,Dixie,2.561379751
FL,Duval,2.561379751
FL,Escambia,2.561379751
FL,Flagler,2.561379751
FL,Franklin,2.561379751
FL,Gadsden,2.561379751
FL,Gilchrist,2.561379751
FL,Glades,2.561379751
FL,Gulf,2.561379751
FL,Hamilton,2.561379751
FL,Hardee,2.561379751
FL,Hendry,2.561379751
FL,Hernando,2.561379751
FL,Highlands,2.561379751
FL,Hillsborough,2.561379751
FL,Holmes,2.561379751
FL,Indian River,2.561379751
FL,Jackson,2.561379751
FL,Jefferson,2.561379751
FL,Lafayette,2.561379751
FL,Lake,2.561379751
FL,Lee,2.561379751
FL,Leon,2.561379751
FL,Levy,2.561379751
FL,Liberty,2.561379751
FL,Madison,2.561379751
FL,Manatee,2.561379751
FL,Marion,2.561379751
FL,Martin,2.561379751
FL,Miami-Dade,2.561379751
FL,Monroe,2.561379751
FL,Nassau,2.561379751
FL,Okaloosa,2.561379751
FL,Okeechobee,2.561379751
FL,Orange,2.561379751
FL,Osceola,2.561379751
FL,Palm Beach,2.561379751
FL,Pasco,2.561379751
FL,Pinellas,2.561379751
FL,Polk,2.561379751
FL,Putnam,2.561379751
FL,St. Johns,2.561379751
FL,St. Lucie,2.561379751
FL,Santa Rosa,2.561379751
FL,Sarasota,2.561379751
FL,Seminole,2.561379751
FL,Sumter,2.561379751
FL,Suwannee,2.561379751
FL,Taylor,2.561379751
FL,Union,2.561379751
FL,Volusia,2.561379751
FL,Wakulla,2.561379751
FL,Walton,2.561379751
FL,Washington,2.561379751
GA,Appling,3.065981474
GA,Atkinson,3.065981474
GA,Bacon,3.065981474
GA,Baker,3.065981474
GA,Baldwin,3.065981474
GA,Banks,3.065981474
GA,Barrow,3.065981474
GA,Bartow,3.065981474
GA,Ben Hill,3.065981474
GA,Berrien,3.065981474
GA,Bibb,3.065981474
GA,Bleckley,3.065981474
GA,Brantley,3.065981474
GA,Brooks,3.065981474
GA,Bryan,3.065981474
GA,Bulloch,3.065981474
GA,Burke,3.065981474
GA,Butts,3.065981474
GA,Calhoun,3.065981474
GA,Camden,3.065981474
GA,Candler,3.065981474
GA,Carroll,3.065981474
GA,Catoosa,3.065981474
GA,Charlton,3.065981474
GA,Chatham,3.065981474
GA,Chattahoochee,3.065981474
GA,Chattooga,3.065981474
GA,Cherokee,3.065981474
GA,Clarke,3.065981474
GA,Clay,3.065981474
GA,Clayton,3.065981474
GA,Clinch,3.065981474
GA,Cobb,3.065981474
GA,Coffee,3.065981474
GA,Colquitt,3.065981474
GA,Columbia,3.065981474
GA,Cook,3.065981474
GA,Coweta,3.065981474
GA,Crawford,3.065981474
GA,Crisp,3.065981474
GA,Dade,3.065981474
GA,Dawson,3.065981474
GA,Decatur,3.065981474
GA,DeKalb,3.065981474
GA,Dodge,3.065981474
GA,Dooly,3.065981474
GA,Dougherty,3.065981474
GA,Douglas,3.065981474
GA,Early,3.065981474
GA,Echols,3.065981474
GA,Effingham,3.065981474
GA,Elbert,3.065981474
GA,Emanuel,3.065981474
GA,Evans,3.065981474
GA,Fannin,3.065981474
GA,Fayette,3.065981474
GA,Floyd,3.065981474
GA,Forsyth,3.065981474
GA,Franklin,3.065981474
GA,Fulton,3.065981474
GA,Gilmer,3.065981474
GA,Glascock,3.065981474
GA,Glynn,3.065981474
GA,Gordon,3.065981474
GA,Grady,3.065981474
GA,Greene,3.065981474
GA,Gwinnett,3.065981474
GA,Habersham,3.065981474
GA,Hall,3.065981474
GA,Hancock,3.065981474
GA,Haralson,3.065981474
GA,Harris,3.065981474
GA,Hart,3.065981474
GA,Heard,3.065981474
GA,Henry,3.065981474
GA,Houston,3.065981474
GA,Irwin,3.065981474
GA,Jackson,3.065981474
GA,Jasper,3.065981474
GA,Jeff Davis,3.065981474
GA,Jefferson,3.065981474
GA,Jenkins,3.065981474
GA,Johnson,3.065981474
GA,Jones,3.065981474
GA,Lamar,3.065981474
GA,Lanier,3.065981474
GA,Laurens,3.065981474
GA,Lee,3.065981474
GA,Liberty,3.065981474
GA,Lincoln,3.065981474
GA,Long,3.065981474
GA,Lowndes,3.065981474
GA,Lumpkin,3.065981474
GA,McDuffie,3.065981474
GA,McIntosh,3.065981474
GA,Macon,3.065981474
GA,Madison,3.065981474
GA,Marion,3.065981474
GA,Meriwether,3.065981474
GA,Miller,3.065981474
GA,Mitchell,3.065981474
GA,Monroe,3.065981474
GA,Montgomery,3.065981474
GA,Morgan,3.065981474
GA,Murray,3.065981474
GA,Muscogee,3.065981474
GA,Newton,3.065981474
GA,Oconee,3.065981474
GA,Oglethorpe,3.065981474
GA,Paulding,3.065981474
GA,Peach,3.065981474
GA,Pickens,3.065981474
GA,Pierce,3.065981474
GA,Pike,3.065981474
GA,Polk,3.065981474
GA,Pulaski,3.065981474
GA,Putnam,3.065981474
GA,Quitman,3.065981474
GA,Rabun,3.065981474
GA,Randolph,3.065981474
GA,Richmond,3.065981474
GA,Rockdale,3.065981474
GA,Schley,3.065981474
GA,Screven,3.065981474
GA,Seminole,3.065981474
GA,Spalding,3.065981474
GA,Stephens,3.065981474
GA,Stewart,3.065981474
GA,Sumter,3.065981474
GA,Talbot,3.065981474
GA,Taliaferro,3.065981474
GA,Tattnall,3.065981474
GA,Taylor,3.065981474
GA,Telfair,3.065981474
GA,Terrell,3.065981474
GA,Thomas,3.065981474
GA,Tift,3.065981474
GA,Toombs,3.065981474
GA,Towns,3.065981474
GA,Treutlen,3.065981474
GA,Troup,3.065981474
GA,Turner,3.065981474
GA,Twiggs,3.065981474
GA,Union,3.065981474
GA,Upson,3.065981474
GA,Walker,3.065981474
GA,Walton,3.065981474
GA,Ware,3.065981474
GA,Warren,3.065981474
GA,Washington,3.065981474
GA,Wayne,3.065981474
GA,Webster,3.065981474
GA,Wheeler,3.065981474
GA,White,3.065981474
GA,Whitfield,3.065981474
GA,Wilcox,3.065981474
GA,Wilkes,3.065981474
GA,Wilkinson,3.065981474
GA,Worth,3.065981474
HI,Hawaii,2.668736642
HI,Honolulu,2.668736642
HI,Kalawao,2.668736642
HI,Kauai,2.668736642
HI,Maui,2.668736642
ID,Ada,2.743587557
ID,Adams,2.743587557
ID,Bannock,2.743587557
ID,Bear Lake,2.743587557
ID,Benewah,2.743587557
ID,Bingham,2.743587557
ID,Blaine,2.743587557
ID,Boise,2.743587557
ID,Bonner,2.743587557
ID,Bonneville,2.743587557
ID,Boundary,2.743587557
ID,Butte,2.743587557
ID,Camas,2.743587557
ID,Canyon,2.743587557
ID,Caribou,2.743587557
ID,Cassia,2.743587557
ID,Clark,2.743587557
ID,Clearwater,2.743587557
ID,Custer,2.743587557
ID,Elmore,2.743587557
ID,Franklin,2.743587557
ID,Fremont,2.743587557
ID,Gem,2.743587557
ID,Gooding,2.743587557
ID,Idaho,2.743587557
ID,Jefferson,2.743587557
ID,Jerome,2.743587557
ID,Kootenai,2.743587557
ID,Latah,2.743587557
ID,Lemhi,2.743587557
ID,Lewis,2.743587557
ID,Lincoln,2.743587557
ID,Madison,2.743587557
ID,Minidoka,2.743587557
ID,Nez Perce,2.743587557
ID,Oneida,2.743587557
ID,Owyhee,2.743587557
ID,Payette,2.743587557
ID,Power,2.743587557
ID,Shoshone,2.743587557
ID,Teton,2.743587557
ID,Twin Falls,2.743587557
ID,Valley,2.743587557
ID,Washington,2.743587557
IL,Adams,2.243578843
IL,Alexander,2.243578843
IL,Bond,2.243578843
IL,Boone,2.243578843
IL,Brown,2.243578843
IL,Bureau,2.243578843
IL,Calhoun,2.243578843
IL,Carroll,2.243578843
IL,Cass,2.243578843
IL,Champaign,2.243578843
IL,Christian,2.243578843
IL,Clark,2.243578843
IL,Clay,2.243578843
IL,Clinton,2.243578843
IL,Coles,2.243578843
IL,Cook,2.243578843
IL,Crawford,2.243578843
IL,Cumberland,2.243578843
IL,DeKalb,2.243578843
IL,De Witt,2.243578843
IL,Douglas,2.243578843
IL,DuPage,2.243578843
IL,Edgar,2.243578843
IL,Edwards,2.243578843
IL,Effingham,2.243578843
IL,Fayette,2.243578843
IL,Ford,2.243578843
IL,Franklin,2.243578843
IL,Fulton,2.243578843
IL,Gallatin,2.243578843
IL,Greene,2.243578843
IL,Grundy,2.243578843
IL,Hamilton,2.243578843
IL,Hancock,2.243578843
IL,Hardin,2.243578843
IL,Henderson,2.243578843
IL,Henry,2.243578843
IL,Iroquois,2.243578843
IL,Jackson,2.243578843
IL,Jasper,2.243578843
IL,Jefferson,2.243578843
IL,Jersey,2.243578843
IL,Jo Daviess,2.243578843
IL,Johnson,2.243578843
IL,Kane,2.243578843
IL,Kankakee,2.243578843
IL,Kendall,2.243578843
IL,Knox,2.243578843
IL,Lake,2.243578843
IL,LaSalle,2.243578843
IL,Lawrence,2.243578843
IL,Lee,2.243578843
IL,Livingston,2.243578843
IL,Logan,2.243578843
IL,McDonough,2.243578843
IL,McHenry,2.243578843
IL,McLean,2.243578843
IL,Macon,2.243578843
IL,Macoupin,2.243578843
IL,Madison,2.243578843
IL,Marion,2.243578843
IL,Marshall,2.243578843
IL,Mason,2.243578843
IL,Massac,2.243578843
IL,Menard,2.243578843
IL,Mercer,2.243578843
IL,Monroe,2.243578843
IL,Montgomery,2.243578843
IL,Morgan,2.243578843
IL,Moultrie,2.243578843
IL,Ogle,2.243578843
IL,Peoria,2.243578843
IL,Perry,2.243578843
IL,Piatt,2.243578843
IL,Pike,2.243578843
IL,Pope,2.243578843
IL,Pulaski,2.243578843
IL,Putnam,2.243578843
IL,Randolph,2.243578843
IL,Richland,2.243578843
IL,Rock Island,2.243578843
IL,St. Clair,2.243578843
IL,Saline,2.243578843
IL,Sangamon,2.243578843
IL,Schuyler,2.243578843
IL,Scott,2.243578843
IL,Shelby,2.243578843
IL,Stark,2.243578843
IL,Stephenson,2.243578843
IL,Tazewell,2.243578843
IL,Union,2.243578843
IL,Vermilion,2.243578843
IL,Wabash,2.243578843
IL,Warren,2.243578843
IL,Washington,2.243578843
IL,Wayne,2.243578843
IL,White,2.243578843
IL,Whiteside,2.243578843
IL,Will,2.243578843
IL,Williamson,2.243578843
IL,Winnebago,2.243578843
IL,Woodford,2.243578843
IN,Adams,2.51360165
IN,Allen,2.51360165
IN,Bartholomew,2.51360165
IN,Benton,2.51360165
IN,Blackford,2.51360165
IN,Boone,2.51360165
IN,Brown,2.51360165
IN,Carroll,2.51360165
IN,Cass,2.51360165
IN,Clark,2.51360165
IN,Clay,2.51360165
IN,Clinton,2.51360165
IN,Crawford,2.51360165
IN,Daviess,2.51360165
IN,Dearborn,2.51360165
IN,Decatur,2.51360165
IN,DeKalb,2.51360165
IN,Delaware,2.51360165
IN,Dubois,2.51360165
IN,Elkhart,2.51360165
IN,Fayette,2.51360165
IN,Floyd,2.51360165
IN,Fountain,2.51360165
IN,Franklin,2.51360165
IN,Fulton,2.51360165
IN,Gibson,2.51360165
IN,Grant,2.51360165
IN,Greene,2.51360165
IN,Hamilton,2.51360165
IN,Hancock,2.51360165
IN,Harrison,2.51360165
IN,Hendricks,2.51360165
IN,Henry,2.51360165
IN,Howard,2.51360165
IN,Huntington,2.51360165
IN,Jackson,2.51360165
IN,Jasper,2.51360165
IN,Jay,2.51360165
IN,Jefferson,2.51360165
IN,Jennings,2.51360165
IN,Johnson,2.51360165
IN,Knox,2.51360165
IN,Kosciusko,2.51360165
IN,LaGrange,2.51360165
IN,Lake,2.51360165
IN,LaPorte,2.51360165
IN,Lawrence,2.51360165
IN,Madison,2.51360165
IN,Marion,2.51360165
IN,Marshall,2.51360165
IN,Martin,2.51360165
IN,Miami,2.51360165
IN,Monroe,2.51360165
IN,Montgomery,2.51360165
IN,Morgan,2.51360165
IN,Newton,2.51360165
IN,Noble,2.51360165
IN,Ohio,2.51360165
IN,Orange,2.51360165
IN,Owen,2.51360165
IN,Parke,2.51360165
IN,Perry,2.51360165
IN,Pike,2.51360165
IN,Porter,2.51360165
IN,Posey,2.51360165
IN,Pulaski,2.51360165
IN,Putnam,2.51360165
IN,Randolph,2.51360165
IN,Ripley,2.51360165
IN,Rush,2.51360165
IN,St. Joseph,2.51360165
IN,Scott,2.51360165
IN,Shelby,2.51360165
IN,Spencer,2.51360165
IN,Starke,2.51360165
IN,Steuben,2.51360165
IN,Sullivan,2.51360165
IN,Switzerland,2.51360165
IN,Tippecanoe,2.51360165
IN,Tipton,2.51360165
IN,Union,2.51360165
IN,Vanderburgh,2.51360165
IN,Vermillion,2.51360165
IN,Vigo,2.51360165
IN,Wabash,2.51360165
IN,Warren,2.51360165
IN,Warrick,2.51360165
IN,Washington,2.51360165
IN,Wayne,2.51360165
IN,Wells,2.51360165
IN,White,2.51360165
IN,Whitley,2.51360165
IA,Adair,2.249519634
IA,Adams,2.249519634
IA,Allamakee,2.249519634
IA,Appanoose,2.249519634
IA,Audubon,2.249519634
IA,Benton,2.249519634
IA,Black Hawk,2.249519634
IA,Boone,2.249519634
IA,Bremer,2.249519634
IA,Buchanan,2.249519634
IA,Buena Vista,2.249519634
IA,Butler,2.249519634
IA,Calhoun,2.249519634
IA,Carroll,2.249519634
IA,Cass,2.249519634
IA,Cedar,2.249519634
IA,Cerro Gordo,2.249519634
IA,Cherokee,2.249519634
IA,Chickasaw,2.249519634
IA,Clarke,2.249519634
IA,Clay,2.249519634
IA,Clayton,2.249519634
IA,Clinton,2.249519634
IA,Crawford,2.249519634
IA,Dallas,2.249519634
IA,Davis,2.249519634
IA,Decatur,2.249519634
IA,Delaware,2.249519634
IA,Des Moines,2.249519634
IA,Dickinson,2.249519634
IA,Dubuque,2.249519634
IA,Emmet,2.249519634
IA,Fayette,2.249519634
IA,Floyd,2.249519634
IA,Franklin,2.249519634
IA,Fremont,2.249519634
IA,Greene,2.249519634
IA,Grundy,2.249519634
IA,Guthrie,2.249519634
IA,Hamilton,2.249519634
IA,Hancock,2.249519634
IA,Hardin,2.249519634
IA,Harrison,2.249519634
IA,Henry,2.249519634
IA,Howard,2.249519634
IA,Humboldt,2.249519634
IA,Ida,2.249519634
IA,Iowa,2.249519634
IA,Jackson,2.249519634
IA,Jasper,2.249519634
IA,Jefferson,2.249519634
IA,Johnson,2.249519634
IA,Jones,2.249519634
IA,Keokuk,2.249519634
IA,Kossuth,2.249519634
IA,Lee,2.249519634
IA,Linn,2.249519634
IA,Louisa,2.249519634
IA,Lucas,2.249519634
IA,Lyon,2.249519634
IA,Madison,2.249519634
IA,Mahaska,2.249519634
IA,Marion,2.249519634
IA,Marshall,2.249519634
IA,Mills,2.249519634
IA,Mitchell,2.249519634
IA,Monona,2.249519634
IA,Monroe,2.249519634
IA,Montgomery,2.249519634
IA,Muscatine,2.249519634
IA,O'Brien,2.249519634
IA,Osceola,2.249519634
IA,Page,2.249519634
IA,Palo Alto,2.249519634
IA,Plymouth,2.249519634
IA,Pocahontas,2.249519634
IA,Polk,2.249519634
IA,Pottawattamie,2.249519634
IA,Poweshiek,2.249519634
IA,Ringgold,2.249519634
IA,Sac,2.249519634
IA,Scott,2.249519634
IA,Shelby,2.249519634
IA,Sioux,2.249519634
IA,Story,2.249519634
IA,Tama,2.249519634
IA,Taylor,2.249519634
IA,Union,2.249519634
IA,Van Buren,2.249519634
IA,Wapello,2.249519634
IA,Warren,2.249519634
IA,Washington,2.249519634
IA,Wayne,2.249519634
IA,Webster,2.249519634
IA,Winnebago,2.249519634
IA,Winneshiek,2.249519634
IA,Woodbury,2.249519634
IA,Worth,2.249519634
IA,Wright,2.249519634
KS,Allen,2.591088231
KS,Anderson,2.591088231
KS,Atchison,2.591088231
KS,Barber,2.591088231
KS,Barton,2.591088231
KS,Bourbon,2.591088231
KS,Brown,2.591088231
KS,Butler,2.591088231
KS,Chase,2.591088231
KS,Chautauqua,2.591088231
KS,Cherokee,2.591088231
KS,Cheyenne,2.591088231
KS,Clark,2.591088231
KS,Clay,2.591088231
KS,Cloud,2.591088231
KS,Coffey,2.591088231
KS,Comanche,2.591088231
KS,Cowley,2.591088231
KS,Crawford,2.591088231
KS,Decatur,2.591088231
KS,Dickinson,2.591088231
KS,Doniphan,2.591088231
KS,Douglas,2.591088231
KS,Edwards,2.591088231
KS,Elk,2.591088231
KS,Ellis,2.591088231
KS,Ellsworth,2.591088231
KS,Finney,2.591088231
KS,Ford,2.591088231
KS,Franklin,2.591088231
KS,Geary,2.591088231
KS,Gove,2.591088231
KS,Graham,2.591088231
KS,Grant,2.591088231
KS,Gray,2.591088231
KS,Greeley,2.591088231
KS,Greenwood,2.591088231
KS,Hamilton,2.591088231
KS,Harper,2.591088231
KS,Harvey,2.591088231
KS,Haskell,2.591088231
KS,Hodgeman,2.591088231
KS,Jackson,2.591088231
KS,Jefferson,2.591088231
KS,Jewell,2.591088231
KS,Johnson,2.591088231
KS,Kearny,2.591088231
KS,Kingman,2.591088231
KS,Kiowa,2.591088231
KS,Labette,2.591088231
KS,Lane,2.591088231
KS,Leavenworth,2.591088231
KS,Lincoln,2.591088231
KS,Linn,2.591088231
KS,Logan,2.591088231
KS,Lyon,2.591088231
KS,McPherson,2.591088231
KS,Marion,2.591088231
KS,Marshall,2.591088231
KS,Meade,2.591088231
KS,Miami,2.591088231
KS,Mitchell,2.591088231
KS,Montgomery,2.591088231
KS,Morris,2.591088231
KS,Morton,2.591088231
KS,Nemaha,2.591088231
KS,Neosho,2.591088231
KS,Ness,2.591088231
KS,Norton,2.591088231
KS,Osage,2.591088231
KS,Osborne,2.591088231
KS,Ottawa,2.591088231
KS,Pawnee,2.591088231
KS,Phillips,2.591088231
KS,Pottawatomie,2.591088231
KS,Pratt,2.591088231
KS,Rawlins,2.591088231
KS,Reno,2.591088231
KS,Republic,2.591088231
KS,Rice,2.591088231
KS,Riley,2.591088231
KS,Rooks,2.591088231
KS,Rush,2.591088231
KS,Russell,2.591088231
KS,Saline,2.591088231
KS,Scott,2.591088231
KS,Sedgwick,2.591088231
KS,Seward,2.591088231
KS,Shawnee,2.591088231
KS,Sheridan,2.591088231
KS,Sherman,2.591088231
KS,Smith,2.591088231
KS,Stafford,2.591088231
KS,Stanton,2.591088231
KS,Stevens,2.591088231
KS,Sumner,2.591088231
KS,Thomas,2.591088231
KS,Trego,2.591088231
KS,Wabaunsee,2.591088231
KS,Wallace,2.591088231
KS,Washington,2.591088231
KS,Wichita,2.591088231
KS,Wilson,2.591088231
KS,Woodson,2.591088231
KS,Wyandotte,2.591088231
KY,Adair,3.027098128
KY,Allen,3.027098128
KY,Anderson,3.027098128
KY,Ballard,3.027098128
KY,Barren,3.027098128
KY,Bath,3.027098128
KY,Bell,3.027098128
KY,Boone,3.027098128
KY,Bourbon,3.027098128
KY,Boyd,3.027098128
KY,Boyle,3.027098128
KY,Bracken,3.027098128
KY,Breathitt,3.027098128
KY,Breckinridge,3.027098128
KY,Bullitt,3.027098128
KY,Butler,3.027098128
KY,Caldwell,3.027098128
KY,Calloway,3.027098128
KY,Campbell,3.027098128
KY,Carlisle,3.027098128
KY,Carroll,3.027098128
KY,Carter,3.027098128
KY,Casey,3.027098128
KY,Christian,3.027098128
KY,Clark,3.027098128
KY,Clay,3.027098128
KY,Clinton,3.027098128
KY,Crittenden,3.027098128
KY,Cumberland,3.027098128
KY,Daviess,3.027098128
KY,Edmonson,3.027098128
KY,Elliott,3.027098128
KY,Estill,3.027098128
KY,Fayette,3.027098128
KY,Fleming,3.027098128
KY,Floyd,3.027098128
KY,Franklin,3.027098128
KY,Fulton,3.027098128
KY,Gallatin,3.027098128
KY,Garrard,3.027098128
KY,Grant,3.027098128
KY,Graves,3.027098128
KY,Grayson,3.027098128
KY,Green,3.027098128
KY,Greenup,3.027098128
KY,Hancock,3.027098128
KY,Hardin,3.027098128
KY,Harlan,3.027098128
KY,Harrison,3.027098128
KY,Hart,3.027098128
KY,Henderson,3.027098128
KY,Henry,3.027098128
KY,Hickman,3.027098128
KY,Hopkins,3.027098128
KY,Jackson,3.027098128
KY,Jefferson,3.027098128
KY,Jessamine,3.027098128
KY,Johnson,3.027098128
KY,Kenton,3.027098128
KY,Knott,3.027098128
KY,Knox,3.027098128
KY,Larue,3.027098128
KY,Laurel,3.027098128
KY,Lawrence,3.027098128
KY,Lee,3.027098128
KY,Leslie,3.027098128
KY,Letcher,3.027098128
KY,Lewis,3.027098128
KY,Lincoln,3.027098128
KY,Livingston,3.027098128
KY,Logan,3.027098128
KY,Lyon,3.027098128
KY,McCracken,3.027098128
KY,McCreary,3.027098128
KY,McLean,3.027098128
KY,Madison,3.027098128
KY,Magoffin,3.027098128
KY,Marion,3.027098128
KY,Marshall,3.027098128
KY,Martin,3.027098128
KY,Mason,3.027098128
KY,Meade,3.027098128
KY,Menifee,3.027098128
KY,Mercer,3.027098128
KY,Metcalfe,3.027098128
KY,Monroe,3.027098128
KY,Montgomery,3.027098128
KY,Morgan,3.027098128
KY,Muhlenberg,3.027098128
KY,Nelson,3.027098128
KY,Nicholas,3.027098128
KY,Ohio,3.027098128
KY,Oldham,3.027098128
KY,Owen,3.027098128
KY,Owsley,3.027098128
KY,Pendleton,3.027098128
KY,Perry,3.027098128
KY,Pike,3.027098128
KY,Powell,3.027098128
KY,Pulaski,3.027098128
KY,Robertson,3.027098128
KY,Rockcastle,3.027098128
KY,Rowan,3.027098128
KY,Russell,3.027098128
KY,Scott,3.027098128
KY,Shelby,3.027098128
KY,Simpson,3.027098128
KY,Spencer,3.027098128
KY,Taylor,3.027098128
KY,Todd,3.027098128
KY,Trigg,3.027098128
KY,Trimble,3.027098128
KY,Union,3.027098128
KY,Warren,3.027098128
KY,Washington,3.027098128
KY,Wayne,3.027098128
KY,Webster,3.027098128
KY,Whitley,3.027098128
KY,Wolfe,3.027098128
KY,Woodford,3.027098128
LA,Acadia,3.157858794
LA,Allen,3.157858794
LA,Ascension,3.157858794
LA,Assumption,3.157858794
LA,Avoyelles,3.157858794
LA,Beauregard,3.157858794
LA,Bienville,3.157858794
LA,Bossier,3.157858794
LA,Caddo,3.157858794
LA,Calcasieu,3.157858794
LA,Caldwell,3.157858794
LA,Cameron,3.157858794
LA,Catahoula,3.157858794
LA,Claiborne,3.157858794
LA,Concordia,3.157858794
LA,De Soto,3.157858794
LA,East Baton Rouge,3.157858794
LA,East Carroll,3.157858794
LA,East Feliciana,3.157858794
LA,Evangeline,3.157858794
LA,Franklin,3.157858794
LA,Grant,3.157858794
LA,Iberia,3.157858794
LA,Iberville,3.157858794
LA,Jackson,3.157858794
LA,Jefferson,3.157858794
LA,Jefferson Davis,3.157858794
LA,Lafayette,3.157858794
LA,Lafourche,3.157858794
LA,La Salle,3.157858794
LA,Lincoln,3.157858794
LA,Livingston,3.157858794
LA,Madison,3.157858794
LA,Morehouse,3.157858794
LA,Natchitoches,3.157858794
LA,Orleans,3.157858794
LA,Ouachita,3.157858794
LA,Plaquemines,3.157858794
LA,Pointe Coupee,3.157858794
LA,Rapides,3.157858794
LA,Red River,3.157858794
LA,Richland,3.157858794
LA,Sabine,3.157858794
LA,St. Bernard,3.157858794
LA,St. Charles,3.157858794
LA,St. Helena,3.157858794
LA,St. James,3.157858794
LA,St. John the Baptist,3.157858794
LA,St. Landry,3.157858794
LA,St. Martin,3.157858794
LA,St. Mary,3.157858794
LA,St. Tammany,3.157858794
LA,Tangipahoa,3.157858794
LA,Tensas,3.157858794
LA,Terrebonne,3.157858794
LA,Union,3.157858794
LA,Vermilion,3.157858794
LA,Vernon,3.157858794
LA,Washington,3.157858794
LA,Webster,3.157858794
LA,West Baton Rouge,3.157858794
LA,West Carroll,3.157858794
LA,West Feliciana,3.157858794
LA,Winn,3.157858794
ME,Androscoggin,1.934347109
ME,Aroostook,1.934347109
ME,Cumberland,1.934347109
ME,Franklin,1.934347109
ME,Hancock,1.934347109
ME,Kennebec,1.934347109
ME,Knox,1.934347109
ME,Lincoln,1.934347109
ME,Oxford,1.934347109
ME,Penobscot,1.934347109
ME,Piscataquis,1.934347109
ME,Sagadahoc,1.934347109
ME,Somerset,1.934347109
ME,Waldo,1.934347109
ME,Washington,1.934347109
ME,York,1.934347109
MD,Allegany,2.482687451
MD,Anne Arundel,2.482687451
MD,Baltimore,2.482687451
MD,Calvert,2.482687451
MD,Caroline,2.482687451
MD,Carroll,2.482687451
MD,Cecil,2.482687451
MD,Charles,2.482687451
MD,Dorchester,2.482687451
MD,Frederick,2.482687451
MD,Garrett,2.482687451
MD,Harford,2.482687451
MD,Howard,2.482687451
MD,Kent,2.482687451
MD,Montgomery,2.482687451
MD,Prince George's,2.482687451
MD,Queen Anne's,2.482687451
MD,St. Mary's,2.482687451
MD,Somerset,2.482687451
MD,Talbot,2.482687451
MD,Washington,2.482687451
MD,Wicomico,2.482687451
MD,Worcester,2.482687451
MD,Baltimore,2.482687451
MA,Barnstable,1.840460934
MA,Berkshire,1.840460934
MA,Bristol,1.840460934
MA,Dukes,1.840460934
MA,Essex,1.840460934
MA,Franklin,1.840460934
MA,Hampden,1.840460934
MA,Hampshire,1.840460934
MA,Middlesex,1.840460934
MA,Nantucket,1.840460934
MA,Norfolk,1.840460934
MA,Plymouth,1.840460934
MA,Suffolk,1.840460934
MA,Worcester,1.840460934
MI,Alcona,2.588899701
MI,Alger,2.588899701
MI,Allegan,2.588899701
MI,Alpena,2.588899701
MI,Antrim,2.588899701
MI,Arenac,2.588899701
MI,Baraga,2.588899701
MI,Barry,2.588899701
MI,Bay,2.588899701
MI,Benzie,2.588899701
MI,Berrien,2.588899701
MI,Branch,2.588899701
MI,Calhoun,2.588899701
MI,Cass,2.588899701
MI,Charlevoix,2.588899701
MI,Cheboygan,2.588899701
MI,Chippewa,2.588899701
MI,Clare,2.588899701
MI,Clinton,2.588899701
MI,Crawford,2.588899701
MI,Delta,2.588899701
MI,Dickinson,2.588899701
MI,Eaton,2.588899701
MI,Emmet,2.588899701
MI,Genesee,2.588899701
MI,Gladwin,2.588899701
MI,Gogebic,2.588899701
MI,Grand Traverse,2.588899701
MI,Gratiot,2.588899701
MI,Hillsdale,2.588899701
MI,Houghton,2.588899701
MI,Huron,2.588899701
MI,Ingham,2.588899701
MI,Ionia,2.588899701
MI,Iosco,2.588899701
MI,Iron,2.588899701
MI,Isabella,2.588899701
MI,Jackson,2.588899701
MI,Kalamazoo,2.588899701
MI,Kalkaska,2.588899701
MI,Kent,2.588899701
MI,Keweenaw,2.588899701
MI,Lake,2.588899701
MI,Lapeer,2.588899701
MI,Leelanau,2.588899701
MI,Lenawee,2.588899701
MI,Livingston,2.588899701
MI,Luce,2.588899701
MI,Mackinac,2.588899701
MI,Macomb,2.588899701
MI,Manistee,2.588899701
MI,Marquette,2.588899701
MI,Mason,2.588899701
MI,Mecosta,2.588899701
MI,Menominee,2.588899701
MI,Midland,2.588899701
MI,Missaukee,2.588899701
MI,Monroe,2.588899701
MI,Montcalm,2.588899701
MI,Montmorency,2.588899701
MI,Muskegon,2.588899701
MI,Newaygo,2.588899701
MI,Oakland,2.588899701
MI,Oceana,2.588899701
MI,Ogemaw,2.588899701
MI,Ontonagon,2.588899701
MI,Osceola,2.588899701
MI,Oscoda,2.588899701
MI,Otsego,2.588899701
MI,Ottawa,2.588899701
MI,Presque Isle,2.588899701
MI,Roscommon,2.588899701
MI,Saginaw,2.588899701
MI,St. Clair,2.588899701
MI,St. Joseph,2.588899701
MI,Sanilac,2.588899701
MI,Schoolcraft,2.588899701
MI,Shiawassee,2.588899701
MI,Tuscola,2.588899701
MI,Van Buren,2.588899701
MI,Washtenaw,2.588899701
MI,Wayne,2.588899701
MI,Wexford,2.588899701
MN,Aitkin,2.38830794
MN,Anoka,2.38830794
MN,Becker,2.38830794
MN,Beltrami,2.38830794
MN,Benton,2.38830794
MN,Big Stone,2.38830794
MN,Blue Earth,2.38830794
MN,Brown,2.38830794
MN,Carlton,2.38830794
MN,Carver,2.38830794
MN,Cass,2.38830794
MN,Chippewa,2.38830794
MN,Chisago,2.38830794
MN,Clay,2.38830794
MN,Clearwater,2.38830794
MN,Cook,2.38830794
MN,Cottonwood,2.38830794
MN,Crow Wing,2.38830794
MN,Dakota,2.38830794
MN,Dodge,2.38830794
MN,Douglas,2.38830794
MN,Faribault,2.38830794
MN,Fillmore,2.38830794
MN,Freeborn,2.38830794
MN,Goodhue,2.38830794
MN,Grant,2.38830794
MN,Hennepin,2.38830794
MN,Houston,2.38830794
MN,Hubbard,2.38830794
MN,Isanti,2.38830794
MN,Itasca,2.38830794
MN,Jackson,2.38830794
MN,Kanabec,2.38830794
MN,Kandiyohi,2.38830794
MN,Kittson,2.38830794
MN,Koochiching,2.38830794
MN,Lac qui Parle,2.38830794
MN,Lake,2.38830794
MN,Lake of the Woods,2.38830794
MN,Le Sueur,2.38830794
MN,Lincoln,2.38830794
MN,Lyon,2.38830794
MN,McLeod,2.38830794
MN,Mahnomen,2.38830794
MN,Marshall,2.38830794
MN,Martin,2.38830794
MN,Meeker,2.38830794
MN,Mille Lacs,2.38830794
MN,Morrison,2.38830794
MN,Mower,2.38830794
MN,Murray,2.38830794
MN,Nicollet,2.38830794
MN,Nobles,2.38830794
MN,Norman,2.38830794
MN,Olmsted,2.38830794
MN,Otter Tail,2.38830794
MN,Pennington,2.38830794
MN,Pine,2.38830794
MN,Pipestone,2.38830794
MN,Polk,2.38830794
MN,Pope,2.38830794
MN,Ramsey,2.38830794
MN,Red Lake,2.38830794
MN,Redwood,2.38830794
MN,Renville,2.38830794
MN,Rice,2.38830794
MN,Rock,2.38830794
MN,Roseau,2.38830794
MN,St. Louis,2.38830794
MN,Scott,2.38830794
MN,Sherburne,2.38830794
MN,Sibley,2.38830794
MN,Stearns,2.38830794
MN,Steele,2.38830794
MN,Stevens,2.38830794
MN,Swift,2.38830794
MN,Todd,2.38830794
MN,Traverse,2.38830794
MN,Wabasha,2.38830794
MN,Wadena,2.38830794
MN,Waseca,2.38830794
MN,Washington,2.38830794
MN,Watonwan,2.38830794
MN,Wilkin,2.38830794
MN,Winona,2.38830794
MN,Wright,2.38830794
MN,Yellow Medicine,2.38830794
MS,Adams,3.177134614
MS,Alcorn,3.177134614
MS,Amite,3.177134614
MS,Attala,3.177134614
MS,Benton,3.177134614
MS,Bolivar,3.177134614
MS,Calhoun,3.177134614
MS,Carroll,3.177134614
MS,Chickasaw,3.177134614
MS,Choctaw,3.177134614
MS,Claiborne,3.177134614
MS,Clarke,3.177134614
MS,Clay,3.177134614
MS,Coahoma,3.177134614
MS,Copiah,3.177134614
MS,Covington,3.177134614
MS,DeSoto,3.177134614
MS,Forrest,3.177134614
MS,Franklin,3.177134614
MS,George,3.177134614
MS,Greene,3.177134614
MS,Grenada,3.177134614
MS,Hancock,3.177134614
MS,Harrison,3.177134614
MS,Hinds,3.177134614
MS,Holmes,3.177134614
MS,Humphreys,3.177134614
MS,Issaquena,3.177134614
MS,Itawamba,3.177134614
MS,Jackson,3.177134614
MS,Jasper,3.177134614
MS,Jefferson,3.177134614
MS,Jefferson Davis,3.177134614
MS,Jones,3.177134614
MS,Kemper,3.177134614
MS,Lafayette,3.177134614
MS,Lamar,3.177134614
MS,Lauderdale,3.177134614
MS,Lawrence,3.177134614
MS,Leake,3.177134614
MS,Lee,3.177134614
MS,Leflore,3.177134614
MS,Lincoln,3.177134614
MS,Lowndes,3.177134614
MS,Madison,3.177134614
MS,Marion,3.177134614
MS,Marshall,3.177134614
MS,Monroe,3.177134614
MS,Montgomery,3.177134614
MS,Neshoba,3.177134614
MS,Newton,3.177134614
MS,Noxubee,3.177134614
MS,Oktibbeha,3.177134614
MS,Panola,3.177134614
MS,Pearl River,3.177134614
MS,Perry,3.177134614
MS,Pike,3.177134614
MS,Pontotoc,3.177134614
MS,Prentiss,3.177134614
MS,Quitman,3.177134614
MS,Rankin,3.177134614
MS,Scott,3.177134614
MS,Sharkey,3.177134614
MS,Simpson,3.177134614
MS,Smith,3.177134614
MS,Stone,3.177134614
MS,Sunflower,3.177134614
MS,Tallahatchie,3.177134614
MS,Tate,3.177134614
MS,Tippah,3.177134614
MS,Tishomingo,3.177134614
MS,Tunica,3.177134614
MS,Union,3.177134614
MS,Walthall,3.177134614
MS,Warren,3.177134614
MS,Washington,3.177134614
MS,Wayne,3.177134614
MS,Webster,3.177134614
MS,Wilkinson,3.177134614
MS,Winston,3.177134614
MS,Yalobusha,3.177134614
MS,Yazoo,3.177134614
MO,Adair,2.422270726
MO,Andrew,2.422270726
MO,Atchison,2.422270726
MO,Audrain,2.422270726
MO,Barry,2.422270726
MO,Barton,2.422270726
MO,Bates,2.422270726
MO,Benton,2.422270726
MO,Bollinger,2.422270726
MO,Boone,2.422270726
MO,Buchanan,2.422270726
MO,Butler,2.422270726
MO,Caldwell,2.422270726
MO,Callaway,2.422270726
MO,Camden,2.422270726
MO,Cape Girardeau,2.422270726
MO,Carroll,2.422270726
MO,Carter,2.422270726
MO,Cass,2.422270726
MO,Cedar,2.422270726
MO,Chariton,2.422270726
MO,Christian,2.422270726
MO,Clark,2.422270726
MO,Clay,2.422270726
MO,Clinton,2.422270726
MO,Cole,2.422270726
MO,Cooper,2.422270726
MO,Crawford,2.422270726
MO,Dade,2.422270726
MO,Dallas,2.422270726
MO,Daviess,2.422270726
MO,DeKalb,2.422270726
MO,Dent,2.422270726
MO,Douglas,2.422270726
MO,Dunklin,2.422270726
MO,Franklin,2.422270726
MO,Gasconade,2.422270726
MO,Gentry,2.422270726
MO,Greene,2.422270726
MO,Grundy,2.422270726
MO,Harrison,2.422270726
MO,Henry,2.422270726
MO,Hickory,2.422270726
MO,Holt,2.422270726
MO,Howard,2.422270726
MO,Howell,2.422270726
MO,Iron,2.422270726
MO,Jackson,2.422270726
MO,Jasper,2.422270726
MO,Jefferson,2.422270726
MO,Johnson,2.422270726
MO,Knox,2.422270726
MO,Laclede,2.422270726
MO,Lafayette,2.422270726
MO,Lawrence,2.422270726
MO,Lewis,2.422270726
MO,Lincoln,2.422270726
MO,Linn,2.422270726
MO,Livingston,2.422270726
MO,McDonald,2.422270726
MO,Macon,2.422270726
MO,Madison,2.422270726
MO,Maries,2.422270726
MO,Marion,2.422270726
MO,Mercer,2.422270726
MO,Miller,2.422270726
MO,Mississippi,2.422270726
MO,Moniteau,2.422270726
MO,Monroe,2.422270726
MO,Montgomery,2.422270726
MO,Morgan,2.422270726
MO,New Madrid,2.422270726
MO,Newton,2.422270726
MO,Nodaway,2.422270726
MO,Oregon,2.422270726
MO,Osage,2.422270726
MO,Ozark,2.422270726
MO,Pemiscot,2.422270726
MO,Perry,2.422270726
MO,Pettis,2.422270726
MO,Phelps,2.422270726
MO,Pike,2.422270726
MO,Platte,2.422270726
MO,Polk,2.422270726
MO,Pulaski,2.422270726
MO,Putnam,2.422270726
MO,Ralls,2.422270726
MO,Randolph,2.422270726
MO,Ray,2.422270726
MO,Reynolds,2.422270726
MO,Ripley,2.422270726
MO,St. Charles,2.422270726
MO,St. Clair,2.422270726
MO,Ste. Genevieve,2.422270726
MO,St. Francois,2.422270726
MO,St. Louis,2.422270726
MO,Saline,2.422270726
MO,Schuyler,2.422270726
MO,Scotland,2.422270726
MO,Scott,2.422270726
MO,Shannon,2.422270726
MO,Shelby,2.422270726
MO,Stoddard,2.422270726
MO,Stone,2.422270726
MO,Sullivan,2.422270726
MO,Taney,2.422270726
MO,Texas,2.422270726
MO,Vernon,2.422270726
MO,Warren,2.422270726
MO,Washington,2.422270726
MO,Wayne,2.422270726
MO,Webster,2.422270726
MO,Worth,2.422270726
MO,Wright,2.422270726
MO,St. Louis,2.422270726
MT,Beaverhead,2.038561855
MT,Big Horn,2.038561855
MT,Blaine,2.038561855
MT,Broadwater,2.038561855
MT,Carbon,2.038561855
MT,Carter,2.038561855
MT,Cascade,2.038561855
MT,Chouteau,2.038561855
MT,Custer,2.038561855
MT,Daniels,2.038561855
MT,Dawson,2.038561855
MT,Deer Lodge,2.038561855
MT,Fallon,2.038561855
MT,Fergus,2.038561855
MT,Flathead,2.038561855
MT,Gallatin,2.038561855
MT,Garfield,2.038561855
MT,Glacier,2.038561855
MT,Golden Valley,2.038561855
MT,Granite,2.038561855
MT,Hill,2.038561855
MT,Jefferson,2.038561855
MT,Judith Basin,2.038561855
MT,Lake,2.038561855
MT,Lewis and Clark,2.038561855
MT,Liberty,2.038561855
MT,Lincoln,2.038561855
MT,McCone,2.038561855
MT,Madison,2.038561855
MT,Meagher,2.038561855
MT,Mineral,2.038561855
MT,Missoula,2.038561855
MT,Musselshell,2.038561855
MT,Park,2.038561855
MT,Petroleum,2.038561855
MT,Phillips,2.038561855
MT,Pondera,2.038561855
MT,Powder River,2.038561855
MT,Powell,2.038561855
MT,Prairie,2.038561855
MT,Ravalli,2.038561855
MT,Richland,2.038561855
MT,Roosevelt,2.038561855
MT,Rosebud,2.038561855
MT,Sanders,2.038561855
MT,Sheridan,2.038561855
MT,Silver Bow,2.038561855
MT,Stillwater,2.038561855
MT,Sweet Grass,2.038561855
MT,Teton,2.038561855
MT,Toole,2.038561855
MT,Treasure,2.038561855
MT,Valley,2.038561855
MT,Wheatland,2.038561855
MT,Wibaux,2.038561855
MT,Yellowstone,2.038561855
NE,Adams,2.303509194
NE,Antelope,2.303509194
NE,Arthur,2.303509194
NE,Banner,2.303509194
NE,Blaine,2.303509194
NE,Boone,2.303509194
NE,Box Butte,2.303509194
NE,Boyd,2.303509194
NE,Brown,2.303509194
NE,Buffalo,2.303509194
NE,Burt,2.303509194
NE,Butler,2.303509194
NE,Cass,2.303509194
NE,Cedar,2.303509194
NE,Chase,2.303509194
NE,Cherry,2.303509194
NE,Cheyenne,2.303509194
NE,Clay,2.303509194
NE,Colfax,2.303509194
NE,Cuming,2.303509194
NE,Custer,2.303509194
NE,Dakota,2.303509194
NE,Dawes,2.303509194
NE,Dawson,2.303509194
NE,Deuel,2.303509194
NE,Dixon,2.303509194
NE,Dodge,2.303509194
NE,Douglas,2.303509194
NE,Dundy,2.303509194
NE,Fillmore,2.303509194
NE,Franklin,2.303509194
NE,Frontier,2.303509194
NE,Furnas,2.303509194
NE,Gage,2.303509194
NE,Garden,2.303509194
NE,Garfield,2.303509194
NE,Gosper,2.303509194
NE,Grant,2.303509194
NE,Greeley,2.303509194
NE,Hall,2.303509194
NE,Hamilton,2.303509194
NE,Harlan,2.303509194
NE,Hayes,2.303509194
NE,Hitchcock,2.303509194
NE,Holt,2.303509194
NE,Hooker,2.303509194
NE,Howard,2.303509194
NE,Jefferson,2.303509194
NE,Johnson,2.303509194
NE,Kearney,2.303509194
NE,Keith,2.303509194
NE,Keya Paha,2.303509194
NE,Kimball,2.303509194
NE,Knox,2.303509194
NE,Lancaster,2.303509194
NE,Lincoln,2.303509194
NE,Logan,2.303509194
NE,Loup,2.303509194
NE,McPherson,2.303509194
NE,Madison,2.303509194
NE,Merrick,2.303509194
NE,Morrill,2.303509194
NE,Nance,2.303509194
NE,Nemaha,2.303509194
NE,Nuckolls,2.303509194
NE,Otoe,2.303509194
NE,Pawnee,2.303509194
NE,Perkins,2.303509194
NE,Phelps,2.303509194
NE,Pierce,2.303509194
NE,Platte,2.303509194
NE,Polk,2.303509194
NE,Red Willow,2.303509194
NE,Richardson,2.303509194
NE,Rock,2.303509194
NE,Saline,2.303509194
NE,Sarpy,2.303509194
NE,Saunders,2.303509194
NE,Scotts Bluff,2.303509194
NE,Seward,2.303509194
NE,Sheridan,2.303509194
NE,Sherman,2.303509194
NE,Sioux,2.303509194
NE,Stanton,2.303509194
NE,Thayer,2.303509194
NE,Thomas,2.303509194
NE,Thurston,2.303509194
NE,Valley,2.303509194
NE,Washington,2.303509194
NE,Wayne,2.303509194
NE,Webster,2.303509194
NE,Wheeler,2.303509194
NE,York,2.303509194
NV,Churchill,2.765149451
NV,Clark,2.765149451
NV,Douglas,2.765149451
NV,Elko,2.765149451
NV,Esmeralda,2.765149451
NV,Eureka,2.765149451
NV,Humboldt,2.765149451
NV,Lander,2.765149451
NV,Lincoln,2.765149451
NV,Lyon,2.765149451
NV,Mineral,2.765149451
NV,Nye,2.765149451
NV,Pershing,2.765149451
NV,Storey,2.765149451
NV,Washoe,2.765149451
NV,White Pine,2.765149451
NV,Carson City,2.765149451
NH,Belknap,1.233935157
NH,Carroll,1.233935157
NH,Cheshire,1.233935157
NH,Coos,1.233935157
NH,Grafton,1.233935157
NH,Hillsborough,1.233935157
NH,Merrimack,1.233935157
NH,Rockingham,1.233935157
NH,Strafford,1.233935157
NH,Sullivan,1.233935157
NJ,Atlantic,1.940230129
NJ,Bergen,1.940230129
NJ,Burlington,1.940230129
NJ,Camden,1.940230129
NJ,Cape May,1.940230129
NJ,Cumberland,1.940230129
NJ,Essex,1.940230129
NJ,Gloucester,1.940230129
NJ,Hudson,1.940230129
NJ,Hunterdon,1.940230129
NJ,Mercer,1.940230129
NJ,Middlesex,1.940230129
NJ,Monmouth,1.940230129
NJ,Morris,1.940230129
NJ,Ocean,1.940230129
NJ,Passaic,1.940230129
NJ,Salem,1.940230129
NJ,Somerset,1.940230129
NJ,Sussex,1.940230129
NJ,Union,1.940230129
NJ,Warren,1.940230129
NM,Bernalillo,3.064118497
NM,Catron,3.064118497
NM,Chaves,3.064118497
NM,Cibola,3.064118497
NM,Colfax,3.064118497
NM,Curry,3.064118497
NM,De Baca,3.064118497
NM,Doña Ana,3.064118497
NM,Eddy,3.064118497
NM,Grant,3.064118497
NM,Guadalupe,3.064118497
NM,Harding,3.064118497
NM,Hidalgo,3.064118497
NM,Lea,3.064118497
NM,Lincoln,3.064118497
NM,Los Alamos,3.064118497
NM,Luna,3.064118497
NM,McKinley,3.064118497
NM,Mora,3.064118497
NM,Otero,3.064118497
NM,Quay,3.064118497
NM,Rio Arriba,3.064118497
NM,Roosevelt,3.064118497
NM,Sandoval,3.064118497
NM,San Juan,3.064118497
NM,San Miguel,3.064118497
NM,Santa Fe,3.064118497
NM,Sierra,3.064118497
NM,Socorro,3.064118497
NM,Taos,3.064118497
NM,Torrance,3.064118497
NM,Union,3.064118497
NM,Valencia,3.064118497
NY,Albany,2.670762598
NY,Allegany,2.670762598
NY,Bronx,2.670762598
NY,Broome,2.670762598
NY,Cattaraugus,2.670762598
NY,Cayuga,2.670762598
NY,Chautauqua,2.670762598
NY,Chemung,2.670762598
NY,Chenango,2.670762598
NY,Clinton,2.670762598
NY,Columbia,2.670762598
NY,Cortland,2.670762598
NY,Delaware,2.670762598
NY,Dutchess,2.670762598
NY,Erie,2.670762598
NY,Essex,2.670762598
NY,Franklin,2.670762598
NY,Fulton,2.670762598
NY,Genesee,2.670762598
NY,Greene,2.670762598
NY,Hamilton,2.670762598
NY,Herkimer,2.670762598
NY,Jefferson,2.670762598
NY,Kings,2.670762598
NY,Lewis,2.670762598
NY,Livingston,2.670762598
NY,Madison,2.670762598
NY,Monroe,2.670762598
NY,Montgomery,2.670762598
NY,Nassau,2.670762598
NY,New York,2.670762598
NY,Niagara,2.670762598
NY,Oneida,2.670762598
NY,Onondaga,2.670762598
NY,Ontario,2.670762598
NY,Orange,2.670762598
NY,Orleans,2.670762598
NY,Oswego,2.670762598
NY,Otsego,2.670762598
NY,Putnam,2.670762598
NY,Queens,2.670762598
NY,Rensselaer,2.670762598
NY,Richmond,2.670762598
NY,Rockland,2.670762598
NY,St. Lawrence,2.670762598
NY,Saratoga,2.670762598
NY,Schenectady,2.670762598
NY,Schoharie,2.670762598
NY,Schuyler,2.670762598
NY,Seneca,2.670762598
NY,Steuben,2.670762598
NY,Suffolk,2.670762598
NY,Sullivan,2.670762598
NY,Tioga,2.670762598
NY,Tompkins,2.670762598
NY,Ulster,2.670762598
NY,Warren,2.670762598
NY,Washington,2.670762598
NY,Wayne,2.670762598
NY,Westchester,2.670762598
NY,Wyoming,2.670762598
NY,Yates,2.670762598
NC,Alamance,2.76090632
NC,Alexander,2.76090632
NC,Alleghany,2.76090632
NC,Anson,2.76090632
NC,Ashe,2.76090632
NC,Avery,2.76090632
NC,Beaufort,2.76090632
NC,Bertie,2.76090632
NC,Bladen,2.76090632
NC,Brunswick,2.76090632
NC,Buncombe,2.76090632
NC,Burke,2.76090632
NC,Cabarrus,2.76090632
NC,Caldwell,2.76090632
NC,Camden,2.76090632
NC,Carteret,2.76090632
NC,Caswell,2.76090632
NC,Catawba,2.76090632
NC,Chatham,2.76090632
NC,Cherokee,2.76090632
NC,Chowan,2.76090632
NC,Clay,2.76090632
NC,Cleveland,2.76090632
NC,Columbus,2.76090632
NC,Craven,2.76090632
NC,Cumberland,2.76090632
NC,Currituck,2.76090632
NC,Dare,2.76090632
NC,Davidson,2.76090632
NC,Davie,2.76090632
NC,Duplin,2.76090632
NC,Durham,2.76090632
NC,Edgecombe,2.76090632
NC,Forsyth,2.76090632
NC,Franklin,2.76090632
NC,Gaston,2.76090632
NC,Gates,2.76090632
NC,Graham,2.76090632
NC,Granville,2.76090632
NC,Greene,2.76090632
NC,Guilford,2.76090632
NC,Halifax,2.76090632
NC,Harnett,2.76090632
NC,Haywood,2.76090632
NC,Henderson,2.76090632
NC,Hertford,2.76090632
NC,Hoke,2.76090632
NC,Hyde,2.76090632
NC,Iredell,2.76090632
NC,Jackson,2.76090632
NC,Johnston,2.76090632
NC,Jones,2.76090632
NC,Lee,2.76090632
NC,Lenoir,2.76090632
NC,Lincoln,2.76090632
NC,McDowell,2.76090632
NC,Macon,2.76090632
NC,Madison,2.76090632
NC,Martin,2.76090632
NC,Mecklenburg,2.76090632
NC,Mitchell,2.76090632
NC,Montgomery,2.76090632
NC,Moore,2.76090632
NC,Nash,2.76090632
NC,New Hanover,2.76090632
NC,Northampton,2.76090632
NC,Onslow,2.76090632
NC,Orange,2.76090632
NC,Pamlico,2.76090632
NC,Pasquotank,2.76090632
NC,Pender,2.76090632
NC,Perquimans,2.76090632
NC,Person,2.76090632
NC,Pitt,2.76090632
NC,Polk,2.76090632
NC,Randolph,2.76090632
NC,Richmond,2.76090632
NC,Robeson,2.76090632
NC,Rockingham,2.76090632
NC,Rowan,2.76090632
NC,Rutherford,2.76090632
NC,Sampson,2.76090632
NC,Scotland,2.76090632
NC,Stanly,2.76090632
NC,Stokes,2.76090632
NC,Surry,2.76090632
NC,Swain,2.76090632
NC,Transylvania,2.76090632
NC,Tyrrell,2.76090632
NC,Union,2.76090632
NC,Vance,2.76090632
NC,Wake,2.76090632
NC,Warren,2.76090632
NC,Washington,2.76090632
NC,Watauga,2.76090632
NC,Wayne,2.76090632
NC,Wilkes,2.76090632
NC,Wilson,2.76090632
NC,Yadkin,2.76090632
NC,Yancey,2.76090632
ND,Adams,1.947791026
ND,Barnes,1.947791026
ND,Benson,1.947791026
ND,Billings,1.947791026
ND,Bottineau,1.947791026
ND,Bowman,1.947791026
ND,Burke,1.947791026
ND,Burleigh,1.947791026
ND,Cass,1.947791026
ND,Cavalier,1.947791026
ND,Dickey,1.947791026
ND,Divide,1.947791026
ND,Dunn,1.947791026
ND,Eddy,1.947791026
ND,Emmons,1.947791026
ND,Foster,1.947791026
ND,Golden Valley,1.947791026
ND,Grand Forks,1.947791026
ND,Grant,1.947791026
ND,Griggs,1.947791026
ND,Hettinger,1.947791026
ND,Kidder,1.947791026
ND,LaMoure,1.947791026
ND,Logan,1.947791026
ND,McHenry,1.947791026
ND,McIntosh,1.947791026
ND,McKenzie,1.947791026
ND,McLean,1.947791026
ND,Mercer,1.947791026
ND,Morton,1.947791026
ND,Mountrail,1.947791026
ND,Nelson,1.947791026
ND,Oliver,1.947791026
ND,Pembina,1.947791026
ND,Pierce,1.947791026
ND,Ramsey,1.947791026
ND,Ransom,1.947791026
ND,Renville,1.947791026
ND,Richland,1.947791026
ND,Rolette,1.947791026
ND,Sargent,1.947791026
ND,Sheridan,1.947791026
ND,Sioux,1.947791026
ND,Slope,1.947791026
ND,Stark,1.947791026
ND,Steele,1.947791026
ND,Stutsman,1.947791026
ND,Towner,1.947791026
ND,Traill,1.947791026
ND,Walsh,1.947791026
ND,Ward,1.947791026
ND,Wells,1.947791026
ND,Williams,1.947791026
OH,Adams,2.387010247
OH,Allen,2.387010247
OH,Ashland,2.387010247
OH,Ashtabula,2.387010247
OH,Athens,2.387010247
OH,Auglaize,2.387010247
OH,Belmont,2.387010247
OH,Brown,2.387010247
OH,Butler,2.387010247
OH,Carroll,2.387010247
OH,Champaign,2.387010247
OH,Clark,2.387010247
OH,Clermont,2.387010247
OH,Clinton,2.387010247
OH,Columbiana,2.387010247
OH,Coshocton,2.387010247
OH,Crawford,2.387010247
OH,Cuyahoga,2.387010247
OH,Darke,2.387010247
OH,Defiance,2.387010247
OH,Delaware,2.387010247
OH,Erie,2.387010247
OH,Fairfield,2.387010247
OH,Fayette,2.387010247
OH,Franklin,2.387010247
OH,Fulton,2.387010247
OH,Gallia,2.387010247
OH,Geauga,2.387010247
OH,Greene,2.387010247
OH,Guernsey,2.387010247
OH,Hamilton,2.387010247
OH,Hancock,2.387010247
OH,Hardin,2.387010247
OH,Harrison,2.387010247
OH,Henry,2.387010247
OH,Highland,2.387010247
OH,Hocking,2.387010247
OH,Holmes,2.387010247
OH,Huron,2.387010247
OH,Jackson,2.387010247
OH,Jefferson,2.387010247
OH,Knox,2.387010247
OH,Lake,2.387010247
OH,Lawrence,2.387010247
OH,Licking,2.387010247
OH,Logan,2.387010247
OH,Lorain,2.387010247
OH,Lucas,2.387010247
OH,Madison,2.387010247
OH,Mahoning,2.387010247
OH,Marion,2.387010247
OH,Medina,2.387010247
OH,Meigs,2.387010247
OH,Mercer,2.387010247
OH,Miami,2.387010247
OH,Monroe,2.387010247
OH,Montgomery,2.387010247
OH,Morgan,2.387010247
OH,Morrow,2.387010247
OH,Muskingum,2.387010247
OH,Noble,2.387010247
OH,Ottawa,2.387010247
OH,Paulding,2.387010247
OH,Perry,2.387010247
OH,Pickaway,2.387010247
OH,Pike,2.387010247
OH,Portage,2.387010247
OH,Preble,2.387010247
OH,Putnam,2.387010247
OH,Richland,2.387010247
OH,Ross,2.387010247
OH,Sandusky,2.387010247
OH,Scioto,2.387010247
OH,Seneca,2.387010247
OH,Shelby,2.387010247
OH,Stark,2.387010247
OH,Summit,2.387010247
OH,Trumbull,2.387010247
OH,Tuscarawas,2.387010247
OH,Union,2.387010247
OH,Van Wert,2.387010247
OH,Vinton,2.387010247
OH,Warren,2.387010247
OH,Washington,2.387010247
OH,Wayne,2.387010247
OH,Williams,2.387010247
OH,Wood,2.387010247
OH,Wyandot,2.387010247
OK,Adair,3.225693857
OK,Alfalfa,3.225693857
OK,Atoka,3.225693857
OK,Beaver,3.225693857
OK,Beckham,3.225693857
OK,Blaine,3.225693857
OK,Bryan,3.225693857
OK,Caddo,3.225693857
OK,Canadian,3.225693857
OK,Carter,3.225693857
OK,Cherokee,3.225693857
OK,Choctaw,3.225693857
OK,Cimarron,3.225693857
OK,Cleveland,3.225693857
OK,Coal,3.225693857
OK,Comanche,3.225693857
OK,Cotton,3.225693857
OK,Craig,3.225693857
OK,Creek,3.225693857
OK,Custer,3.225693857
OK,Delaware,3.225693857
OK,Dewey,3.225693857
OK,Ellis,3.225693857
OK,Garfield,3.225693857
OK,Garvin,3.225693857
OK,Grady,3.225693857
OK,Grant,3.225693857
OK,Greer,3.225693857
OK,Harmon,3.225693857
OK,Harper,3.225693857
OK,Haskell,3.225693857
OK,Hughes,3.225693857
OK,Jackson,3.225693857
OK,Jefferson,3.225693857
OK,Johnston,3.225693857
OK,Kay,3.225693857
OK,Kingfisher,3.225693857
OK,Kiowa,3.225693857
OK,Latimer,3.225693857
OK,Le Flore,3.225693857
OK,Lincoln,3.225693857
OK,Logan,3.225693857
OK,Love,3.225693857
OK,McClain,3.225693857
OK,McCurtain,3.225693857
OK,McIntosh,3.225693857
OK,Major,3.225693857
OK,Marshall,3.225693857
OK,Mayes,3.225693857
OK,Murray,3.225693857
OK,Muskogee,3.225693857
OK,Noble,3.225693857
OK,Nowata,3.225693857
OK,Okfuskee,3.225693857
OK,Oklahoma,3.225693857
OK,Okmulgee,3.225693857
OK,Osage,3.225693857
OK,Ottawa,3.225693857
OK,Pawnee,3.225693857
OK,Payne,3.225693857
OK,Pittsburg,3.225693857
OK,Pontotoc,3.225693857
OK,Pottawatomie,3.225693857
OK,Pushmataha,3.225693857
OK,Roger Mills,3.225693857
OK,Rogers,3.225693857
OK,Seminole,3.225693857
OK,Sequoyah,3.225693857
OK,Stephens,3.225693857
OK,Texas,3.225693857
OK,Tillman,3.225693857
OK,Tulsa,3.225693857
OK,Wagoner,3.225693857
OK,Washington,3.225693857
OK,Washita,3.225693857
OK,Woods,3.225693857
OK,Woodward,3.225693857
OR,Baker,2.867234902
OR,Benton,2.867234902
OR,Clackamas,2.867234902
OR,Clatsop,2.867234902
OR,Columbia,2.867234902
OR,Coos,2.867234902
OR,Crook,2.867234902
OR,Curry,2.867234902
OR,Deschutes,2.867234902
OR,Douglas,2.867234902
OR,Gilliam,2.867234902
OR,Grant,2.867234902
OR,Harney,2.867234902
OR,Hood River,2.867234902
OR,Jackson,2.867234902
OR,Jefferson,2.867234902
OR,Josephine,2.867234902
OR,Klamath,2.867234902
OR,Lake,2.867234902
OR,Lane,2.867234902
OR,Lincoln,2.867234902
OR,Linn,2.867234902
OR,Malheur,2.867234902
OR,Marion,2.867234902
OR,Morrow,2.867234902
OR,Multnomah,2.867234902
OR,Polk,2.867234902
OR,Sherman,2.867234902
OR,Tillamook,2.867234902
OR,Umatilla,2.867234902
OR,Union,2.867234902
OR,Wallowa,2.867234902
OR,Wasco,2.867234902
OR,Washington,2.867234902
OR,Wheeler,2.867234902
OR,Yamhill,2.867234902
PA,Adams,1.981595209
PA,Allegheny,1.981595209
PA,Armstrong,1.981595209
PA,Beaver,1.981595209
PA,Bedford,1.981595209
PA,Berks,1.981595209
PA,Blair,1.981595209
PA,Bradford,1.981595209
PA,Bucks,1.981595209
PA,Butler,1.981595209
PA,Cambria,1.981595209
PA,Cameron,1.981595209
PA,Carbon,1.981595209
PA,Centre,1.981595209
PA,Chester,1.981595209
PA,Clarion,1.981595209
PA,Clearfield,1.981595209
PA,Clinton,1.981595209
PA,Columbia,1.981595209
PA,Crawford,1.981595209
PA,Cumberland,1.981595209
PA,Dauphin,1.981595209
PA,Delaware,1.981595209
PA,Elk,1.981595209
PA,Erie,1.981595209
PA,Fayette,1.981595209
PA,Forest,1.981595209
PA,Franklin,1.981595209
PA,Fulton,1.981595209
PA,Greene,1.981595209
PA,Huntingdon,1.981595209
PA,Indiana,1.981595209
PA,Jefferson,1.981595209
PA,Juniata,1.981595209
PA,Lackawanna,1.981595209
PA,Lancaster,1.981595209
PA,Lawrence,1.981595209
PA,Lebanon,1.981595209
PA,Lehigh,1.981595209
PA,Luzerne,1.981595209
PA,Lycoming,1.981595209
PA,McKean,1.981595209
PA,Mercer,1.981595209
PA,Mifflin,1.981595209
PA,Monroe,1.981595209
PA,Montgomery,1.981595209
PA,Montour,1.981595209
PA,Northampton,1.981595209
PA,Northumberland,1.981595209
PA,Perry,1.981595209
PA,Philadelphia,1.981595209
PA,Pike,1.981595209
PA,Potter,1.981595209
PA,Schuylkill,1.981595209
PA,Snyder,1.981595209
PA,Somerset,1.981595209
PA,Sullivan,1.981595209
PA,Susquehanna,1.981595209
PA,Tioga,1.981595209
PA,Union,1.981595209
PA,Venango,1.981595209
PA,Warren,1.981595209
PA,Washington,1.981595209
PA,Wayne,1.981595209
PA,Westmoreland,1.981595209
PA,Wyoming,1.981595209
PA,York,1.981595209
RI,Bristol,2.304527495
RI,Kent,2.304527495
RI,Newport,2.304527495
RI,Providence,2.304527495
RI,Washington,2.304527495
SC,Abbeville,2.765939135
SC,Aiken,2.765939135
SC,Allendale,2.765939135
SC,Anderson,2.765939135
SC,Bamberg,2.765939135
SC,Barnwell,2.765939135
SC,Beaufort,2.765939135
SC,Berkeley,2.765939135
SC,Calhoun,2.765939135
SC,Charleston,2.765939135
SC,Cherokee,2.765939135
SC,Chester,2.765939135
SC,Chesterfield,2.765939135
SC,Clarendon,2.765939135
SC,Colleton,2.765939135
SC,Darlington,2.765939135
SC,Dillon,2.765939135
SC,Dorchester,2.765939135
SC,Edgefield,2.765939135
SC,Fairfield,2.765939135
SC,Florence,2.765939135
SC,Georgetown,2.765939135
SC,Greenville,2.765939135
SC,Greenwood,2.765939135
SC,Hampton,2.765939135
SC,Horry,2.765939135
SC,Jasper,2.765939135
SC,Kershaw,2.765939135
SC,Lancaster,2.765939135
SC,Laurens,2.765939135
SC,Lee,2.765939135
SC,Lexington,2.765939135
SC,McCormick,2.765939135
SC,Marion,2.765939135
SC,Marlboro,2.765939135
SC,Newberry,2.765939135
SC,Oconee,2.765939135
SC,Orangeburg,2.765939135
SC,Pickens,2.765939135
SC,Richland,2.765939135
SC,Saluda,2.765939135
SC,Spartanburg,2.765939135
SC,Sumter,2.765939135
SC,Union,2.765939135
SC,Williamsburg,2.765939135
SC,York,2.765939135
SD,Aurora,2.660808142
SD,Beadle,2.660808142
SD,Bennett,2.660808142
SD,Bon Homme,2.660808142
SD,Brookings,2.660808142
SD,Brown,2.660808142
SD,Brule,2.660808142
SD,Buffalo,2.660808142
SD,Butte,2.660808142
SD,Campbell,2.660808142
SD,Charles Mix,2.660808142
SD,Clark,2.660808142
SD,Clay,2.660808142
SD,Codington,2.660808142
SD,Corson,2.660808142
SD,Custer,2.660808142
SD,Davison,2.660808142
SD,Day,2.660808142
SD,Deuel,2.660808142
SD,Dewey,2.660808142
SD,Douglas,2.660808142
SD,Edmunds,2.660808142
SD,Fall River,2.660808142
SD,Faulk,2.660808142
SD,Grant,2.660808142
SD,Gregory,2.660808142
SD,Haakon,2.660808142
SD,Hamlin,2.660808142
SD,Hand,2.660808142
SD,Hanson,2.660808142
SD,Harding,2.660808142
SD,Hughes,2.660808142
SD,Hutchinson,2.660808142
SD,Hyde,2.660808142
SD,Jackson,2.660808142
SD,Jerauld,2.660808142
SD,Jones,2.660808142
SD,Kingsbury,2.660808142
SD,Lake,2.660808142
SD,Lawrence,2.660808142
SD,Lincoln,2.660808142
SD,Lyman,2.660808142
SD,McCook,2.660808142
SD,McPherson,2.660808142
SD,Marshall,2.660808142
SD,Meade,2.660808142
SD,Mellette,2.660808142
SD,Miner,2.660808142
SD,Minnehaha,2.660808142
SD,Moody,2.660808142
SD,Pennington,2.660808142
SD,Perkins,2.660808142
SD,Potter,2.660808142
SD,Roberts,2.660808142
SD,Sanborn,2.660808142
SD,Shannon,2.660808142
SD,Spink,2.660808142
SD,Stanley,2.660808142
SD,Sully,2.660808142
SD,Todd,2.660808142
SD,Tripp,2.660808142
SD,Turner,2.660808142
SD,Union,2.660808142
SD,Walworth,2.660808142
SD,Yankton,2.660808142
SD,Ziebach,2.660808142
TN,Anderson,2.523394866
TN,Bedford,2.523394866
TN,Benton,2.523394866
TN,Bledsoe,2.523394866
TN,Blount,2.523394866
TN,Bradley,2.523394866
TN,Campbell,2.523394866
TN,Cannon,2.523394866
TN,Carroll,2.523394866
TN,Carter,2.523394866
TN,Cheatham,2.523394866
TN,Chester,2.523394866
TN,Claiborne,2.523394866
TN,Clay,2.523394866
TN,Cocke,2.523394866
TN,Coffee,2.523394866
TN,Crockett,2.523394866
TN,Cumberland,2.523394866
TN,Davidson,2.523394866
TN,Decatur,2.523394866
TN,DeKalb,2.523394866
TN,Dickson,2.523394866
TN,Dyer,2.523394866
TN,Fayette,2.523394866
TN,Fentress,2.523394866
TN,Franklin,2.523394866
TN,Gibson,2.523394866
TN,Giles,2.523394866
TN,Grainger,2.523394866
TN,Greene,2.523394866
TN,Grundy,2.523394866
TN,Hamblen,2.523394866
TN,Hamilton,2.523394866
TN,Hancock,2.523394866
TN,Hardeman,2.523394866
TN,Hardin,2.523394866
TN,Hawkins,2.523394866
TN,Haywood,2.523394866
TN,Henderson,2.523394866
TN,Henry,2.523394866
TN,Hickman,2.523394866
TN,Houston,2.523394866
TN,Humphreys,2.523394866
TN,Jackson,2.523394866
TN,Jefferson,2.523394866
TN,Johnson,2.523394866
TN,Knox,2.523394866
TN,Lake,2.523394866
TN,Lauderdale,2.523394866
TN,Lawrence,2.523394866
TN,Lewis,2.523394866
TN,Lincoln,2.523394866
TN,Loudon,2.523394866
TN,McMinn,2.523394866
TN,McNairy,2.523394866
TN,Macon,2.523394866
TN,Madison,2.523394866
TN,Marion,2.523394866
TN,Marshall,2.523394866
TN,Maury,2.523394866
TN,Meigs,2.523394866
TN,Monroe,2.523394866
TN,Montgomery,2.523394866
TN,Moore,2.523394866
TN,Morgan,2.523394866
TN,Obion,2.523394866
TN,Overton,2.523394866
TN,Perry,2.523394866
TN,Pickett,2.523394866
TN,Polk,2.523394866
TN,Putnam,2.523394866
TN,Rhea,2.523394866
TN,Roane,2.523394866
TN,Robertson,2.523394866
TN,Rutherford,2.523394866
TN,Scott,2.523394866
TN,Sequatchie,2.523394866
TN,Sevier,2.523394866
TN,Shelby,2.523394866
TN,Smith,2.523394866
TN,Stewart,2.523394866
TN,Sullivan,2.523394866
TN,Sumner,2.523394866
TN,Tipton,2.523394866
TN,Trousdale,2.523394866
TN,Unicoi,2.523394866
TN,Union,2.523394866
TN,Van Buren,2.523394866
TN,Warren,2.523394866
TN,Washington,2.523394866
TN,Wayne,2.523394866
TN,Weakley,2.523394866
TN,White,2.523394866
TN,Williamson,2.523394866
TN,Wilson,2.523394866
TX,Anderson,3.719153776
TX,Andrews,3.719153776
TX,Angelina,3.719153776
TX,Aransas,3.719153776
TX,Archer,3.719153776
TX,Armstrong,3.719153776
TX,Atascosa,3.719153776
TX,Austin,3.719153776
TX,Bailey,3.719153776
TX,Bandera,3.719153776
TX,Bastrop,3.719153776
TX,Baylor,3.719153776
TX,Bee,3.719153776
TX,Bell,3.719153776
TX,Bexar,3.719153776
TX,Blanco,3.719153776
TX,Borden,3.719153776
TX,Bosque,3.719153776
TX,Bowie,3.719153776
TX,Brazoria,3.719153776
TX,Brazos,3.719153776
TX,Brewster,3.719153776
TX,Briscoe,3.719153776
TX,Brooks,3.719153776
TX,Brown,3.719153776
TX,Burleson,3.719153776
TX,Burnet,3.719153776
TX,Caldwell,3.719153776
TX,Calhoun,3.719153776
TX,Callahan,3.719153776
TX,Cameron,3.719153776
TX,Camp,3.719153776
TX,Carson,3.719153776
TX,Cass,3.719153776
TX,Castro,3.719153776
TX,Chambers,3.719153776
TX,Cherokee,3.719153776
TX,Childress,3.719153776
TX,Clay,3.719153776
TX,Cochran,3.719153776
TX,Coke,3.719153776
TX,Coleman,3.719153776
TX,Collin,3.719153776
TX,Collingsworth,3.719153776
TX,Colorado,3.719153776
TX,Comal,3.719153776
TX,Comanche,3.719153776
TX,Concho,3.719153776
TX,Cooke,3.719153776
TX,Coryell,3.719153776
TX,Cottle,3.719153776
TX,Crane,3.719153776
TX,Crockett,3.719153776
TX,Crosby,3.719153776
TX,Culberson,3.719153776
TX,Dallam,3.719153776
TX,Dallas,3.719153776
TX,Dawson,3.719153776
TX,Deaf Smith,3.719153776
TX,Delta,3.719153776
TX,Denton,3.719153776
TX,DeWitt,3.719153776
TX,Dickens,3.719153776
TX,Dimmit,3.719153776
TX,Donley,3.719153776
TX,Duval,3.719153776
TX,Eastland,3.719153776
TX,Ector,3.719153776
TX,Edwards,3.719153776
TX,Ellis,3.719153776
TX,El Paso,3.719153776
TX,Erath,3.719153776
TX,Falls,3.719153776
TX,Fannin,3.719153776
TX,Fayette,3.719153776
TX,Fisher,3.719153776
TX,Floyd,3.719153776
TX,Foard,3.719153776
TX,Fort Bend,3.719153776
TX,Franklin,3.719153776
TX,Freestone,3.719153776
TX,Frio,3.719153776
TX,Gaines,3.719153776
TX,Galveston,3.719153776
TX,Garza,3.719153776
TX,Gillespie,3.719153776
TX,Glasscock,3.719153776
TX,Goliad,3.719153776
TX,Gonzales,3.719153776
TX,Gray,3.719153776
TX,Grayson,3.719153776
TX,Gregg,3.719153776
TX,Grimes,3.719153776
TX,Guadalupe,3.719153776
TX,Hale,3.719153776
TX,Hall,3.719153776
TX,Hamilton,3.719153776
TX,Hansford,3.719153776
TX,Hardeman,3.719153776
TX,Hardin,3.719153776
TX,Harris,3.719153776
TX,Harrison,3.719153776
TX,Hartley,3.719153776
TX,Haskell,3.719153776
TX,Hays,3.719153776
TX,Hemphill,3.719153776
TX,Henderson,3.719153776
TX,Hidalgo,3.719153776
TX,Hill,3.719153776
TX,Hockley,3.719153776
TX,Hood,3.719153776
TX,Hopkins,3.719153776
TX,Houston,3.719153776
TX,Howard,3.719153776
TX,Hudspeth,3.719153776
TX,Hunt,3.719153776
TX,Hutchinson,3.719153776
TX,Irion,3.719153776
TX,Jack,3.719153776
TX,Jackson,3.719153776
TX,Jasper,3.719153776
TX,Jeff Davis,3.719153776
TX,Jefferson,3.719153776
TX,Jim Hogg,3.719153776
TX,Jim Wells,3.719153776
TX,Johnson,3.719153776
TX,Jones,3.719153776
TX,Karnes,3.719153776
TX,Kaufman,3.719153776
TX,Kendall,3.719153776
TX,Kenedy,3.719153776
TX,Kent,3.719153776
TX,Kerr,3.719153776
TX,Kimble,3.719153776
TX,King,3.719153776
TX,Kinney,3.719153776
TX,Kleberg,3.719153776
TX,Knox,3.719153776
TX,Lamar,3.719153776
TX,Lamb,3.719153776
TX,Lampasas,3.719153776
TX,La Salle,3.719153776
TX,Lavaca,3.719153776
TX,Lee,3.719153776
TX,Leon,3.719153776
TX,Liberty,3.719153776
TX,Limestone,3.719153776
TX,Lipscomb,3.719153776
TX,Live Oak,3.719153776
TX,Llano,3.719153776
TX,Loving,3.719153776
TX,Lubbock,3.719153776
TX,Lynn,3.719153776
TX,McCulloch,3.719153776
TX,McLennan,3.719153776
TX,McMullen,3.719153776
TX,Madison,3.719153776
TX,Marion,3.719153776
TX,Martin,3.719153776
TX,Mason,3.719153776
TX,Matagorda,3.719153776
TX,Maverick,3.719153776
TX,Medina,3.719153776
TX,Menard,3.719153776
TX,Midland,3.719153776
TX,Milam,3.719153776
TX,Mills,3.719153776
TX,Mitchell,3.719153776
TX,Montague,3.719153776
TX,Montgomery,3.719153776
TX,Moore,3.719153776
TX,Morris,3.719153776
TX,Motley,3.719153776
TX,Nacogdoches,3.719153776
TX,Navarro,3.719153776
TX,Newton,3.719153776
TX,Nolan,3.719153776
TX,Nueces,3.719153776
TX,Ochiltree,3.719153776
TX,Oldham,3.719153776
TX,Orange,3.719153776
TX,Palo Pinto,3.719153776
TX,Panola,3.719153776
TX,Parker,3.719153776
TX,Parmer,3.719153776
TX,Pecos,3.719153776
TX,Polk,3.719153776
TX,Potter,3.719153776
TX,Presidio,3.719153776
TX,Rains,3.719153776
TX,Randall,3.719153776
TX,Reagan,3.719153776
TX,Real,3.719153776
TX,Red River,3.719153776
TX,Reeves,3.719153776
TX,Refugio,3.719153776
TX,Roberts,3.719153776
TX,Robertson,3.719153776
TX,Rockwall,3.719153776
TX,Runnels,3.719153776
TX,Rusk,3.719153776
TX,Sabine,3.719153776
TX,San Augustine,3.719153776
TX,San Jacinto,3.719153776
TX,San Patricio,3.719153776
TX,San Saba,3.719153776
TX,Schleicher,3.719153776
TX,Scurry,3.719153776
TX,Shackelford,3.719153776
TX,Shelby,3.719153776
TX,Sherman,3.719153776
TX,Smith,3.719153776
TX,Somervell,3.719153776
TX,Starr,3.719153776
TX,Stephens,3.719153776
TX,Sterling,3.719153776
TX,Stonewall,3.719153776
TX,Sutton,3.719153776
TX,Swisher,3.719153776
TX,Tarrant,3.719153776
TX,Taylor,3.719153776
TX,Terrell,3.719153776
TX,Terry,3.719153776
TX,Throckmorton,3.719153776
TX,Titus,3.719153776
TX,Tom Green,3.719153776
TX,Travis,3.719153776
TX,Trinity,3.719153776
TX,Tyler,3.719153776
TX,Upshur,3.719153776
TX,Upton,3.719153776
TX,Uvalde,3.719153776
TX,Val Verde,3.719153776
TX,Van Zandt,3.719153776
TX,Victoria,3.719153776
TX,Walker,3.719153776
TX,Waller,3.719153776
TX,Ward,3.719153776
TX,Washington,3.719153776
TX,Webb,3.719153776
TX,Wharton,3.719153776
TX,Wheeler,3.719153776
TX,Wichita,3.719153776
TX,Wilbarger,3.719153776
TX,Willacy,3.719153776
TX,Williamson,3.719153776
TX,Wilson,3.719153776
TX,Winkler,3.719153776
TX,Wise,3.719153776
TX,Wood,3.719153776
TX,Yoakum,3.719153776
TX,Young,3.719153776
TX,Zapata,3.719153776
TX,Zavala,3.719153776
UT,Beaver,2.43992934
UT,Box Elder,2.43992934
UT,Cache,2.43992934
UT,Carbon,2.43992934
UT,Daggett,2.43992934
UT,Davis,2.43992934
UT,Duchesne,2.43992934
UT,Emery,2.43992934
UT,Garfield,2.43992934
UT,Grand,2.43992934
UT,Iron,2.43992934
UT,Juab,2.43992934
UT,Kane,2.43992934
UT,Millard,2.43992934
UT,Morgan,2.43992934
UT,Piute,2.43992934
UT,Rich,2.43992934
UT,Salt Lake,2.43992934
UT,San Juan,2.43992934
UT,Sanpete,2.43992934
UT,Sevier,2.43992934
UT,Summit,2.43992934
UT,Tooele,2.43992934
UT,Uintah,2.43992934
UT,Utah,2.43992934
UT,Wasatch,2.43992934
UT,Washington,2.43992934
UT,Wayne,2.43992934
UT,Weber,2.43992934
VT,Addison,2.472975531
VT,Bennington,2.472975531
VT,Caledonia,2.472975531
VT,Chittenden,2.472975531
VT,Essex,2.472975531
VT,Franklin,2.472975531
VT,Grand Isle,2.472975531
VT,Lamoille,2.472975531
VT,Orange,2.472975531
VT,Orleans,2.472975531
VT,Rutland,2.472975531
VT,Washington,2.472975531
VT,Windham,2.472975531
VT,Windsor,2.472975531
VA,Accomack,1.943388716
VA,Albemarle,1.943388716
VA,Alleghany,1.943388716
VA,Amelia,1.943388716
VA,Amherst,1.943388716
VA,Appomattox,1.943388716
VA,Arlington,1.943388716
VA,Augusta,1.943388716
VA,Bath,1.943388716
VA,Bedford,1.943388716
VA,Bland,1.943388716
VA,Botetourt,1.943388716
VA,Brunswick,1.943388716
VA,Buchanan,1.943388716
VA,Buckingham,1.943388716
VA,Campbell,1.943388716
VA,Caroline,1.943388716
VA,Carroll,1.943388716
VA,Charles City,1.943388716
VA,Charlotte,1.943388716
VA,Chesterfield,1.943388716
VA,Clarke,1.943388716
VA,Craig,1.943388716
VA,Culpeper,1.943388716
VA,Cumberland,1.943388716
VA,Dickenson,1.943388716
VA,Dinwiddie,1.943388716
VA,Essex,1.943388716
VA,Fairfax,1.943388716
VA,Fauquier,1.943388716
VA,Floyd,1.943388716
VA,Fluvanna,1.943388716
VA,Franklin,1.943388716
VA,Frederick,1.943388716
VA,Giles,1.943388716
VA,Gloucester,1.943388716
VA,Goochland,1.943388716
VA,Grayson,1.943388716
VA,Greene,1.943388716
VA,Greensville,1.943388716
VA,Halifax,1.943388716
VA,Hanover,1.943388716
VA,Henrico,1.943388716
VA,Henry,1.943388716
VA,Highland,1.943388716
VA,Isle of Wight,1.943388716
VA,James City,1.943388716
VA,King and Queen,1.943388716
VA,King George,1.943388716
VA,King William,1.943388716
VA,Lancaster,1.943388716
VA,Lee,1.943388716
VA,Loudoun,1.943388716
VA,Louisa,1.943388716
VA,Lunenburg,1.943388716
VA,Madison,1.943388716
VA,Mathews,1.943388716
VA,Mecklenburg,1.943388716
VA,Middlesex,1.943388716
VA,Montgomery,1.943388716
VA,Nelson,1.943388716
VA,New Kent,1.943388716
VA,Northampton,1.943388716
VA,Northumberland,1.943388716
VA,Nottoway,1.943388716
VA,Orange,1.943388716
VA,Page,1.943388716
VA,Patrick,1.943388716
VA,Pittsylvania,1.943388716
VA,Powhatan,1.943388716
VA,Prince Edward,1.943388716
VA,Prince George,1.943388716
VA,Prince William,1.943388716
VA,Pulaski,1.943388716
VA,Rappahannock,1.943388716
VA,Richmond,1.943388716
VA,Roanoke,1.943388716
VA,Rockbridge,1.943388716
VA,Rockingham,1.943388716
VA,Russell,1.943388716
VA,Scott,1.943388716
VA,Shenandoah,1.943388716
VA,Smyth,1.943388716
VA,Southampton,1.943388716
VA,Spotsylvania,1.943388716
VA,Stafford,1.943388716
VA,Surry,1.943388716
VA,Sussex,1.943388716
VA,Tazewell,1.943388716
VA,Warren,1.943388716
VA,Washington,1.943388716
VA,Westmoreland,1.943388716
VA,Wise,1.943388716
VA,Wythe,1.943388716
VA,York,1.943388716
VA,Alexandria,1.943388716
VA,Bedford,1.943388716
VA,Bristol,1.943388716
VA,Buena Vista,1.943388716
VA,Charlottesville,1.943388716
VA,Chesapeake,1.943388716
VA,Colonial Heights,1.943388716
VA,Covington,1.943388716
VA,Danville,1.943388716
VA,Emporia,1.943388716
VA,Fairfax,1.943388716
VA,Falls Church,1.943388716
VA,Franklin,1.943388716
VA,Fredericksburg,1.943388716
VA,Galax,1.943388716
VA,Hampton,1.943388716
VA,Harrisonburg,1.943388716
VA,Hopewell,1.943388716
VA,Lexington,1.943388716
VA,Lynchburg,1.943388716
VA,Manassas,1.943388716
VA,Manassas Park,1.943388716
VA,Martinsville,1.943388716
VA,Newport News,1.943388716
VA,Norfolk,1.943388716
VA,Norton,1.943388716
VA,Petersburg,1.943388716
VA,Poquoson,1.943388716
VA,Portsmouth,1.943388716
VA,Radford,1.943388716
VA,Richmond,1.943388716
VA,Roanoke,1.943388716
VA,Salem,1.943388716
VA,Staunton,1.943388716
VA,Suffolk,1.943388716
VA,Virginia Beach,1.943388716
VA,Waynesboro,1.943388716
VA,Williamsburg,1.943388716
VA,Winchester,1.943388716
WA,Adams,2.825549322
WA,Asotin,2.825549322
WA,Benton,2.825549322
WA,Chelan,2.825549322
WA,Clallam,2.825549322
WA,Clark,2.825549322
WA,Columbia,2.825549322
WA,Cowlitz,2.825549322
WA,Douglas,2.825549322
WA,Ferry,2.825549322
WA,Franklin,2.825549322
WA,Garfield,2.825549322
WA,Grant,2.825549322
WA,Grays Harbor,2.825549322
WA,Island,2.825549322
WA,Jefferson,2.825549322
WA,King,2.825549322
WA,Kitsap,2.825549322
WA,Kittitas,2.825549322
WA,Klickitat,2.825549322
WA,Lewis,2.825549322
WA,Lincoln,2.825549322
WA,Mason,2.825549322
WA,Okanogan,2.825549322
WA,Pacific,2.825549322
WA,Pend Oreille,2.825549322
WA,Pierce,2.825549322
WA,San Juan,2.825549322
WA,Skagit,2.825549322
WA,Skamania,2.825549322
WA,Snohomish,2.825549322
WA,Spokane,2.825549322
WA,Stevens,2.825549322
WA,Thurston,2.825549322
WA,Wahkiakum,2.825549322
WA,Walla Walla,2.825549322
WA,Whatcom,2.825549322
WA,Whitman,2.825549322
WA,Yakima,2.825549322
WV,Barbour,2.581219639
WV,Berkeley,2.581219639
WV,Boone,2.581219639
WV,Braxton,2.581219639
WV,Brooke,2.581219639
WV,Cabell,2.581219639
WV,Calhoun,2.581219639
WV,Clay,2.581219639
WV,Doddridge,2.581219639
WV,Fayette,2.581219639
WV,Gilmer,2.581219639
WV,Grant,2.581219639
WV,Greenbrier,2.581219639
WV,Hampshire,2.581219639
WV,Hancock,2.581219639
WV,Hardy,2.581219639
WV,Harrison,2.581219639
WV,Jackson,2.581219639
WV,Jefferson,2.581219639
WV,Kanawha,2.581219639
WV,Lewis,2.581219639
WV,Lincoln,2.581219639
WV,Logan,2.581219639
WV,McDowell,2.581219639
WV,Marion,2.581219639
WV,Marshall,2.581219639
WV,Mason,2.581219639
WV,Mercer,2.581219639
WV,Mineral,2.581219639
WV,Mingo,2.581219639
WV,Monongalia,2.581219639
WV,Monroe,2.581219639
WV,Morgan,2.581219639
WV,Nicholas,2.581219639
WV,Ohio,2.581219639
WV,Pendleton,2.581219639
WV,Pleasants,2.581219639
WV,Pocahontas,2.581219639
WV,Preston,2.581219639
WV,Putnam,2.581219639
WV,Raleigh,2.581219639
WV,Randolph,2.581219639
WV,Ritchie,2.581219639
WV,Roane,2.581219639
WV,Summers,2.581219639
WV,Taylor,2.581219639
WV,Tucker,2.581219639
WV,Tyler,2.581219639
WV,Upshur,2.581219639
WV,Wayne,2.581219639
WV,Webster,2.581219639
WV,Wetzel,2.581219639
WV,Wirt,2.581219639
WV,Wood,2.581219639
WV,Wyoming,2.581219639
WI,Adams,2.072773328
WI,Ashland,2.072773328
WI,Barron,2.072773328
WI,Bayfield,2.072773328
WI,Brown,2.072773328
WI,Buffalo,2.072773328
WI,Burnett,2.072773328
WI,Calumet,2.072773328
WI,Chippewa,2.072773328
WI,Clark,2.072773328
WI,Columbia,2.072773328
WI,Crawford,2.072773328
WI,Dane,2.072773328
WI,Dodge,2.072773328
WI,Door,2.072773328
WI,Douglas,2.072773328
WI,Dunn,2.072773328
WI,Eau Claire,2.072773328
WI,Florence,2.072773328
WI,Fond du Lac,2.072773328
WI,Forest,2.072773328
WI,Grant,2.072773328
WI,Green,2.072773328
WI,Green Lake,2.072773328
WI,Iowa,2.072773328
WI,Iron,2.072773328
WI,Jackson,2.072773328
WI,Jefferson,2.072773328
WI,Juneau,2.072773328
WI,Kenosha,2.072773328
WI,Kewaunee,2.072773328
WI,La Crosse,2.072773328
WI,Lafayette,2.072773328
WI,Langlade,2.072773328
WI,Lincoln,2.072773328
WI,Manitowoc,2.072773328
WI,Marathon,2.072773328
WI,Marinette,2.072773328
WI,Marquette,2.072773328
WI,Menominee,2.072773328
WI,Milwaukee,2.072773328
WI,Monroe,2.072773328
WI,Oconto,2.072773328
WI,Oneida,2.072773328
WI,Outagamie,2.072773328
WI,Ozaukee,2.072773328
WI,Pepin,2.072773328
WI,Pierce,2.072773328
WI,Polk,2.072773328
WI,Portage,2.072773328
WI,Price,2.072773328
WI,Racine,2.072773328
WI,Richland,2.072773328
WI,Rock,2.072773328
WI,Rusk,2.072773328
WI,St. Croix,2.072773328
WI,Sauk,2.072773328
WI,Sawyer,2.072773328
WI,Shawano,2.072773328
WI,Sheboygan,2.072773328
WI,Taylor,2.072773328
WI,Trempealeau,2.072773328
WI,Vernon,2.072773328
WI,Vilas,2.072773328
WI,Walworth,2.072773328
WI,Washburn,2.072773328
WI,Washington,2.072773328
WI,Waukesha,2.072773328
WI,Waupaca,2.072773328
WI,Waushara,2.072773328
WI,Winnebago,2.072773328
WI,Wood,2.072773328
WY,Albany,2.185468013
WY,Big Horn,2.185468013
WY,Campbell,2.185468013
WY,Carbon,2.185468013
WY,Converse,2.185468013
WY,Crook,2.185468013
WY,Fremont,2.185468013
WY,Goshen,2.185468013
WY,Hot Springs,2.185468013
WY,Johnson,2.185468013
WY,Laramie,2.185468013
WY,Lincoln,2.185468013
WY,Natrona,2.185468013
WY,Niobrara,2.185468013
WY,Park,2.185468013
WY,Platte,2.185468013
WY,Sheridan,2.185468013
WY,Sublette,2.185468013
WY,Sweetwater,2.185468013
WY,Teton,2.185468013
WY,Uinta,2.185468013
WY,Washakie,2.185468013
WY,Weston,2.185468013