NM,2000-05-13T19:00:00.000Z,Fire,Chaves,1578
NM,2000-05-13T19:00:00.000Z,Fire,De Baca,1589
NM,2000-05-13T19:00:00.000Z,Fire,Do√±a Ana,1590
NM,2000-05-13T19:00:00.000Z,Fire,Eddy,1592
NM,2000-05-13T19:00:00.000Z,Fire,Guadalupe,1595
NM,2000-05-13T19:00:00.000Z,Fire,Lincoln,1613
NM,2000-05-13T19:00:00.000Z,Fire,Sierra,1657
NM,2000-05-13T19:00:00.000Z,Fire,Bernalillo,1574
NM,2000-05-13T19:00:00.000Z,Fire,Cibola,1580
NM,2000-05-13T19:00:00.000Z,Fire,McKinley,1626
NM,2000-05-13T19:00:00.000Z,Fire,Mora,1629
NM,2000-05-13T19:00:00.000Z,Fire,Rio Arriba,1639
NM,2000-05-13T19:00:00.000Z,Fire,Sandoval,1646
NM,2000-05-13T19:00:00.000Z,Fire,Socorro,1659
NM,2000-05-13T19:00:00.000Z,Fire,San Juan,1650
NM,2000-05-13T19:00:00.000Z,Fire,San Miguel,1652
NM,2000-05-13T19:00:00.000Z,Fire,Santa Fe,1654
NM,2000-05-13T19:00:00.000Z,Fire,Taos,1662
NM,2000-05-13T19:00:00.000Z,Fire,Torrance,1664
NM,2000-05-13T19:00:00.000Z,Fire,Otero,1633
NM,2000-05-13T19:00:00.000Z,Fire,Los Alamos,1618
MT,2000-08-30T00:00:00.000Z,Fire,Blaine,1124
MT,2000-08-30T00:00:00.000Z,Fire,Broadwater,1132
MT,2000-08-30T00:00:00.000Z,Fire,Carbon,1137
MT,2000-08-30T00:00:00.000Z,Fire,Carter,1141
MT,2000-08-30T00:00:00.000Z,Fire,Cascade,1144
MT,2000-08-30T00:00:00.000Z,Fire,Chouteau,1150
MT,2000-08-30T00:00:00.000Z,Fire,Big Horn,1274
MT,2000-08-30T00:00:00.000Z,Fire,Custer,1153
MT,2000-08-30T00:00:00.000Z,Fire,Deer Lodge,1163
MT,2000-08-30T00:00:00.000Z,Fire,Fallon,1165
MT,2000-08-30T00:00:00.000Z,Fire,Fergus,1169
MT,2000-08-30T00:00:00.000Z,Fire,Flathead,1173
MT,2000-08-30T00:00:00.000Z,Fire,Gallatin,1177
MT,2000-08-30T00:00:00.000Z,Fire,Garfield,1182
MT,2000-08-30T00:00:00.000Z,Fire,Golden Valley,1189
MT,2000-08-30T00:00:00.000Z,Fire,Granite,1192
MT,2000-08-30T00:00:00.000Z,Fire,Hill,1195
MT,2000-08-30T00:00:00.000Z,Fire,Jefferson,1199
MT,2000-08-30T00:00:00.000Z,Fire,Judith Basin,1202
MT,2000-08-30T00:00:00.000Z,Fire,Glacier,1186
MT,2000-08-30T00:00:00.000Z,Fire,Lake,1207
MT,2000-08-30T00:00:00.000Z,Fire,Lewis and Clark,1211
MT,2000-08-30T00:00:00.000Z,Fire,Liberty,1214
MT,2000-08-30T00:00:00.000Z,Fire,Lincoln,1219
MT,2000-08-30T00:00:00.000Z,Fire,Meagher,1231
MT,2000-08-30T00:00:00.000Z,Fire,Madison,1226
MT,2000-08-30T00:00:00.000Z,Fire,Missoula,1239
MT,2000-08-30T00:00:00.000Z,Fire,Musselshell,1241
MT,2000-08-30T00:00:00.000Z,Fire,Park,1244
MT,2000-08-30T00:00:00.000Z,Fire,Petroleum,1247
MT,2000-08-30T00:00:00.000Z,Fire,Mineral,1234
MT,2000-08-30T00:00:00.000Z,Fire,Phillips,1250
MT,2000-08-30T00:00:00.000Z,Fire,Pondera,1254
MT,2000-08-30T00:00:00.000Z,Fire,Powder River,1259
MT,2000-08-30T00:00:00.000Z,Fire,Prairie,1264
MT,2000-08-30T00:00:00.000Z,Fire,Ravalli,1268
MT,2000-08-30T00:00:00.000Z,Fire,Rosebud,1277
MT,2000-08-30T00:00:00.000Z,Fire,Sanders,1278
MT,2000-08-30T00:00:00.000Z,Fire,Powell,1262
MT,2000-08-30T00:00:00.000Z,Fire,Silver Bow,1284
MT,2000-08-30T00:00:00.000Z,Fire,Stillwater,1286
MT,2000-08-30T00:00:00.000Z,Fire,Sweet Grass,1288
MT,2000-08-30T00:00:00.000Z,Fire,Teton,1290
MT,2000-08-30T00:00:00.000Z,Fire,Toole,1292
MT,2000-08-30T00:00:00.000Z,Fire,Treasure,1293
MT,2000-08-30T00:00:00.000Z,Fire,Yellowstone,1302
MT,2000-08-30T00:00:00.000Z,Fire,Beaverhead,1269
ID,2000-09-01T13:45:00.000Z,Fire,Ada,336
MT,2000-08-30T00:00:00.000Z,Fire,Wheatland,1298
ID,2000-09-01T13:45:00.000Z,Fire,Bingham,362
ID,2000-09-01T13:45:00.000Z,Fire,Blaine,371
ID,2000-09-01T13:45:00.000Z,Fire,Boise,380
ID,2000-09-01T13:45:00.000Z,Fire,Clearwater,474
ID,2000-09-01T13:45:00.000Z,Fire,Custer,484
ID,2000-09-01T13:45:00.000Z,Fire,Elmore,490
ID,2000-09-01T13:45:00.000Z,Fire,Jerome,547
ID,2000-09-01T13:45:00.000Z,Fire,Lemhi,566
ID,2000-09-01T13:45:00.000Z,Fire,Lewis,574
ID,2000-09-01T13:45:00.000Z,Fire,Lincoln,578
ID,2000-09-01T13:45:00.000Z,Fire,Power,613
ID,2000-09-01T13:45:00.000Z,Fire,Valley,643
ID,2000-09-01T13:45:00.000Z,Fire,Bannock,343
ID,2000-09-01T13:45:00.000Z,Fire,Idaho,528
NY,2001-09-11T19:30:00.000Z,Fire,Allegany,1674
NY,2001-09-11T19:30:00.000Z,Fire,Broome,1683
NY,2001-09-11T19:30:00.000Z,Fire,Albany,1673
NY,2001-09-11T19:30:00.000Z,Fire,Cattaraugus,1687
NY,2001-09-11T19:30:00.000Z,Fire,Cayuga,1689
NY,2001-09-11T19:30:00.000Z,Fire,Chautauqua,1694
NY,2001-09-11T19:30:00.000Z,Fire,Chemung,1696
NY,2001-09-11T19:30:00.000Z,Fire,Chenango,1699
NY,2001-09-11T19:30:00.000Z,Fire,Clinton,1702
NY,2001-09-11T19:30:00.000Z,Fire,Columbia,1704
NY,2001-09-11T19:30:00.000Z,Fire,Cortland,1706
NY,2001-09-11T19:30:00.000Z,Fire,Erie,1723
NY,2001-09-11T19:30:00.000Z,Fire,Franklin,1731
NY,2001-09-11T19:30:00.000Z,Fire,Essex,1728
NY,2001-09-11T19:30:00.000Z,Fire,Fulton,1734
NY,2001-09-11T19:30:00.000Z,Fire,Genesee,1736
NY,2001-09-11T19:30:00.000Z,Fire,Greene,1739
NY,2001-09-11T19:30:00.000Z,Fire,Hamilton,1742
NY,2001-09-11T19:30:00.000Z,Fire,Herkimer,1745
NY,2001-09-11T19:30:00.000Z,Fire,Jefferson,1782
NY,2001-09-11T19:30:00.000Z,Fire,Lewis,1790
NY,2001-09-11T19:30:00.000Z,Fire,Livingston,1791
NY,2001-09-11T19:30:00.000Z,Fire,Madison,1796
NY,2001-09-11T19:30:00.000Z,Fire,Montgomery,1807
NY,2001-09-11T19:30:00.000Z,Fire,Niagara,1850
NY,2001-09-11T19:30:00.000Z,Fire,Oneida,1852
NY,2001-09-11T19:30:00.000Z,Fire,Monroe,1804
NY,2001-09-11T19:30:00.000Z,Fire,Ontario,1856
NY,2001-09-11T19:30:00.000Z,Fire,Orleans,1862
NY,2001-09-11T19:30:00.000Z,Fire,Oswego,1864
NY,2001-09-11T19:30:00.000Z,Fire,Rensselaer,1874
NY,2001-09-11T19:30:00.000Z,Fire,Otsego,1868
NY,2001-09-11T19:30:00.000Z,Fire,St. Lawrence,1883
NY,2001-09-11T19:30:00.000Z,Fire,Onondaga,1853
NY,2001-09-11T19:30:00.000Z,Fire,Saratoga,1885
NY,2001-09-11T19:30:00.000Z,Fire,Schenectady,1887
NY,2001-09-11T19:30:00.000Z,Fire,Schoharie,1888
NY,2001-09-11T19:30:00.000Z,Fire,Seneca,1890
NY,2001-09-11T19:30:00.000Z,Fire,Schuyler,1889
NY,2001-09-11T19:30:00.000Z,Fire,Steuben,1891
NY,2001-09-11T19:30:00.000Z,Fire,Tompkins,1933
NY,2001-09-11T19:30:00.000Z,Fire,Tioga,1930
NY,2001-09-11T19:30:00.000Z,Fire,Washington,1942
NY,2001-09-11T19:30:00.000Z,Fire,Wayne,1952
NY,2001-09-11T19:30:00.000Z,Fire,Wyoming,1962
NY,2001-09-11T19:30:00.000Z,Fire,Yates,1965
NY,2001-09-11T19:30:00.000Z,Fire,Warren,1938
NY,2001-09-11T19:30:00.000Z,Fire,Nassau,1839
NY,2001-09-11T19:30:00.000Z,Fire,Orange,1859
NY,2001-09-11T19:30:00.000Z,Fire,Putnam,1870
NY,2001-09-11T19:30:00.000Z,Fire,Delaware,1707
NY,2001-09-11T19:30:00.000Z,Fire,Dutchess,1711
NY,2001-09-11T19:30:00.000Z,Fire,Rockland,1879
NY,2001-09-11T19:30:00.000Z,Fire,Suffolk,1924
NY,2001-09-11T19:30:00.000Z,Fire,Ulster,1935
NY,2001-09-11T19:30:00.000Z,Fire,Westchester,1960
NY,2001-09-11T19:30:00.000Z,Fire,Bronx,1681
NY,2001-09-11T19:30:00.000Z,Fire,Kings,1788
NY,2001-09-11T19:30:00.000Z,Fire,Sullivan,1928
NY,2001-09-11T19:30:00.000Z,Fire,New York,1847
NY,2001-09-11T19:30:00.000Z,Fire,Queens,1872
NY,2001-09-11T19:30:00.000Z,Fire,Richmond,1876
CO,2002-06-19T00:00:00.000Z,Fire,Adams,545
CO,2002-06-19T00:00:00.000Z,Fire,Alamosa,549
CO,2002-06-19T00:00:00.000Z,Fire,Arapahoe,558
CO,2002-06-19T00:00:00.000Z,Fire,Archuleta,560
CO,2002-06-19T00:00:00.000Z,Fire,Baca,563
CO,2002-06-19T00:00:00.000Z,Fire,Bent,564
CO,2002-06-19T00:00:00.000Z,Fire,Boulder,570
CO,2002-06-19T00:00:00.000Z,Fire,Chaffee,582
CO,2002-06-19T00:00:00.000Z,Fire,Cheyenne,587
CO,2002-06-19T00:00:00.000Z,Fire,Clear Creek,591
CO,2002-06-19T00:00:00.000Z,Fire,Conejos,596
CO,2002-06-19T00:00:00.000Z,Fire,Costilla,599
CO,2002-06-19T00:00:00.000Z,Fire,Custer,610
CO,2002-06-19T00:00:00.000Z,Fire,Delta,617
CO,2002-06-19T00:00:00.000Z,Fire,Denver,628
CO,2002-06-19T00:00:00.000Z,Fire,Dolores,636
CO,2002-06-19T00:00:00.000Z,Fire,Crowley,605
CO,2002-06-19T00:00:00.000Z,Fire,Douglas,644
CO,2002-06-19T00:00:00.000Z,Fire,Eagle,648
CO,2002-06-19T00:00:00.000Z,Fire,Elbert,655
CO,2002-06-19T00:00:00.000Z,Fire,El Paso,661
CO,2002-06-19T00:00:00.000Z,Fire,Fremont,664
CO,2002-06-19T00:00:00.000Z,Fire,Garfield,667
CO,2002-06-19T00:00:00.000Z,Fire,Gilpin,672
CO,2002-06-19T00:00:00.000Z,Fire,Grand,677
CO,2002-06-19T00:00:00.000Z,Fire,Gunnison,682
CO,2002-06-19T00:00:00.000Z,Fire,Huerfano,693
CO,2002-06-19T00:00:00.000Z,Fire,Jackson,701
CO,2002-06-19T00:00:00.000Z,Fire,Jefferson,706
CO,2002-06-19T00:00:00.000Z,Fire,Kiowa,711
CO,2002-06-19T00:00:00.000Z,Fire,Kit Carson,716
CO,2002-06-19T00:00:00.000Z,Fire,Hinsdale,688
CO,2002-06-19T00:00:00.000Z,Fire,Lake,721
CO,2002-06-19T00:00:00.000Z,Fire,La Plata,727
CO,2002-06-19T00:00:00.000Z,Fire,Larimer,734
CO,2002-06-19T00:00:00.000Z,Fire,Las Animas,741
CO,2002-06-19T00:00:00.000Z,Fire,Lincoln,747
CO,2002-06-19T00:00:00.000Z,Fire,Mineral,757
CO,2002-06-19T00:00:00.000Z,Fire,Moffat,758
CO,2002-06-19T00:00:00.000Z,Fire,Montezuma,766
CO,2002-06-19T00:00:00.000Z,Fire,Montrose,769
CO,2002-06-19T00:00:00.000Z,Fire,Mesa,751
CO,2002-06-19T00:00:00.000Z,Fire,Otero,777
CO,2002-06-19T00:00:00.000Z,Fire,Ouray,780
CO,2002-06-19T00:00:00.000Z,Fire,Park,782
CO,2002-06-19T00:00:00.000Z,Fire,Rio Blanco,799
CO,2002-06-19T00:00:00.000Z,Fire,Rio Grande,802
CO,2002-06-19T00:00:00.000Z,Fire,Routt,809
CO,2002-06-19T00:00:00.000Z,Fire,Saguache,811
CO,2002-06-19T00:00:00.000Z,Fire,Pueblo,795
CO,2002-06-19T00:00:00.000Z,Fire,Pitkin,789
CO,2002-06-19T00:00:00.000Z,Fire,San Juan,347
CO,2002-06-19T00:00:00.000Z,Fire,Teller,375
CO,2002-06-19T00:00:00.000Z,Fire,Washington,377
CO,2002-06-19T00:00:00.000Z,Fire,San Miguel,359
CO,2002-06-19T00:00:00.000Z,Fire,Summit,373
CO,2002-06-19T00:00:00.000Z,Fire,Yuma,385
AZ,2002-06-25T08:00:00.000Z,Fire,Coconino,771
AZ,2002-06-25T08:00:00.000Z,Fire,Gila,787
CO,2002-06-19T00:00:00.000Z,Fire,Weld,382
AZ,2002-06-25T08:00:00.000Z,Fire,Apache,761
AZ,2002-06-25T08:00:00.000Z,Fire,Navajo,17
AZ,2003-07-14T17:15:00.000Z,Fire,Pima,21
CA,2003-10-27T16:00:00.000Z,Fire,Los Angeles,139
CA,2003-10-27T16:00:00.000Z,Fire,Riverside,281
CA,2003-10-27T16:00:00.000Z,Fire,San Bernardino,302
CA,2003-10-27T16:00:00.000Z,Fire,San Diego,315
CA,2003-10-27T16:00:00.000Z,Fire,Ventura,521
NV,2004-08-26T23:15:00.000Z,Fire,Carson City,1428
OK,2006-01-10T23:05:00.000Z,Fire,Adair,2095
OK,2006-01-10T23:05:00.000Z,Fire,Alfalfa,2099
OK,2006-01-10T23:05:00.000Z,Fire,Atoka,2102
OK,2006-01-10T23:05:00.000Z,Fire,Beaver,2104
OK,2006-01-10T23:05:00.000Z,Fire,Beckham,2106
OK,2006-01-10T23:05:00.000Z,Fire,Blaine,2110
OK,2006-01-10T23:05:00.000Z,Fire,Caddo,2118
OK,2006-01-10T23:05:00.000Z,Fire,Cherokee,2129
OK,2006-01-10T23:05:00.000Z,Fire,Coal,2144
OK,2006-01-10T23:05:00.000Z,Fire,Comanche,2145
OK,2006-01-10T23:05:00.000Z,Fire,Craig,2148
OK,2006-01-10T23:05:00.000Z,Fire,Custer,2153
OK,2006-01-10T23:05:00.000Z,Fire,Cimarron,2135
OK,2006-01-10T23:05:00.000Z,Fire,Cleveland,2140
OK,2006-01-10T23:05:00.000Z,Fire,Delaware,2154
OK,2006-01-10T23:05:00.000Z,Fire,Dewey,2158
OK,2006-01-10T23:05:00.000Z,Fire,Ellis,2165
OK,2006-01-10T23:05:00.000Z,Fire,Grady,2184
OK,2006-01-10T23:05:00.000Z,Fire,Grant,2187
OK,2006-01-10T23:05:00.000Z,Fire,Garfield,2167
OK,2006-01-10T23:05:00.000Z,Fire,Harmon,2191
OK,2006-01-10T23:05:00.000Z,Fire,Greer,2189
OK,2006-01-10T23:05:00.000Z,Fire,Jackson,2202
OK,2006-01-10T23:05:00.000Z,Fire,Haskell,2195
OK,2006-01-10T23:05:00.000Z,Fire,Harper,2193
OK,2006-01-10T23:05:00.000Z,Fire,Jefferson,2206
OK,2006-01-10T23:05:00.000Z,Fire,Kay,2215
OK,2006-01-10T23:05:00.000Z,Fire,Johnston,2211
OK,2006-01-10T23:05:00.000Z,Fire,Kiowa,2222
OK,2006-01-10T23:05:00.000Z,Fire,Latimer,2226
OK,2006-01-10T23:05:00.000Z,Fire,Kingfisher,2219
OK,2006-01-10T23:05:00.000Z,Fire,Le Flore,2230
OK,2006-01-10T23:05:00.000Z,Fire,Love,2238
OK,2006-01-10T23:05:00.000Z,Fire,McClain,2245
OK,2006-01-10T23:05:00.000Z,Fire,McCurtain,2252
OK,2006-01-10T23:05:00.000Z,Fire,Major,2260
OK,2006-01-10T23:05:00.000Z,Fire,Marshall,2265
OK,2006-01-10T23:05:00.000Z,Fire,Noble,2287
OK,2006-01-10T23:05:00.000Z,Fire,Nowata,2290
OK,2006-01-10T23:05:00.000Z,Fire,Ottawa,2325
OK,2006-01-10T23:05:00.000Z,Fire,Pawnee,2329
OK,2006-01-10T23:05:00.000Z,Fire,Roger Mills,2369
OK,2006-01-10T23:05:00.000Z,Fire,Rogers,2374
OK,2006-01-10T23:05:00.000Z,Fire,Tillman,2005
OK,2006-01-10T23:05:00.000Z,Fire,Washington,2018
OK,2006-01-10T23:05:00.000Z,Fire,Sequoyah,2391
OK,2006-01-10T23:05:00.000Z,Fire,Pushmataha,2362
OK,2006-01-10T23:05:00.000Z,Fire,Texas,2003
OK,2006-01-10T23:05:00.000Z,Fire,Woodward,2035
OK,2006-01-10T23:05:00.000Z,Fire,Washita,2023
OK,2006-01-10T23:05:00.000Z,Fire,Woods,2029
OK,2006-01-10T23:05:00.000Z,Fire,Carter,2126
OK,2006-01-10T23:05:00.000Z,Fire,Creek,2151
OK,2006-01-10T23:05:00.000Z,Fire,Canadian,2123
OK,2006-01-10T23:05:00.000Z,Fire,Garvin,2176
OK,2006-01-10T23:05:00.000Z,Fire,Bryan,2112
OK,2006-01-10T23:05:00.000Z,Fire,Hughes,2197
OK,2006-01-10T23:05:00.000Z,Fire,Logan,2236
OK,2006-01-10T23:05:00.000Z,Fire,Lincoln,2234
OK,2006-01-10T23:05:00.000Z,Fire,McIntosh,2258
OK,2006-01-10T23:05:00.000Z,Fire,Choctaw,2133
OK,2006-01-10T23:05:00.000Z,Fire,Cotton,2146
OK,2006-01-10T23:05:00.000Z,Fire,Murray,2276
OK,2006-01-10T23:05:00.000Z,Fire,Muskogee,2281
OK,2006-01-10T23:05:00.000Z,Fire,Okfuskee,2297
OK,2006-01-10T23:05:00.000Z,Fire,Mayes,2270
OK,2006-01-10T23:05:00.000Z,Fire,Okmulgee,2311
OK,2006-01-10T23:05:00.000Z,Fire,Oklahoma,2303
OK,2006-01-10T23:05:00.000Z,Fire,Payne,2340
OK,2006-01-10T23:05:00.000Z,Fire,Pittsburg,2344
OK,2006-01-10T23:05:00.000Z,Fire,Osage,2318
OK,2006-01-10T23:05:00.000Z,Fire,Pontotoc,2351
OK,2006-01-10T23:05:00.000Z,Fire,Pottawatomie,2356
OK,2006-01-10T23:05:00.000Z,Fire,Stephens,2396
OK,2006-01-10T23:05:00.000Z,Fire,Tulsa,2008
OK,2006-01-10T23:05:00.000Z,Fire,Wagoner,2014
TX,2006-01-11T19:13:00.000Z,Fire,Andrews,2117
OK,2006-01-10T23:05:00.000Z,Fire,Seminole,2384
TX,2006-01-11T19:13:00.000Z,Fire,Aransas,2162
TX,2006-01-11T19:13:00.000Z,Fire,Angelina,2124
TX,2006-01-11T19:13:00.000Z,Fire,Archer,2168
TX,2006-01-11T19:13:00.000Z,Fire,Armstrong,2172
TX,2006-01-11T19:13:00.000Z,Fire,Atascosa,2173
TX,2006-01-11T19:13:00.000Z,Fire,Austin,2177
TX,2006-01-11T19:13:00.000Z,Fire,Bailey,2179
TX,2006-01-11T19:13:00.000Z,Fire,Bandera,2183
TX,2006-01-11T19:13:00.000Z,Fire,Baylor,2192
TX,2006-01-11T19:13:00.000Z,Fire,Bee,2196
TX,2006-01-11T19:13:00.000Z,Fire,Bell,2198
TX,2006-01-11T19:13:00.000Z,Fire,Bexar,2203
TX,2006-01-11T19:13:00.000Z,Fire,Borden,2212
TX,2006-01-11T19:13:00.000Z,Fire,Blanco,2207
TX,2006-01-11T19:13:00.000Z,Fire,Bosque,2216
TX,2006-01-11T19:13:00.000Z,Fire,Bowie,2224
TX,2006-01-11T19:13:00.000Z,Fire,Brazoria,2240
TX,2006-01-11T19:13:00.000Z,Fire,Brewster,2262
TX,2006-01-11T19:13:00.000Z,Fire,Briscoe,2269
TX,2006-01-11T19:13:00.000Z,Fire,Brooks,2279
TX,2006-01-11T19:13:00.000Z,Fire,Brown,2296
TX,2006-01-11T19:13:00.000Z,Fire,Burleson,2304
TX,2006-01-11T19:13:00.000Z,Fire,Burnet,2312
TX,2006-01-11T19:13:00.000Z,Fire,Brazos,2253
TX,2006-01-11T19:13:00.000Z,Fire,Calhoun,2327
TX,2006-01-11T19:13:00.000Z,Fire,Cameron,2359
TX,2006-01-11T19:13:00.000Z,Fire,Camp,2373
TX,2006-01-11T19:13:00.000Z,Fire,Chambers,2395
TX,2006-01-11T19:13:00.000Z,Fire,Cherokee,2400
TX,2006-01-11T19:13:00.000Z,Fire,Childress,2405
TX,2006-01-11T19:13:00.000Z,Fire,Carson,2377
TX,2006-01-11T19:13:00.000Z,Fire,Cass,2382
TX,2006-01-11T19:13:00.000Z,Fire,Castro,2386
TX,2006-01-11T19:13:00.000Z,Fire,Coke,2418
TX,2006-01-11T19:13:00.000Z,Fire,Coleman,2423
TX,2006-01-11T19:13:00.000Z,Fire,Collin,2429
TX,2006-01-11T19:13:00.000Z,Fire,Clay,2409
TX,2006-01-11T19:13:00.000Z,Fire,Cochran,2413
TX,2006-01-11T19:13:00.000Z,Fire,Collingsworth,2434
TX,2006-01-11T19:13:00.000Z,Fire,Comanche,2455
TX,2006-01-11T19:13:00.000Z,Fire,Colorado,2441
TX,2006-01-11T19:13:00.000Z,Fire,Comal,2449
TX,2006-01-11T19:13:00.000Z,Fire,Cottle,2473
TX,2006-01-11T19:13:00.000Z,Fire,Coryell,2469
TX,2006-01-11T19:13:00.000Z,Fire,Crane,2478
TX,2006-01-11T19:13:00.000Z,Fire,Concho,2458
TX,2006-01-11T19:13:00.000Z,Fire,Crockett,2483
TX,2006-01-11T19:13:00.000Z,Fire,Crosby,2487
TX,2006-01-11T19:13:00.000Z,Fire,Culberson,2491
TX,2006-01-11T19:13:00.000Z,Fire,Dallas,2507
TX,2006-01-11T19:13:00.000Z,Fire,Dawson,2512
TX,2006-01-11T19:13:00.000Z,Fire,Delta,2524
TX,2006-01-11T19:13:00.000Z,Fire,Dallam,2498
TX,2006-01-11T19:13:00.000Z,Fire,Denton,2532
TX,2006-01-11T19:13:00.000Z,Fire,DeWitt,2538
TX,2006-01-11T19:13:00.000Z,Fire,Dickens,2542
TX,2006-01-11T19:13:00.000Z,Fire,Dimmit,2548
TX,2006-01-11T19:13:00.000Z,Fire,Donley,2551
TX,2006-01-11T19:13:00.000Z,Fire,Duval,2556
TX,2006-01-11T19:13:00.000Z,Fire,Ector,2568
TX,2006-01-11T19:13:00.000Z,Fire,Edwards,2574
TX,2006-01-11T19:13:00.000Z,Fire,Ellis,2579
TX,2006-01-11T19:13:00.000Z,Fire,Falls,2601
TX,2006-01-11T19:13:00.000Z,Fire,Fannin,2621
TX,2006-01-11T19:13:00.000Z,Fire,Fayette,2624
TX,2006-01-11T19:13:00.000Z,Fire,Fisher,2628
TX,2006-01-11T19:13:00.000Z,Fire,El Paso,2588
TX,2006-01-11T19:13:00.000Z,Fire,Floyd,2630
TX,2006-01-11T19:13:00.000Z,Fire,Foard,2002
TX,2006-01-11T19:13:00.000Z,Fire,Fort Bend,2009
TX,2006-01-11T19:13:00.000Z,Fire,Franklin,2016
TX,2006-01-11T19:13:00.000Z,Fire,Frio,2028
TX,2006-01-11T19:13:00.000Z,Fire,Gaines,2032
TX,2006-01-11T19:13:00.000Z,Fire,Galveston,2059
TX,2006-01-11T19:13:00.000Z,Fire,Garza,2060
TX,2006-01-11T19:13:00.000Z,Fire,Freestone,2022
TX,2006-01-11T19:13:00.000Z,Fire,Gillespie,2066
TX,2006-01-11T19:13:00.000Z,Fire,Glasscock,2072
TX,2006-01-11T19:13:00.000Z,Fire,Grayson,2094
TX,2006-01-11T19:13:00.000Z,Fire,Gonzales,2086
TX,2006-01-11T19:13:00.000Z,Fire,Goliad,2079
TX,2006-01-11T19:13:00.000Z,Fire,Hale,2120
TX,2006-01-11T19:13:00.000Z,Fire,Hall,2125
TX,2006-01-11T19:13:00.000Z,Fire,Hamilton,2128
TX,2006-01-11T19:13:00.000Z,Fire,Hansford,2132
TX,2006-01-11T19:13:00.000Z,Fire,Gregg,2101
TX,2006-01-11T19:13:00.000Z,Fire,Grimes,2108
TX,2006-01-11T19:13:00.000Z,Fire,Hardeman,2137
TX,2006-01-11T19:13:00.000Z,Fire,Hartley,2160
TX,2006-01-11T19:13:00.000Z,Fire,Hardin,2142
TX,2006-01-11T19:13:00.000Z,Fire,Harris,2149
TX,2006-01-11T19:13:00.000Z,Fire,Harrison,2157
TX,2006-01-11T19:13:00.000Z,Fire,Hays,2166
TX,2006-01-11T19:13:00.000Z,Fire,Hemphill,2171
TX,2006-01-11T19:13:00.000Z,Fire,Haskell,2163
TX,2006-01-11T19:13:00.000Z,Fire,Hill,2201
TX,2006-01-11T19:13:00.000Z,Fire,Hockley,2208
TX,2006-01-11T19:13:00.000Z,Fire,Henderson,2178
TX,2006-01-11T19:13:00.000Z,Fire,Hidalgo,2188
TX,2006-01-11T19:13:00.000Z,Fire,Hopkins,2221
TX,2006-01-11T19:13:00.000Z,Fire,Hudspeth,2241
TX,2006-01-11T19:13:00.000Z,Fire,Hunt,2246
TX,2006-01-11T19:13:00.000Z,Fire,Irion,2255
TX,2006-01-11T19:13:00.000Z,Fire,Houston,2228
TX,2006-01-11T19:13:00.000Z,Fire,Howard,2231
TX,2006-01-11T19:13:00.000Z,Fire,Jackson,2264
TX,2006-01-11T19:13:00.000Z,Fire,Jasper,2271
TX,2006-01-11T19:13:00.000Z,Fire,Jeff Davis,2275
TX,2006-01-11T19:13:00.000Z,Fire,Jefferson,2285
TX,2006-01-11T19:13:00.000Z,Fire,Jack,2256
TX,2006-01-11T19:13:00.000Z,Fire,Jim Wells,2294
TX,2006-01-11T19:13:00.000Z,Fire,Karnes,2307
TX,2006-01-11T19:13:00.000Z,Fire,Jim Hogg,2288
TX,2006-01-11T19:13:00.000Z,Fire,Kendall,2319
TX,2006-01-11T19:13:00.000Z,Fire,Jones,2301
TX,2006-01-11T19:13:00.000Z,Fire,Kaufman,2314
TX,2006-01-11T19:13:00.000Z,Fire,Kimble,2339
TX,2006-01-11T19:13:00.000Z,Fire,Kenedy,2330
TX,2006-01-11T19:13:00.000Z,Fire,Kleberg,2358
TX,2006-01-11T19:13:00.000Z,Fire,Knox,2364
TX,2006-01-11T19:13:00.000Z,Fire,Kent,2335
TX,2006-01-11T19:13:00.000Z,Fire,Kinney,2347
TX,2006-01-11T19:13:00.000Z,Fire,King,2342
TX,2006-01-11T19:13:00.000Z,Fire,Lamar,2371
TX,2006-01-11T19:13:00.000Z,Fire,Lamb,2376
TX,2006-01-11T19:13:00.000Z,Fire,Lampasas,2381
TX,2006-01-11T19:13:00.000Z,Fire,La Salle,2388
TX,2006-01-11T19:13:00.000Z,Fire,Leon,2402
TX,2006-01-11T19:13:00.000Z,Fire,Lavaca,2392
TX,2006-01-11T19:13:00.000Z,Fire,Liberty,2404
TX,2006-01-11T19:13:00.000Z,Fire,Limestone,2408
TX,2006-01-11T19:13:00.000Z,Fire,Lipscomb,2412
TX,2006-01-11T19:13:00.000Z,Fire,Lee,2398
TX,2006-01-11T19:13:00.000Z,Fire,Live Oak,2416
TX,2006-01-11T19:13:00.000Z,Fire,Llano,2421
TX,2006-01-11T19:13:00.000Z,Fire,Lubbock,2428
TX,2006-01-11T19:13:00.000Z,Fire,Loving,2424
TX,2006-01-11T19:13:00.000Z,Fire,Lynn,2438
TX,2006-01-11T19:13:00.000Z,Fire,McCulloch,2452
TX,2006-01-11T19:13:00.000Z,Fire,McLennan,2477
TX,2006-01-11T19:13:00.000Z,Fire,McMullen,2494
TX,2006-01-11T19:13:00.000Z,Fire,Madison,2526
TX,2006-01-11T19:13:00.000Z,Fire,Marion,2547
TX,2006-01-11T19:13:00.000Z,Fire,Mason,2570
TX,2006-01-11T19:13:00.000Z,Fire,Martin,2564
TX,2006-01-11T19:13:00.000Z,Fire,Matagorda,2637
TX,2006-01-11T19:13:00.000Z,Fire,Maverick,2649
TX,2006-01-11T19:13:00.000Z,Fire,Menard,2655
TX,2006-01-11T19:13:00.000Z,Fire,Medina,2652
TX,2006-01-11T19:13:00.000Z,Fire,Midland,2657
TX,2006-01-11T19:13:00.000Z,Fire,Milam,2659
TX,2006-01-11T19:13:00.000Z,Fire,Mills,2663
TX,2006-01-11T19:13:00.000Z,Fire,Mitchell,2666
TX,2006-01-11T19:13:00.000Z,Fire,Montgomery,2682
TX,2006-01-11T19:13:00.000Z,Fire,Moore,2683
TX,2006-01-11T19:13:00.000Z,Fire,Morris,2688
TX,2006-01-11T19:13:00.000Z,Fire,Motley,2692
TX,2006-01-11T19:13:00.000Z,Fire,Nacogdoches,2701
TX,2006-01-11T19:13:00.000Z,Fire,Newton,2711
TX,2006-01-11T19:13:00.000Z,Fire,Nolan,2714
TX,2006-01-11T19:13:00.000Z,Fire,Ochiltree,2204
TX,2006-01-11T19:13:00.000Z,Fire,Nueces,2194
TX,2006-01-11T19:13:00.000Z,Fire,Navarro,2706
TX,2006-01-11T19:13:00.000Z,Fire,Panola,2227
TX,2006-01-11T19:13:00.000Z,Fire,Oldham,2210
TX,2006-01-11T19:13:00.000Z,Fire,Pecos,2239
TX,2006-01-11T19:13:00.000Z,Fire,Orange,2214
TX,2006-01-11T19:13:00.000Z,Fire,Presidio,2261
TX,2006-01-11T19:13:00.000Z,Fire,Reagan,2280
TX,2006-01-11T19:13:00.000Z,Fire,Rains,2268
TX,2006-01-11T19:13:00.000Z,Fire,Polk,2243
TX,2006-01-11T19:13:00.000Z,Fire,Parmer,2235
TX,2006-01-11T19:13:00.000Z,Fire,Real,2283
TX,2006-01-11T19:13:00.000Z,Fire,Red River,2295
TX,2006-01-11T19:13:00.000Z,Fire,Reeves,2308
TX,2006-01-11T19:13:00.000Z,Fire,Refugio,2334
TX,2006-01-11T19:13:00.000Z,Fire,Randall,2274
TX,2006-01-11T19:13:00.000Z,Fire,Robertson,2353
TX,2006-01-11T19:13:00.000Z,Fire,Rockwall,2355
TX,2006-01-11T19:13:00.000Z,Fire,Runnels,2361
TX,2006-01-11T19:13:00.000Z,Fire,Sabine,2370
TX,2006-01-11T19:13:00.000Z,Fire,San Augustine,2380
TX,2006-01-11T19:13:00.000Z,Fire,San Jacinto,2387
TX,2006-01-11T19:13:00.000Z,Fire,San Patricio,2415
TX,2006-01-11T19:13:00.000Z,Fire,San Saba,2435
TX,2006-01-11T19:13:00.000Z,Fire,Schleicher,2437
TX,2006-01-11T19:13:00.000Z,Fire,Scurry,2443
TX,2006-01-11T19:13:00.000Z,Fire,Shackelford,2445
TX,2006-01-11T19:13:00.000Z,Fire,Rusk,2367
TX,2006-01-11T19:13:00.000Z,Fire,Shelby,2448
TX,2006-01-11T19:13:00.000Z,Fire,Sherman,2453
TX,2006-01-11T19:13:00.000Z,Fire,Smith,2465
TX,2006-01-11T19:13:00.000Z,Fire,Stephens,2480
TX,2006-01-11T19:13:00.000Z,Fire,Sterling,2481
TX,2006-01-11T19:13:00.000Z,Fire,Somervell,2470
TX,2006-01-11T19:13:00.000Z,Fire,Starr,2474
TX,2006-01-11T19:13:00.000Z,Fire,Stonewall,2486
TX,2006-01-11T19:13:00.000Z,Fire,Sutton,2490
TX,2006-01-11T19:13:00.000Z,Fire,Swisher,2495
TX,2006-01-11T19:13:00.000Z,Fire,Taylor,2508
TX,2006-01-11T19:13:00.000Z,Fire,Terry,2522
TX,2006-01-11T19:13:00.000Z,Fire,Throckmorton,2525
TX,2006-01-11T19:13:00.000Z,Fire,Titus,2531
TX,2006-01-11T19:13:00.000Z,Fire,Tom Green,2536
TX,2006-01-11T19:13:00.000Z,Fire,Terrell,2518
TX,2006-01-11T19:13:00.000Z,Fire,Travis,2543
TX,2006-01-11T19:13:00.000Z,Fire,Trinity,2553
TX,2006-01-11T19:13:00.000Z,Fire,Tyler,2560
TX,2006-01-11T19:13:00.000Z,Fire,Upshur,2566
TX,2006-01-11T19:13:00.000Z,Fire,Upton,2572
TX,2006-01-11T19:13:00.000Z,Fire,Uvalde,2576
TX,2006-01-11T19:13:00.000Z,Fire,Val Verde,2582
TX,2006-01-11T19:13:00.000Z,Fire,Van Zandt,2586
TX,2006-01-11T19:13:00.000Z,Fire,Victoria,2595
TX,2006-01-11T19:13:00.000Z,Fire,Walker,2603
TX,2006-01-11T19:13:00.000Z,Fire,Waller,2606
TX,2006-01-11T19:13:00.000Z,Fire,Ward,2610
TX,2006-01-11T19:13:00.000Z,Fire,Washington,2613
TX,2006-01-11T19:13:00.000Z,Fire,Wharton,2618
TX,2006-01-11T19:13:00.000Z,Fire,Wichita,2632
TX,2006-01-11T19:13:00.000Z,Fire,Wilbarger,2634
TX,2006-01-11T19:13:00.000Z,Fire,Willacy,2639
TX,2006-01-11T19:13:00.000Z,Fire,Webb,2616
TX,2006-01-11T19:13:00.000Z,Fire,Wilson,2641
TX,2006-01-11T19:13:00.000Z,Fire,Winkler,2642
TX,2006-01-11T19:13:00.000Z,Fire,Wood,2644
TX,2006-01-11T19:13:00.000Z,Fire,Williamson,2640
TX,2006-01-11T19:13:00.000Z,Fire,Yoakum,2645
TX,2006-01-11T19:13:00.000Z,Fire,Young,2646
TX,2006-01-11T19:13:00.000Z,Fire,Zapata,2650
TX,2006-01-11T19:13:00.000Z,Fire,Zavala,2651
TX,2006-01-11T19:13:00.000Z,Fire,Anderson,2113
TX,2006-01-11T19:13:00.000Z,Fire,Bastrop,2190
TX,2006-01-11T19:13:00.000Z,Fire,Caldwell,2320
TX,2006-01-11T19:13:00.000Z,Fire,Cooke,2463
TX,2006-01-11T19:13:00.000Z,Fire,Callahan,2331
TX,2006-01-11T19:13:00.000Z,Fire,Eastland,2562
TX,2006-01-11T19:13:00.000Z,Fire,Erath,2597
TX,2006-01-11T19:13:00.000Z,Fire,Gray,2088
TX,2006-01-11T19:13:00.000Z,Fire,Guadalupe,2116
TX,2006-01-11T19:13:00.000Z,Fire,Deaf Smith,2515
TX,2006-01-11T19:13:00.000Z,Fire,Hood,2213
TX,2006-01-11T19:13:00.000Z,Fire,Hutchinson,2249
TX,2006-01-11T19:13:00.000Z,Fire,Montague,2669
TX,2006-01-11T19:13:00.000Z,Fire,Palo Pinto,2220
TX,2006-01-11T19:13:00.000Z,Fire,Johnson,2299
TX,2006-01-11T19:13:00.000Z,Fire,Kerr,2337
TX,2006-01-11T19:13:00.000Z,Fire,Potter,2247
TX,2006-01-11T19:13:00.000Z,Fire,Parker,2229
TX,2006-01-11T19:13:00.000Z,Fire,Roberts,2348
TX,2006-01-11T19:13:00.000Z,Fire,Tarrant,2500
TX,2006-01-11T19:13:00.000Z,Fire,Wise,2643
TX,2006-01-11T19:13:00.000Z,Fire,Wheeler,2623
CA,2007-10-24T06:30:00.000Z,Fire,Orange,257
CA,2007-10-24T06:30:00.000Z,Fire,San Bernardino,302
CA,2007-10-24T06:30:00.000Z,Fire,Los Angeles,139
CA,2007-10-24T06:30:00.000Z,Fire,San Diego,315
CA,2007-10-24T06:30:00.000Z,Fire,Santa Barbara,391
CA,2007-10-24T06:30:00.000Z,Fire,Ventura,521
CA,2007-10-24T06:30:00.000Z,Fire,Riverside,281
CA,2008-11-18T16:10:00.000Z,Fire,Los Angeles,139
CA,2008-11-18T16:10:00.000Z,Fire,Orange,257
CA,2008-11-18T16:10:00.000Z,Fire,Riverside,281
CA,2008-11-18T16:10:00.000Z,Fire,Santa Barbara,391
OK,2009-06-19T18:00:00.000Z,Fire,Carter,2126
OK,2009-06-19T18:00:00.000Z,Fire,Cleveland,2140
OK,2009-06-19T18:00:00.000Z,Fire,Grady,2184
OK,2009-06-19T18:00:00.000Z,Fire,McClain,2245
OK,2009-06-19T18:00:00.000Z,Fire,Murray,2276
OK,2009-06-19T18:00:00.000Z,Fire,Oklahoma,2303
OK,2009-06-19T18:00:00.000Z,Fire,Payne,2340
OK,2009-06-19T18:00:00.000Z,Fire,Stephens,2396
OK,2009-06-19T18:00:00.000Z,Fire,Lincoln,2234
TX,2000-01-03T18:30:00.000Z,Fire,Wise,2643
TX,2000-01-04T19:10:00.000Z,Fire,Comal,2449
TX,2000-01-05T18:35:00.000Z,Fire,Bastrop,2190
MO,2000-03-09T18:20:00.000Z,Fire,Camden,1803
HI,2000-03-20T09:45:00.000Z,Fire,Hawaii,198
FL,2000-04-11T14:25:00.000Z,Fire,Collier,894
NM,2000-04-20T14:50:00.000Z,Fire,Socorro,1659
NM,2000-04-20T14:50:00.000Z,Fire,Valencia,1670
NM,2000-05-14T18:10:00.000Z,Fire,Otero,1633
FL,2000-05-16T18:30:00.000Z,Fire,Sarasota,977
FL,2000-05-19T20:55:00.000Z,Fire,Citrus,843
FL,2000-05-19T20:55:00.000Z,Fire,Hernando,945
FL,2000-05-19T20:55:00.000Z,Fire,Lake,953
NM,2000-05-08T16:55:00.000Z,Fire,Lincoln,1613
FL,2000-05-19T20:55:00.000Z,Fire,Pasco,970
FL,2000-05-19T20:55:00.000Z,Fire,Sumter,979
FL,2000-05-20T20:45:00.000Z,Fire,Hillsborough,947
FL,2000-05-28T21:08:00.000Z,Fire,Brevard,686
FL,2000-05-28T21:08:00.000Z,Fire,Orange,967
FL,2000-05-28T21:08:00.000Z,Fire,Osceola,968
FL,2000-05-29T18:50:00.000Z,Fire,Alachua,639
FL,2000-05-28T21:30:00.000Z,Fire,Flagler,935
FL,2000-05-29T18:50:00.000Z,Fire,Gilchrist,939
FL,2000-05-20T20:45:00.000Z,Fire,Pinellas,971
FL,2000-05-20T20:45:00.000Z,Fire,Polk,972
FL,2000-05-29T18:50:00.000Z,Fire,Levy,956
FL,2000-05-29T18:50:00.000Z,Fire,Marion,960
FL,2000-05-29T18:50:00.000Z,Fire,Putnam,973
FL,2000-06-02T20:05:00.000Z,Fire,Clay,852
FL,2000-06-02T20:05:00.000Z,Fire,Duval,924
FL,2000-06-02T20:05:00.000Z,Fire,Nassau,964
FL,2000-06-05T18:50:00.000Z,Fire,Baker,641
FL,2000-06-05T18:50:00.000Z,Fire,Bradford,665
FL,2000-06-05T18:50:00.000Z,Fire,Columbia,903
NM,2000-05-30T13:00:00.000Z,Fire,San Miguel,1652
FL,2000-06-05T18:50:00.000Z,Fire,Hamilton,942
FL,2000-06-05T18:50:00.000Z,Fire,Suwannee,980
FL,2000-06-05T18:50:00.000Z,Fire,Union,982
FL,2000-06-09T08:20:00.000Z,Fire,Dixie,918
FL,2000-06-09T08:20:00.000Z,Fire,Lafayette,952
FL,2000-06-09T08:20:00.000Z,Fire,Madison,958
CO,2000-06-12T16:25:00.000Z,Fire,Larimer,734
CO,2000-06-12T19:15:00.000Z,Fire,Jefferson,706
FL,2000-06-09T08:20:00.000Z,Fire,Taylor,981
CO,2000-06-12T19:15:00.000Z,Fire,Park,782
NM,2000-06-15T18:50:00.000Z,Fire,Mora,1629
WA,2000-02-29T02:20:00.000Z,Fire,Benton,2847
NV,2000-06-30T13:50:00.000Z,Fire,Washoe,1423
WA,2000-07-22T20:30:00.000Z,Fire,Okanogan,2947
MT,2000-07-24T19:05:00.000Z,Fire,Broadwater,1132
MT,2000-07-24T19:05:00.000Z,Fire,Jefferson,1199
MT,2000-07-24T19:05:00.000Z,Fire,Lewis and Clark,1211
MT,2000-07-24T19:05:00.000Z,Fire,Meagher,1231
WY,2000-07-31T19:20:00.000Z,Fire,Natrona,3038
NV,2000-08-01T00:00:00.000Z,Fire,Washoe,1423
MT,2000-08-05T17:55:00.000Z,Fire,Deer Lodge,1163
MT,2000-08-05T17:55:00.000Z,Fire,Mineral,1234
MT,2000-08-05T17:55:00.000Z,Fire,Granite,1192
MT,2000-08-05T17:55:00.000Z,Fire,Missoula,1239
MT,2000-08-05T17:55:00.000Z,Fire,Powell,1262
MT,2000-08-05T17:55:00.000Z,Fire,Ravalli,1268
MT,2000-08-05T17:55:00.000Z,Fire,Silver Bow,1284
MT,2000-08-08T00:01:00.000Z,Fire,Beaverhead,1269
MT,2000-08-08T00:01:00.000Z,Fire,Madison,1226
SD,2000-08-13T02:40:00.000Z,Fire,Fall River,2919
MT,2000-08-14T21:40:00.000Z,Fire,Flathead,1173
MT,2000-08-14T21:40:00.000Z,Fire,Lake,1207
MT,2000-08-14T21:40:00.000Z,Fire,Lincoln,1219
MT,2000-08-14T21:40:00.000Z,Fire,Sanders,1278
MT,2000-08-16T17:45:00.000Z,Fire,Gallatin,1177
MT,2000-08-16T17:45:00.000Z,Fire,Park,1244
TX,2000-08-23T17:23:00.000Z,Fire,Nacogdoches,2701
WA,2000-08-25T02:50:00.000Z,Fire,Klickitat,2935
SD,2000-08-25T12:45:00.000Z,Fire,Custer,2908
TX,2000-08-26T20:55:00.000Z,Fire,Hill,2201
MT,2000-08-28T15:55:00.000Z,Fire,Carbon,1137
TX,2000-08-31T18:05:00.000Z,Fire,Eastland,2562
TX,2000-09-03T18:00:00.000Z,Fire,Newton,2711
WA,2000-08-25T02:50:00.000Z,Fire,Yakima,2974
TX,2000-09-04T10:25:00.000Z,Fire,Liberty,2404
TX,2000-09-05T11:15:00.000Z,Fire,Kerr,2337
TX,2000-09-05T11:20:00.000Z,Fire,Montgomery,2682
TX,2000-09-05T11:30:00.000Z,Fire,Tyler,2560
TX,2000-09-07T20:00:00.000Z,Fire,Lampasas,2381
TX,2000-09-07T20:00:00.000Z,Fire,Kendall,2319
TX,2000-09-08T16:00:00.000Z,Fire,McCulloch,2452
TX,2000-09-08T16:00:00.000Z,Fire,San Saba,2435
TX,2000-09-10T16:45:00.000Z,Fire,Caldwell,2320
LA,2000-09-11T10:00:00.000Z,Fire,Allen,1051
LA,2000-09-11T10:00:00.000Z,Fire,Beauregard,1066
LA,2000-09-11T10:00:00.000Z,Fire,Calcasieu,1081
LA,2000-09-11T10:00:00.000Z,Fire,De Soto,1103
LA,2000-09-11T10:00:00.000Z,Fire,Evangeline,1118
LA,2000-09-11T10:00:00.000Z,Fire,Jefferson Davis,1155
LA,2000-09-11T10:00:00.000Z,Fire,Natchitoches,1301
LA,2000-09-11T10:00:00.000Z,Fire,Rapides,1434
LA,2000-09-11T10:00:00.000Z,Fire,Red River,1436
LA,2000-09-11T10:00:00.000Z,Fire,Sabine,1441
LA,2000-09-11T10:00:00.000Z,Fire,Vernon,1513
CO,2000-09-16T18:15:00.000Z,Fire,Boulder,570
AL,2000-09-17T19:05:00.000Z,Fire,Jefferson,171
TX,2000-09-18T17:00:00.000Z,Fire,Smith,2465
OK,2000-09-19T13:25:00.000Z,Fire,Murray,2276
OK,2000-09-21T13:10:00.000Z,Fire,Creek,2151
OK,2000-09-21T13:00:00.000Z,Fire,Logan,2236
TX,2000-10-03T11:00:00.000Z,Fire,Parker,2229
MN,2000-10-20T19:45:00.000Z,Fire,Anoka,1877
MN,2000-10-20T19:45:00.000Z,Fire,Chisago,1897
MN,2000-10-20T19:45:00.000Z,Fire,Morrison,1944
MN,2000-10-20T19:45:00.000Z,Fire,Pine,1957
MN,2000-10-20T19:45:00.000Z,Fire,Washington,1994
TN,2000-11-02T16:45:00.000Z,Fire,Anderson,2584
TN,2000-11-02T16:45:00.000Z,Fire,Sevier,2030
TN,2000-11-03T14:20:00.000Z,Fire,Fentress,2731
TN,2000-11-03T14:20:00.000Z,Fire,Pickett,2881
TN,2000-11-03T14:20:00.000Z,Fire,Grainger,2748
TN,2000-11-03T14:20:00.000Z,Fire,Hancock,2766
KY,2000-11-04T09:35:00.000Z,Fire,Clay,1056
KY,2000-11-04T09:35:00.000Z,Fire,Harlan,1114
KY,2000-11-04T09:35:00.000Z,Fire,Knox,1159
KY,2000-11-04T09:35:00.000Z,Fire,Rockcastle,1276
KY,2000-11-04T09:35:00.000Z,Fire,Whitley,1034
KY,2000-11-04T09:35:00.000Z,Fire,Jackson,1140
KY,2000-11-04T09:35:00.000Z,Fire,Johnson,1148
KY,2000-11-04T09:35:00.000Z,Fire,Lawrence,1167
KY,2000-11-04T09:35:00.000Z,Fire,Leslie,1175
KY,2000-11-04T09:35:00.000Z,Fire,Floyd,1085
KY,2000-11-04T09:35:00.000Z,Fire,Laurel,1166
KY,2000-11-04T09:35:00.000Z,Fire,Bell,936
KY,2000-11-04T09:35:00.000Z,Fire,Magoffin,1206
TN,2000-11-03T14:20:00.000Z,Fire,Hawkins,2779
KY,2000-11-04T09:35:00.000Z,Fire,Martin,1215
KY,2000-11-04T09:35:00.000Z,Fire,Pike,1267
KY,2000-11-04T09:35:00.000Z,Fire,McCreary,1198
TX,2001-01-05T00:00:00.000Z,Fire,Hays,2166
FL,2001-03-18T20:25:00.000Z,Fire,Hillsborough,947
FL,2001-03-18T20:25:00.000Z,Fire,Pinellas,971
FL,2001-03-18T20:25:00.000Z,Fire,Polk,972
FL,2001-02-19T19:40:00.000Z,Fire,Glades,940
TX,2001-01-05T00:00:00.000Z,Fire,Johnson,2299
FL,2001-02-19T19:40:00.000Z,Fire,Highlands,946
FL,2001-02-19T19:40:00.000Z,Fire,Indian River,949
FL,2001-02-19T19:40:00.000Z,Fire,Martin,961
FL,2001-02-19T19:40:00.000Z,Fire,Okeechobee,966
FL,2001-02-19T19:40:00.000Z,Fire,Collier,894
FL,2001-02-19T19:40:00.000Z,Fire,Hendry,944
FL,2001-02-19T19:40:00.000Z,Fire,Lee,954
NV,2000-01-13T00:00:00.000Z,Fire,Elko,1401
FL,2001-04-17T13:45:00.000Z,Fire,Brevard,686
FL,2001-04-17T13:45:00.000Z,Fire,Orange,967
FL,2001-04-17T13:45:00.000Z,Fire,Osceola,968
FL,2001-04-18T18:14:00.000Z,Fire,Charlotte,743
FL,2001-04-18T18:14:00.000Z,Fire,DeSoto,906
FL,2001-04-18T18:14:00.000Z,Fire,Hardee,943
FL,2001-04-18T18:14:00.000Z,Fire,Manatee,959
FL,2001-04-25T16:40:00.000Z,Fire,Maimi-Dade,962
FL,2001-04-18T18:14:00.000Z,Fire,Sarasota,977
FL,2001-04-25T16:40:00.000Z,Fire,Monroe,963
FL,2001-05-15T15:50:00.000Z,Fire,Walton,985
GA,2001-05-23T10:10:00.000Z,Fire,McIntosh,871
NM,2001-06-03T18:07:00.000Z,Fire,Lincoln,1613
FL,2001-05-23T17:53:00.000Z,Fire,Dixie,918
FL,2001-05-16T09:10:00.000Z,Fire,Escambia,931
FL,2001-05-15T15:50:00.000Z,Fire,Washington,986
FL,2001-05-23T17:53:00.000Z,Fire,Lafayette,952
NV,2001-07-05T22:17:00.000Z,Fire,Elko,1401
WY,2001-07-26T17:21:00.000Z,Fire,Teton,3053
NM,2001-06-03T18:07:00.000Z,Fire,Otero,1633
SD,2001-08-01T00:35:00.000Z,Fire,Custer,2908
WY,2001-08-01T11:10:00.000Z,Fire,Weston,3058
NV,2001-08-09T12:00:00.000Z,Fire,Washoe,1423
WA,2001-08-14T01:25:00.000Z,Fire,Okanogan,2947
WA,2001-08-14T01:25:00.000Z,Fire,Okanogan,2947
WA,2001-08-14T18:24:00.000Z,Fire,Chelan,2852
OR,2001-08-15T23:10:00.000Z,Fire,Umatilla,2251
WA,2001-07-28T21:30:00.000Z,Fire,Chelan,2852
WA,2001-08-16T23:00:00.000Z,Fire,Yakima,2974
WA,2001-08-17T16:55:00.000Z,Fire,Ferry,2880
WA,2001-08-17T19:54:00.000Z,Fire,Chelan,2852
UT,2001-08-19T16:25:00.000Z,Fire,Utah,2555
WY,2001-09-06T15:40:00.000Z,Fire,Crook,3025
WA,2001-08-16T19:55:00.000Z,Fire,Okanogan,2947
KY,2001-11-02T22:05:00.000Z,Fire,Bell,936
KY,2001-11-02T22:05:00.000Z,Fire,Clay,1056
KY,2001-11-02T22:05:00.000Z,Fire,Harlan,1114
KY,2001-11-02T22:05:00.000Z,Fire,Jackson,1140
KY,2001-11-02T22:05:00.000Z,Fire,Knox,1159
CO,2001-11-01T18:40:00.000Z,Fire,Larimer,734
KY,2001-11-02T22:05:00.000Z,Fire,Breathitt,1017
KY,2001-11-02T22:05:00.000Z,Fire,McCreary,1198
KY,2001-11-02T22:05:00.000Z,Fire,Rockcastle,1276
KY,2001-11-02T22:05:00.000Z,Fire,Whitley,1034
KY,2001-11-02T22:50:00.000Z,Fire,Johnson,1148
KY,2001-11-02T22:50:00.000Z,Fire,Lawrence,1167
KY,2001-11-02T22:50:00.000Z,Fire,Floyd,1085
KY,2001-11-02T22:50:00.000Z,Fire,Magoffin,1206
KY,2001-11-02T22:50:00.000Z,Fire,Pike,1267
TN,2001-11-03T14:45:00.000Z,Fire,Bledsoe,2602
TN,2001-11-03T14:45:00.000Z,Fire,Grundy,2754
TN,2001-11-03T14:45:00.000Z,Fire,Marion,2844
KY,2001-11-02T22:05:00.000Z,Fire,Laurel,1166
KY,2001-11-02T22:50:00.000Z,Fire,Martin,1215
KY,2001-11-02T22:05:00.000Z,Fire,Leslie,1175
TN,2001-11-03T14:45:00.000Z,Fire,Polk,2883
TN,2001-11-03T14:45:00.000Z,Fire,Rhea,2893
TN,2001-11-03T14:45:00.000Z,Fire,Sequatchie,2025
SC,2001-11-09T16:00:00.000Z,Fire,Horry,2774
TN,2001-11-14T13:55:00.000Z,Fire,Sevier,2030
VA,2001-11-16T14:00:00.000Z,Fire,Buchanan,2784
VA,2001-11-16T14:00:00.000Z,Fire,Dickenson,2832
VA,2001-11-16T14:00:00.000Z,Fire,Scott,2585
WV,2001-11-16T17:00:00.000Z,Fire,Boone,2977
WV,2001-11-16T17:00:00.000Z,Fire,Cabell,2980
WV,2001-11-16T17:00:00.000Z,Fire,Clay,3000
WV,2001-11-16T17:00:00.000Z,Fire,Kanawha,3027
WV,2001-11-16T17:00:00.000Z,Fire,Lincoln,3031
WV,2001-11-16T17:00:00.000Z,Fire,Logan,3034
WV,2001-11-16T17:00:00.000Z,Fire,McDowell,3037
WV,2001-11-16T17:00:00.000Z,Fire,Mercer,3044
WV,2001-11-16T17:00:00.000Z,Fire,Mingo,3048
WV,2001-11-16T17:00:00.000Z,Fire,Raleigh,3073
WV,2001-11-16T17:00:00.000Z,Fire,Wayne,3089
WV,2001-11-16T17:00:00.000Z,Fire,Wyoming,3099
WV,2001-11-16T17:00:00.000Z,Fire,Grant,3011
WV,2001-11-16T17:00:00.000Z,Fire,Hardy,3019
VA,2001-11-20T13:30:00.000Z,Fire,Shenandoah,2594
VA,2001-11-20T16:15:00.000Z,Fire,Albemarle,2728
VA,2001-11-20T16:15:00.000Z,Fire,Nelson,2968
AL,2001-11-20T20:20:00.000Z,Fire,Cherokee,51
AL,2001-11-20T20:20:00.000Z,Fire,Etowah,131
AL,2001-11-20T20:20:00.000Z,Fire,Jackson,164
CA,2002-02-11T20:05:00.000Z,Fire,San Diego,315
VA,2002-02-28T00:00:00.000Z,Fire,Page,2986
NM,2002-03-23T21:20:00.000Z,Fire,Lincoln,1613
CO,2002-04-23T21:45:00.000Z,Fire,Park,782
AZ,2002-04-30T20:00:00.000Z,Fire,Santa Cruz,32
CO,2002-05-01T13:06:00.000Z,Fire,Custer,610
NM,2002-05-01T17:10:00.000Z,Fire,Otero,1633
CO,2002-05-05T22:40:00.000Z,Fire,Park,782
CA,2002-05-14T00:35:00.000Z,Fire,Orange,257
AZ,2002-05-15T21:15:00.000Z,Fire,Yavapai,35
CO,2002-05-23T19:15:00.000Z,Fire,Douglas,644
NM,2002-05-23T20:30:00.000Z,Fire,Rio Arriba,1639
NM,2002-05-07T10:25:00.000Z,Fire,San Miguel,1652
MN,2002-06-01T18:30:00.000Z,Fire,Crow Wing,1903
CO,2002-06-02T21:00:00.000Z,Fire,Fremont,664
NJ,2002-06-02T21:45:00.000Z,Fire,Ocean,1546
NM,2002-05-23T20:30:00.000Z,Fire,Santa Fe,1654
CO,2002-06-03T16:45:00.000Z,Fire,Las Animas,741
CO,2002-06-03T16:45:00.000Z,Fire,Las Animas,741
NM,2002-06-04T14:25:00.000Z,Fire,Colfax,1582
NM,2002-06-04T14:25:00.000Z,Fire,Mora,1629
NM,2002-06-06T16:45:00.000Z,Fire,Colfax,1582
CA,2002-06-06T21:19:00.000Z,Fire,Los Angeles,139
CO,2002-06-07T15:45:00.000Z,Fire,La Plata,727
CO,2002-06-08T23:50:00.000Z,Fire,Garfield,667
NV,2002-06-09T01:38:00.000Z,Fire,Lincoln,1410
CO,2002-06-10T00:35:00.000Z,Fire,Mesa,751
CO,2002-06-11T19:25:00.000Z,Fire,La Plata,727
NM,2002-06-13T21:45:00.000Z,Fire,San Miguel,1652
CA,2002-06-17T23:20:00.000Z,Fire,San Bernardino,302
SC,2002-06-18T23:45:00.000Z,Fire,Horry,2774
WY,2002-06-18T19:45:00.000Z,Fire,Albany,3015
WY,2002-06-18T19:45:00.000Z,Fire,Converse,3024
CO,2002-06-19T18:55:00.000Z,Fire,Rio Grande,802
AZ,2002-06-19T19:25:00.000Z,Fire,Navajo,17
CO,2002-06-25T21:20:00.000Z,Fire,La Plata,727
CA,2002-06-27T05:50:00.000Z,Fire,San Bernardino,302
SD,2002-06-29T20:08:00.000Z,Fire,Lawrence,2406
ND,2002-06-29T22:52:00.000Z,Fire,Sioux,2175
WY,2002-07-01T20:34:00.000Z,Fire,Albany,3015
UT,2002-07-01T20:34:00.000Z,Fire,Daggett,2668
AZ,2002-06-21T00:25:00.000Z,Fire,Navajo,17
NV,2002-07-03T21:00:00.000Z,Fire,Douglas,1400
CO,2002-06-23T22:50:00.000Z,Fire,Gunnison,682
AZ,2002-07-14T18:20:00.000Z,Fire,Pinal,26
NV,2002-07-15T17:10:00.000Z,Fire,Douglas,1400
CO,2002-07-15T21:15:00.000Z,Fire,Montrose,769
CO,2002-07-15T21:15:00.000Z,Fire,San Miguel,359
OR,2002-07-16T01:20:00.000Z,Fire,Jefferson,2143
OR,2002-07-16T19:12:00.000Z,Fire,Lake,2159
OR,2002-07-17T17:45:00.000Z,Fire,Jackson,2139
CO,2002-07-18T17:15:00.000Z,Fire,Larimer,734
OR,2002-07-19T14:15:00.000Z,Fire,Grant,2130
WA,2002-07-20T16:30:00.000Z,Fire,Chelan,2852
CA,2002-07-22T00:14:00.000Z,Fire,Kern,84
NV,2002-07-17T17:50:00.000Z,Fire,Clark,1399
OR,2002-07-28T21:56:00.000Z,Fire,Curry,2098
OR,2002-07-28T21:56:00.000Z,Fire,Josephine,2152
OR,2002-07-28T21:56:00.000Z,Fire,Jackson,2139
OR,2002-07-29T16:00:00.000Z,Fire,Deschutes,2109
OR,2002-07-29T16:00:00.000Z,Fire,Jefferson,2143
OR,2002-07-26T16:00:00.000Z,Fire,Wasco,2267
WA,2002-07-25T15:10:00.000Z,Fire,Okanogan,2947
CO,2002-07-31T22:15:00.000Z,Fire,Eagle,648
SD,2002-08-18T08:18:00.000Z,Fire,Custer,2908
CO,2002-07-31T22:15:00.000Z,Fire,Garfield,667
CA,2002-07-30T16:55:00.000Z,Fire,San Diego,315
NM,2002-08-26T19:50:00.000Z,Fire,Sandoval,1646
SD,2002-08-18T08:18:00.000Z,Fire,Pennington,2497
WY,2002-08-31T20:05:00.000Z,Fire,Lincoln,3036
CA,2002-09-04T01:17:00.000Z,Fire,Shasta,431
CA,2002-09-04T08:35:00.000Z,Fire,Los Angeles,139
CA,2002-09-19T00:44:00.000Z,Fire,Placer,266
CA,2002-09-24T08:00:00.000Z,Fire,Los Angeles,139
CA,2002-09-24T08:00:00.000Z,Fire,San Bernardino,302
HI,2003-05-18T23:05:00.000Z,Fire,Hawaii,198
NV,2003-06-17T21:40:00.000Z,Fire,Carson City,1428
CA,2003-01-07T19:34:00.000Z,Fire,Los Angeles,139
CA,2002-09-25T19:10:00.000Z,Fire,Santa Cruz,415
AZ,2003-06-18T01:37:00.000Z,Fire,Pima,21
NM,2003-06-25T00:55:00.000Z,Fire,Bernalillo,1574
AZ,2003-06-18T01:37:00.000Z,Fire,Pinal,26
CA,2002-09-25T19:10:00.000Z,Fire,Santa Clara,406
CA,2003-06-28T00:06:00.000Z,Fire,Kern,84
AZ,2003-06-21T22:50:00.000Z,Fire,Cochise,763
CA,2003-06-29T23:30:00.000Z,Fire,Kern,84
CA,2003-07-03T23:23:00.000Z,Fire,Riverside,281
NV,2003-07-11T08:55:00.000Z,Fire,Washoe,1423
WA,2003-07-12T08:02:00.000Z,Fire,Yakima,2974
AZ,2003-07-14T16:22:00.000Z,Fire,Gila,787
AZ,2003-07-14T16:22:00.000Z,Fire,Navajo,17
NV,2003-07-15T00:36:00.000Z,Fire,Washoe,1423
UT,2003-07-15T00:55:00.000Z,Fire,Weber,2587
WA,2003-07-16T22:10:00.000Z,Fire,Okanogan,2947
OK,2003-07-22T16:40:00.000Z,Fire,Comanche,2145
MT,2003-07-23T17:05:00.000Z,Fire,Garfield,1182
MT,2003-07-25T20:30:00.000Z,Fire,Flathead,1173
MT,2003-07-25T20:30:00.000Z,Fire,Flathead,1173
CO,2003-07-25T20:30:00.000Z,Fire,Larimer,734
MT,2003-08-11T02:14:00.000Z,Fire,Sweet Grass,1288
MT,2003-08-12T21:51:00.000Z,Fire,Mineral,1234
MT,2003-08-12T21:46:00.000Z,Fire,Sanders,1278
MT,2003-08-12T21:51:00.000Z,Fire,Missoula,1239
CA,2003-08-19T19:48:00.000Z,Fire,Riverside,281
CA,2003-08-19T19:48:00.000Z,Fire,San Bernardino,302
MT,2003-08-20T20:05:00.000Z,Fire,Lewis and Clark,1211
MT,2003-08-20T20:05:00.000Z,Fire,Powell,1262
CA,2003-07-25T22:30:00.000Z,Fire,Riverside,281
OR,2003-08-20T20:05:00.000Z,Fire,Deschutes,2109
OR,2003-08-20T20:05:00.000Z,Fire,Jefferson,2143
OR,2003-08-20T20:05:00.000Z,Fire,Linn,2181
MT,2003-08-21T13:35:00.000Z,Fire,Flathead,1173
OR,2003-09-02T23:05:00.000Z,Fire,Hood River,2138
OR,2003-09-06T03:25:00.000Z,Fire,Jackson,2139
CA,2003-09-06T04:20:00.000Z,Fire,San Bernardino,302
WA,2003-09-06T17:56:00.000Z,Fire,Okanogan,2947
NV,2003-09-29T17:50:00.000Z,Fire,Carson City,1428
CA,2003-10-21T23:41:00.000Z,Fire,Riverside,281
CA,2003-10-23T22:15:00.000Z,Fire,San Bernardino,302
CA,2003-10-25T16:10:00.000Z,Fire,Los Angeles,139
CA,2003-10-25T16:10:00.000Z,Fire,Ventura,521
CA,2003-10-25T19:43:00.000Z,Fire,San Bernardino,302
CA,2003-10-26T02:40:00.000Z,Fire,Ventura,521
CA,2003-10-26T08:27:00.000Z,Fire,San Diego,315
CA,2003-10-26T10:49:00.000Z,Fire,San Diego,315
CA,2003-10-26T23:36:00.000Z,Fire,Riverside,281
CA,2003-10-28T21:50:00.000Z,Fire,Shasta,431
CO,2003-10-29T18:25:00.000Z,Fire,Douglas,644
CO,2003-10-29T14:25:00.000Z,Fire,Boulder,570
CO,2003-11-12T16:20:00.000Z,Fire,Larimer,734
WY,2003-11-20T02:40:00.000Z,Fire,Sheridan,3047
SD,2003-11-20T16:08:00.000Z,Fire,Pennington,2497
CO,2004-04-01T13:05:00.000Z,Fire,Larimer,734
CA,2004-04-26T05:45:00.000Z,Fire,Riverside,281
CA,2004-05-04T03:15:00.000Z,Fire,Riverside,281
CA,2004-05-04T04:10:00.000Z,Fire,Riverside,281
CA,2004-06-05T21:10:00.000Z,Fire,Santa Barbara,391
AZ,2004-06-09T19:20:00.000Z,Fire,Apache,761
UT,2004-06-16T23:51:00.000Z,Fire,Washington,2577
AZ,2004-06-28T15:35:00.000Z,Fire,Gila,787
NV,2004-06-30T20:12:00.000Z,Fire,Washoe,1423
AK,2004-07-01T00:36:00.000Z,Fire,Fairbanks North Star,454
CO,2004-07-03T23:27:00.000Z,Fire,Delta,617
WA,2004-07-06T20:08:00.000Z,Fire,Douglas,2877
CA,2004-07-14T01:47:00.000Z,Fire,Los Angeles,139
CA,2004-07-14T01:50:00.000Z,Fire,San Diego,315
AZ,2004-06-28T15:35:00.000Z,Fire,Yavapai,35
NM,2004-05-25T11:55:00.000Z,Fire,Lincoln,1613
NM,2004-06-18T23:50:00.000Z,Fire,Socorro,1659
CA,2004-07-18T04:21:00.000Z,Fire,Riverside,281
CA,2004-07-18T12:56:00.000Z,Fire,Los Angeles,139
CA,2004-07-21T02:34:00.000Z,Fire,Los Angeles,139
NV,2004-07-26T19:57:00.000Z,Fire,Clark,1399
WA,2004-07-30T15:01:00.000Z,Fire,Chelan,2852
NV,2004-07-14T13:03:00.000Z,Fire,Carson City,1428
NV,2004-07-14T13:03:00.000Z,Fire,Washoe,1423
CA,2004-07-14T22:33:00.000Z,Fire,El Dorado,522
CA,2004-07-14T01:52:00.000Z,Fire,Riverside,281
OR,2004-08-04T22:25:00.000Z,Fire,Josephine,2152
CA,2004-08-07T04:17:00.000Z,Fire,Calaveras,489
WA,2004-07-30T23:20:00.000Z,Fire,Kittitas,2932
WA,2004-08-11T19:50:00.000Z,Fire,Chelan,2852
CA,2004-08-11T23:05:00.000Z,Fire,Shasta,431
CA,2004-08-11T23:05:00.000Z,Fire,Butte,486
CA,2004-08-08T23:28:00.000Z,Fire,Placer,266
CA,2004-08-14T23:39:00.000Z,Fire,Shasta,431
CA,2004-08-14T23:39:00.000Z,Fire,Shasta,431
OR,2004-08-21T02:05:00.000Z,Fire,Douglas,2115
NV,2004-08-25T19:00:00.000Z,Fire,Washoe,1423
WA,2004-08-12T02:13:00.000Z,Fire,Yakima,2974
CA,2004-09-02T23:13:00.000Z,Fire,Mariposa,178
CA,2004-09-03T22:08:00.000Z,Fire,Calaveras,489
CA,2004-09-04T21:22:00.000Z,Fire,Lake,100
CA,2004-09-04T21:22:00.000Z,Fire,Sonoma,463
CA,2004-09-13T05:41:00.000Z,Fire,Mariposa,178
HI,2004-09-14T01:59:00.000Z,Fire,Hawaii,198
SD,2005-04-19T15:47:00.000Z,Fire,Lawrence,2406
AZ,2005-05-26T21:48:00.000Z,Fire,Pinal,26
AZ,2005-06-08T21:46:00.000Z,Fire,Maricopa,9
AZ,2005-06-12T01:00:00.000Z,Fire,Mohave,15
AZ,2005-06-22T17:43:00.000Z,Fire,Maricopa,9
AZ,2005-06-22T17:43:00.000Z,Fire,Yavapai,35
NV,2005-06-24T23:03:00.000Z,Fire,Clark,1399
AZ,2005-06-23T23:03:00.000Z,Fire,Yavapai,35
UT,2005-06-27T23:08:00.000Z,Fire,Washington,2577
SD,2005-07-10T12:21:00.000Z,Fire,Meade,2442
CO,2005-07-10T16:06:00.000Z,Fire,Custer,610
CO,2005-07-10T16:06:00.000Z,Fire,Pueblo,795
NV,2005-07-16T16:53:00.000Z,Fire,Elko,1401
NV,2005-07-16T19:50:00.000Z,Fire,Elko,1401
SD,2005-07-16T23:25:00.000Z,Fire,Pennington,2497
AZ,2005-07-22T13:47:00.000Z,Fire,Gila,787
AZ,2005-07-22T13:47:00.000Z,Fire,Maricopa,9
CA,2005-07-25T22:51:00.000Z,Fire,Madera,153
WA,2005-08-01T19:24:00.000Z,Fire,Chelan,2852
HI,2005-08-02T02:58:00.000Z,Fire,Hawaii,198
HI,2005-08-04T04:03:00.000Z,Fire,Hawaii,198
NV,2005-07-16T19:50:00.000Z,Fire,Eureka,1406
WA,2005-08-07T03:45:00.000Z,Fire,Columbia,2869
WA,2005-08-07T03:45:00.000Z,Fire,Garfield,2886
HI,2005-08-15T22:01:00.000Z,Fire,Honolulu,234
HI,2005-08-19T00:50:00.000Z,Fire,Honolulu,234
NV,2005-08-22T21:53:00.000Z,Fire,Elko,1401
OR,2005-08-25T23:46:00.000Z,Fire,Josephine,2152
CA,2005-08-26T22:37:00.000Z,Fire,Tehama,492
NV,2005-08-29T16:56:00.000Z,Fire,Elko,1401
CA,2005-09-05T22:30:00.000Z,Fire,San Diego,315
CA,2005-09-28T22:07:00.000Z,Fire,Los Angeles,139
CA,2005-09-28T22:07:00.000Z,Fire,Ventura,521
CA,2005-08-26T22:37:00.000Z,Fire,Shasta,431
CA,2005-10-06T01:33:00.000Z,Fire,Riverside,281
CA,2005-10-06T17:51:00.000Z,Fire,San Diego,315
CA,2005-11-18T17:05:00.000Z,Fire,Ventura,521
OK,2005-11-29T18:53:00.000Z,Fire,Mayes,2270
OK,2005-11-30T16:26:00.000Z,Fire,Carter,2126
OK,2005-11-30T18:02:00.000Z,Fire,Garvin,2176
OK,2005-12-02T11:15:00.000Z,Fire,McIntosh,2258
TX,2005-12-28T13:13:00.000Z,Fire,Callahan,2331
OK,2005-12-28T16:00:00.000Z,Fire,Seminole,2384
TX,2005-12-28T16:00:00.000Z,Fire,Tarrant,2500
OK,2005-12-28T18:38:00.000Z,Fire,Bryan,2112
OK,2005-12-29T19:12:00.000Z,Fire,Oklahoma,2303
TX,2006-01-01T16:44:00.000Z,Fire,Eastland,2562
OK,2006-01-01T17:02:00.000Z,Fire,Creek,2151
TX,2006-01-01T19:52:00.000Z,Fire,Montague,2669
OK,2006-01-01T23:07:00.000Z,Fire,Muskogee,2281
NM,2006-01-02T10:23:00.000Z,Fire,Eddy,1592
NM,2006-01-02T10:23:00.000Z,Fire,Lea,1604
OK,2006-01-02T13:00:00.000Z,Fire,Creek,2151
OK,2006-01-02T18:05:00.000Z,Fire,Kingfisher,2219
OK,2006-01-02T18:05:00.000Z,Fire,Logan,2236
OK,2006-01-02T18:05:00.000Z,Fire,Creek,2151
OK,2006-01-02T18:05:00.000Z,Fire,Lincoln,2234
OK,2006-01-02T18:05:00.000Z,Fire,Okfuskee,2297
OK,2006-01-02T18:05:00.000Z,Fire,Oklahoma,2303
OK,2006-01-02T13:00:00.000Z,Fire,Pottawatomie,2356
OK,2006-01-03T17:37:00.000Z,Fire,McIntosh,2258
TX,2006-01-05T17:49:00.000Z,Fire,Bexar,2203
TX,2006-01-05T19:45:00.000Z,Fire,Bell,2198
TX,2006-01-05T20:15:00.000Z,Fire,Nacogdoches,2701
TX,2006-01-07T15:34:00.000Z,Fire,Bastrop,2190
CO,2006-01-08T05:15:00.000Z,Fire,Huerfano,693
TX,2006-01-08T16:31:00.000Z,Fire,Wood,2644
OK,2006-01-08T21:40:00.000Z,Fire,McIntosh,2258
OK,2006-01-09T22:07:00.000Z,Fire,McIntosh,2258
OK,2006-01-09T22:07:00.000Z,Fire,Okmulgee,2311
TX,2006-01-11T17:25:00.000Z,Fire,Hays,2166
OK,2006-01-13T11:38:00.000Z,Fire,Carter,2126
CO,2006-01-08T05:15:00.000Z,Fire,Las Animas,741
TX,2006-01-15T13:19:00.000Z,Fire,Stephens,2480
TX,2006-01-19T15:30:00.000Z,Fire,Johnson,2299
TX,2006-01-19T16:06:00.000Z,Fire,Bastrop,2190
OK,2006-01-19T20:43:00.000Z,Fire,Noble,2287
OK,2006-01-19T20:43:00.000Z,Fire,Payne,2340
TX,2006-01-13T16:34:00.000Z,Fire,Caldwell,2320
OK,2006-01-19T20:43:00.000Z,Fire,Creek,2151
OK,2006-01-19T20:43:00.000Z,Fire,Jefferson,2206
OK,2006-01-19T20:43:00.000Z,Fire,Garvin,2176
OK,2006-01-19T20:43:00.000Z,Fire,Osage,2318
OK,2006-01-19T20:43:00.000Z,Fire,Tulsa,2008
OK,2006-01-19T20:43:00.000Z,Fire,Caddo,2118
TX,2006-02-05T18:20:00.000Z,Fire,Ellis,2579
CA,2006-02-06T17:24:00.000Z,Fire,Orange,257
CA,2006-02-06T17:24:00.000Z,Fire,Riverside,281
NM,2006-03-01T19:11:00.000Z,Fire,Colfax,1582
KS,2006-03-30T21:30:00.000Z,Fire,Reno,882
OK,2006-04-06T23:44:00.000Z,Fire,Kay,2215
OK,2006-04-06T23:45:00.000Z,Fire,Caddo,2118
OK,2006-04-06T23:46:00.000Z,Fire,McClain,2245
NM,2006-04-12T22:09:00.000Z,Fire,Mora,1629
VA,2006-04-15T21:22:00.000Z,Fire,Patrick,2987
FL,2006-05-15T08:55:00.000Z,Fire,Volusia,983
TX,2006-05-26T18:33:00.000Z,Fire,Fort Bend,2009
AZ,2006-06-02T00:45:00.000Z,Fire,Yavapai,35
AZ,2006-06-13T15:00:00.000Z,Fire,Navajo,17
AZ,2006-06-14T21:54:00.000Z,Fire,Coconino,771
NM,2006-06-16T16:00:00.000Z,Fire,Bernalillo,1574
AZ,2006-06-18T23:12:00.000Z,Fire,Coconino,771
CO,2006-06-19T02:40:00.000Z,Fire,Costilla,599
NM,2006-06-21T13:16:00.000Z,Fire,Colfax,1582
NM,2006-06-21T13:16:00.000Z,Fire,Mora,1629
NV,2006-06-26T23:00:00.000Z,Fire,Elko,1401
NV,2006-06-27T00:23:00.000Z,Fire,Washoe,1423
NV,2006-06-27T00:27:00.000Z,Fire,Lyon,1412
NV,2006-06-27T00:27:00.000Z,Fire,Carson City,1428
NV,2006-06-27T00:27:00.000Z,Fire,Storey,1420
TX,2006-06-27T17:35:00.000Z,Fire,Denton,2532
MT,2006-07-11T15:50:00.000Z,Fire,Stillwater,1286
WY,2006-07-14T02:00:00.000Z,Fire,Crook,3025
NE,2006-07-17T00:05:00.000Z,Fire,Cherry,1333
CA,2006-07-24T20:26:00.000Z,Fire,San Diego,315
SD,2006-07-27T20:32:00.000Z,Fire,Meade,2442
OR,2006-07-27T22:29:00.000Z,Fire,Deschutes,2109
OR,2006-07-25T02:39:00.000Z,Fire,Baker,2044
NE,2006-07-28T20:00:00.000Z,Fire,Dawes,1347
CA,2006-07-12T01:27:00.000Z,Fire,San Bernardino,302
NE,2006-07-29T20:42:00.000Z,Fire,Sioux,1380
CA,2006-07-30T02:45:00.000Z,Fire,Trinity,500
WA,2006-08-08T23:50:00.000Z,Fire,Stevens,2963
NV,2006-08-12T00:37:00.000Z,Fire,Washoe,1423
WY,2006-08-14T23:34:00.000Z,Fire,Natrona,3038
TX,2006-08-16T21:25:00.000Z,Fire,Comal,2449
TX,2006-08-19T18:08:00.000Z,Fire,Palo Pinto,2220
TX,2006-08-19T18:08:00.000Z,Fire,Stephens,2480
WA,2006-08-22T11:50:00.000Z,Fire,Columbia,2869
WA,2006-08-22T11:50:00.000Z,Fire,Walla Walla,2970
MT,2006-08-22T22:03:00.000Z,Fire,Yellowstone,1302
MT,2006-08-30T20:30:00.000Z,Fire,Stillwater,1286
MT,2006-08-30T20:30:00.000Z,Fire,Sweet Grass,1288
CO,2006-09-01T05:05:00.000Z,Fire,Garfield,667
HI,2006-09-02T04:40:00.000Z,Fire,Maui,323
WA,2006-09-11T00:15:00.000Z,Fire,Chelan,2852
TX,2006-09-14T23:30:00.000Z,Fire,Travis,2543
NV,2006-08-24T00:21:00.000Z,Fire,Elko,1401
CA,2006-09-17T00:40:00.000Z,Fire,Riverside,281
CA,2006-09-26T20:39:00.000Z,Fire,Ventura,521
CA,2006-10-26T13:28:00.000Z,Fire,Riverside,281
NV,2006-11-11T14:48:00.000Z,Fire,Washoe,1423
TX,2006-11-15T17:07:00.000Z,Fire,Hays,2166
CA,2006-12-03T16:23:00.000Z,Fire,Ventura,521
NM,2007-02-24T00:14:00.000Z,Fire,Valencia,1670
CA,2007-03-11T18:14:00.000Z,Fire,Orange,257
FL,2007-03-26T21:02:00.000Z,Fire,Polk,972
GA,2007-04-17T20:20:00.000Z,Fire,Charlton,635
GA,2007-04-17T20:20:00.000Z,Fire,Ware,132
GA,2007-04-26T22:47:00.000Z,Fire,Brantley,999
FL,2007-05-02T22:13:00.000Z,Fire,Flagler,935
FL,2007-05-02T22:13:00.000Z,Fire,Lake,953
FL,2007-05-02T22:13:00.000Z,Fire,Seminole,978
FL,2007-05-02T22:13:00.000Z,Fire,Volusia,983
GA,2007-05-05T00:45:00.000Z,Fire,Atkinson,988
FL,2007-05-07T21:29:00.000Z,Fire,Alachua,639
FL,2007-05-07T21:29:00.000Z,Fire,Baker,641
FL,2007-05-07T21:29:00.000Z,Fire,Bradford,665
FL,2007-05-07T21:29:00.000Z,Fire,Clay,852
FL,2007-05-07T21:29:00.000Z,Fire,Columbia,903
FL,2007-05-07T21:29:00.000Z,Fire,Hamilton,942
FL,2007-05-07T21:29:00.000Z,Fire,Suwannee,980
FL,2007-05-07T21:29:00.000Z,Fire,Union,982
FL,2007-05-08T23:25:00.000Z,Fire,Walton,985
CA,2007-05-09T03:12:00.000Z,Fire,Los Angeles,139
FL,2007-05-09T21:45:00.000Z,Fire,Collier,894
FL,2007-05-09T21:45:00.000Z,Fire,Hendry,944
FL,2007-05-09T21:45:00.000Z,Fire,Lee,954
CA,2007-05-10T22:35:00.000Z,Fire,Los Angeles,139
NJ,2007-05-16T00:33:00.000Z,Fire,Burlington,1470
NJ,2007-05-16T00:33:00.000Z,Fire,Ocean,1546
FL,2007-06-27T16:15:00.000Z,Fire,Glades,940
FL,2007-06-27T16:15:00.000Z,Fire,Highlands,946
FL,2007-06-27T16:15:00.000Z,Fire,Indian River,949
FL,2007-06-27T16:15:00.000Z,Fire,Martin,961
GA,2007-05-09T21:46:00.000Z,Fire,Charlton,635
FL,2007-06-27T16:15:00.000Z,Fire,Okeechobee,966
FL,2007-06-27T16:15:00.000Z,Fire,St. Lucie,975
GA,2007-05-31T21:00:00.000Z,Fire,Bryan,573
CO,2007-06-19T14:15:00.000Z,Fire,Garfield,667
AK,2007-06-22T23:45:00.000Z,Fire,Kenai Peninsula,494
HI,2007-06-28T07:20:00.000Z,Fire,Maui,323
CA,2007-06-29T22:36:00.000Z,Fire,Shasta,431
UT,2007-06-30T19:55:00.000Z,Fire,Duchesne,2672
UT,2007-06-30T19:55:00.000Z,Fire,Uintah,2539
NV,2007-07-06T23:50:00.000Z,Fire,Washoe,1423
CA,2007-06-24T22:24:00.000Z,Fire,El Dorado,522
NV,2007-07-06T23:50:00.000Z,Fire,Douglas,1400
CA,2007-07-07T10:57:00.000Z,Fire,Inyo,562
UT,2007-07-07T20:41:00.000Z,Fire,Millard,2680
CA,2007-07-08T02:25:00.000Z,Fire,Los Angeles,139
NV,2007-07-08T02:32:00.000Z,Fire,Washoe,1423
SD,2007-07-08T05:34:00.000Z,Fire,Fall River,2919
WA,2007-07-08T08:56:00.000Z,Fire,Chelan,2852
OR,2007-07-12T19:00:00.000Z,Fire,Harney,2134
NV,2007-07-16T22:13:00.000Z,Fire,Washoe,1423
WA,2007-07-16T22:26:00.000Z,Fire,Okanogan,2947
UT,2007-07-21T20:06:00.000Z,Fire,Juab,2677
SD,2007-07-21T23:16:00.000Z,Fire,Lawrence,2406
NV,2007-07-23T18:40:00.000Z,Fire,Elko,1401
MT,2007-08-04T23:22:00.000Z,Fire,Missoula,1239
WY,2007-08-12T21:00:00.000Z,Fire,Sheridan,3047
HI,2007-08-14T06:25:00.000Z,Fire,Honolulu,234
MT,2007-08-16T23:10:00.000Z,Fire,Missoula,1239
HI,2007-08-17T00:38:00.000Z,Fire,Hawaii,198
MT,2007-08-19T23:11:00.000Z,Fire,Yellowstone,1302
ID,2007-08-28T17:20:00.000Z,Fire,Blaine,371
ID,2007-08-30T21:38:00.000Z,Fire,Idaho,528
ID,2007-08-30T21:38:00.000Z,Fire,Valley,643
ID,2007-08-30T21:40:00.000Z,Fire,Valley,643
OR,2007-09-03T22:02:00.000Z,Fire,Deschutes,2109
CA,2007-09-15T16:29:00.000Z,Fire,San Bernardino,302
CA,2007-09-15T22:24:00.000Z,Fire,San Diego,315
MT,2007-09-16T21:08:00.000Z,Fire,Lewis and Clark,1211
WA,2007-09-21T02:06:00.000Z,Fire,Skamania,2959
CA,2007-10-21T14:41:00.000Z,Fire,Los Angeles,139
CA,2007-10-21T23:22:00.000Z,Fire,Los Angeles,139
CA,2007-10-21T23:23:00.000Z,Fire,San Diego,315
CA,2007-10-22T16:20:00.000Z,Fire,Ventura,521
CA,2007-10-22T16:22:00.000Z,Fire,Orange,257
CA,2007-10-22T19:57:00.000Z,Fire,San Bernardino,302
CA,2007-10-22T22:25:00.000Z,Fire,San Diego,315
HI,2007-10-28T23:22:00.000Z,Fire,Hawaii,198
NM,2007-11-21T18:55:00.000Z,Fire,Torrance,1664
CA,2007-10-22T16:20:00.000Z,Fire,Los Angeles,139
CA,2007-10-21T23:25:00.000Z,Fire,San Diego,315
TX,2008-02-08T18:25:00.000Z,Fire,Andrews,2117
TX,2008-02-13T20:32:00.000Z,Fire,Potter,2247
TX,2008-02-23T18:50:00.000Z,Fire,Scurry,2443
TX,2008-02-25T19:57:00.000Z,Fire,Ector,2568
OK,2008-02-25T22:40:00.000Z,Fire,Woodward,2035
TX,2008-02-28T18:49:00.000Z,Fire,Archer,2168
TX,2008-03-04T09:00:00.000Z,Fire,Zapata,2650
TX,2008-03-12T19:14:00.000Z,Fire,Jeff Davis,2275
TX,2008-03-14T19:28:00.000Z,Fire,Hays,2166
TX,2008-03-14T21:25:00.000Z,Fire,King,2342
TX,2008-02-25T22:42:00.000Z,Fire,Coke,2418
TX,2008-03-15T12:54:00.000Z,Fire,Dimmit,2548
TX,2008-03-15T12:54:00.000Z,Fire,La Salle,2388
TX,2008-03-19T01:10:00.000Z,Fire,Brooks,2279
TX,2008-03-19T20:30:00.000Z,Fire,Brooks,2279
OK,2008-03-21T12:10:00.000Z,Fire,Woodward,2035
TX,2008-03-31T20:27:00.000Z,Fire,Howard,2231
TX,2008-04-10T21:06:00.000Z,Fire,Andrews,2117
CO,2008-04-15T23:13:00.000Z,Fire,Crowley,605
TX,2008-04-16T21:26:00.000Z,Fire,Jim Hogg,2288
TX,2008-03-27T22:35:00.000Z,Fire,Howard,2231
NM,2008-04-21T17:55:00.000Z,Fire,Torrance,1664
CA,2008-04-27T15:01:00.000Z,Fire,Los Angeles,139
TX,2008-05-01T20:59:00.000Z,Fire,Martin,2564
TX,2008-05-01T20:59:00.000Z,Fire,Midland,2657
FL,2008-05-12T21:56:00.000Z,Fire,Brevard,686
CA,2008-05-22T22:15:00.000Z,Fire,Santa Clara,406
CA,2008-05-22T22:15:00.000Z,Fire,Santa Cruz,415
TX,2008-06-04T20:42:00.000Z,Fire,Jeff Davis,2275
TX,2008-06-04T20:42:00.000Z,Fire,Presidio,2261
TX,2008-06-03T19:08:00.000Z,Fire,Bell,2198
OK,2008-06-05T19:36:00.000Z,Fire,Kiowa,2222
CA,2008-06-10T19:49:00.000Z,Fire,Butte,486
CA,2008-06-11T21:21:00.000Z,Fire,Butte,486
CA,2008-06-11T21:58:00.000Z,Fire,Santa Cruz,415
NC,2008-06-13T20:20:00.000Z,Fire,Hyde,1521
NC,2008-06-13T20:20:00.000Z,Fire,Tyrrell,1794
NC,2008-06-13T20:20:00.000Z,Fire,Washington,1811
TX,2008-06-16T18:52:00.000Z,Fire,Brown,2296
CA,2008-06-20T23:32:00.000Z,Fire,Santa Cruz,415
CA,2008-06-22T10:46:00.000Z,Fire,Napa,236
CA,2008-06-22T10:46:00.000Z,Fire,Solano,453
NM,2008-06-25T18:41:00.000Z,Fire,Torrance,1664
CO,2008-06-27T02:41:00.000Z,Fire,Park,782
CO,2008-06-27T02:41:00.000Z,Fire,Teller,375
AZ,2008-06-29T19:15:00.000Z,Fire,Yavapai,35
CA,2008-07-04T15:55:00.000Z,Fire,Santa Barbara,391
CA,2008-07-04T23:03:00.000Z,Fire,Monterey,228
WA,2008-07-11T03:40:00.000Z,Fire,Spokane,2961
WA,2008-07-11T17:35:00.000Z,Fire,Douglas,2877
TX,2008-08-07T20:54:00.000Z,Fire,Williamson,2640
CA,2008-09-02T00:17:00.000Z,Fire,Placer,266
OR,2008-09-17T03:54:00.000Z,Fire,Klamath,2155
CA,2008-10-12T14:20:00.000Z,Fire,Los Angeles,139
CA,2008-10-13T19:31:00.000Z,Fire,Los Angeles,139
CA,2008-07-08T15:35:00.000Z,Fire,Butte,486
CA,2008-11-14T01:09:00.000Z,Fire,Santa Barbara,391
CA,2008-11-15T07:54:00.000Z,Fire,Los Angeles,139
CA,2008-11-15T22:47:00.000Z,Fire,Los Angeles,139
CA,2008-11-15T22:47:00.000Z,Fire,Orange,257
CA,2008-11-15T22:47:00.000Z,Fire,Riverside,281
CA,2008-11-15T22:47:00.000Z,Fire,San Bernardino,302
CO,2009-01-07T22:10:00.000Z,Fire,Boulder,570
TX,2009-02-25T01:19:00.000Z,Fire,Callahan,2331
TX,2009-02-27T02:33:00.000Z,Fire,Taylor,2508
TX,2009-02-28T19:41:00.000Z,Fire,Bastrop,2190
TX,2009-03-05T20:04:00.000Z,Fire,Taylor,2508
TX,2009-03-20T21:38:00.000Z,Fire,Midland,2657
TX,2009-04-03T01:55:00.000Z,Fire,Live Oak,2416
TX,2009-04-04T20:00:00.000Z,Fire,Wheeler,2623
TX,2009-04-07T23:12:00.000Z,Fire,Callahan,2331
TX,2009-04-10T01:09:00.000Z,Fire,Wichita,2632
TX,2009-04-05T23:11:00.000Z,Fire,Aransas,2162
TX,2009-04-10T01:13:00.000Z,Fire,Bastrop,2190
OK,2009-04-10T03:05:00.000Z,Fire,Oklahoma,2303
OK,2009-04-10T03:09:00.000Z,Fire,McClain,2245
TX,2009-04-10T16:46:00.000Z,Fire,Stephens,2480
OK,2009-04-10T16:47:00.000Z,Fire,Carter,2126
OK,2009-04-10T16:48:00.000Z,Fire,Stephens,2396
OK,2009-04-10T16:50:00.000Z,Fire,Payne,2340
TX,2009-04-10T18:20:00.000Z,Fire,Palo Pinto,2220
TX,2009-04-10T18:23:00.000Z,Fire,Hamilton,2128
SC,2009-04-23T20:21:00.000Z,Fire,Horry,2774
CA,2009-05-06T21:13:00.000Z,Fire,Santa Barbara,391
NM,2009-05-07T00:32:00.000Z,Fire,Otero,1633
FL,2009-05-12T02:00:00.000Z,Fire,Martin,961
AK,2009-05-14T23:07:00.000Z,Fire,Kenai Peninsula,494
AZ,2009-05-18T21:38:00.000Z,Fire,Cochise,763
NV,2009-07-17T01:55:00.000Z,Fire,Washoe,1423
WA,2009-07-29T13:20:00.000Z,Fire,Chelan,2852
CA,2009-08-13T05:42:00.000Z,Fire,Santa Cruz,415
CA,2009-08-15T03:11:00.000Z,Fire,Nevada,243
CA,2009-08-15T03:11:00.000Z,Fire,Yuba,541
WA,2009-08-22T10:56:00.000Z,Fire,Okanogan,2947
WA,2009-08-22T11:01:00.000Z,Fire,Benton,2847
WA,2009-08-22T11:01:00.000Z,Fire,Yakima,2974
OR,2009-08-28T18:07:00.000Z,Fire,Hood River,2138
OR,2009-08-28T18:07:00.000Z,Fire,Wasco,2267
CA,2009-08-28T21:12:00.000Z,Fire,Los Angeles,139
UT,2009-08-30T02:32:00.000Z,Fire,Washington,2577
CA,2009-08-31T00:07:00.000Z,Fire,Placer,266
CA,2009-08-31T01:56:00.000Z,Fire,San Bernardino,302
HI,2009-08-31T06:34:00.000Z,Fire,Maui,323
CA,2009-08-28T05:29:00.000Z,Fire,Los Angeles,139
AZ,2009-08-31T22:26:00.000Z,Fire,Gila,787
CA,2009-09-01T01:12:00.000Z,Fire,San Bernardino,302
MT,2009-09-04T01:59:00.000Z,Fire,Stillwater,1286
OR,2009-09-22T01:10:00.000Z,Fire,Jackson,2139
CA,2009-09-22T20:57:00.000Z,Fire,Ventura,521
AZ,2009-10-03T08:10:00.000Z,Fire,Coconino,771
CA,2009-10-04T14:04:00.000Z,Fire,San Bernardino,302
NM,2000-05-10T19:00:00.000Z,Fire,Catron,1576
NM,2000-05-10T19:00:00.000Z,Fire,Chaves,1578
NM,2000-05-10T19:00:00.000Z,Fire,Cibola,1580
NM,2000-05-10T19:00:00.000Z,Fire,Colfax,1582
NM,2000-05-10T19:00:00.000Z,Fire,Curry,1586
NM,2000-05-10T19:00:00.000Z,Fire,Bernalillo,1574
NM,2000-05-10T19:00:00.000Z,Fire,De Baca,1589
NM,2000-05-10T19:00:00.000Z,Fire,Do√±a Ana,1590
NM,2000-05-10T19:00:00.000Z,Fire,Eddy,1592
NM,2000-05-10T19:00:00.000Z,Fire,Grant,1594
NM,2000-05-10T19:00:00.000Z,Fire,Guadalupe,1595
NM,2000-05-10T19:00:00.000Z,Fire,Hidalgo,1600
NM,2000-05-10T19:00:00.000Z,Fire,Lea,1604
NM,2000-05-10T19:00:00.000Z,Fire,Lincoln,1613
NM,2000-05-10T19:00:00.000Z,Fire,Los Alamos,1618
NM,2000-05-10T19:00:00.000Z,Fire,Harding,1597
NM,2000-05-10T19:00:00.000Z,Fire,Luna,1622
NM,2000-05-10T19:00:00.000Z,Fire,McKinley,1626
NM,2000-05-10T19:00:00.000Z,Fire,Mora,1629
NM,2000-05-10T19:00:00.000Z,Fire,Otero,1633
NM,2000-05-10T19:00:00.000Z,Fire,Quay,1637
NM,2000-05-10T19:00:00.000Z,Fire,Rio Arriba,1639
NM,2000-05-10T19:00:00.000Z,Fire,Sandoval,1646
NM,2000-05-10T19:00:00.000Z,Fire,San Juan,1650
NM,2000-05-10T19:00:00.000Z,Fire,San Miguel,1652
NM,2000-05-10T19:00:00.000Z,Fire,Santa Fe,1654
NM,2000-05-10T19:00:00.000Z,Fire,Roosevelt,1642
NM,2000-05-10T19:00:00.000Z,Fire,Sierra,1657
NM,2000-05-10T19:00:00.000Z,Fire,Socorro,1659
NM,2000-05-10T19:00:00.000Z,Fire,Taos,1662
NM,2000-05-10T19:00:00.000Z,Fire,Torrance,1664
NM,2000-05-10T19:00:00.000Z,Fire,Union,1667
NM,2000-05-10T19:00:00.000Z,Fire,Valencia,1670
VA,2001-09-12T23:30:00.000Z,Fire,Arlington,2753
NJ,2001-09-19T20:30:00.000Z,Fire,Atlantic,1461
NJ,2001-09-19T20:30:00.000Z,Fire,Bergen,1465
NJ,2001-09-19T20:30:00.000Z,Fire,Burlington,1470
NJ,2001-09-19T20:30:00.000Z,Fire,Camden,1472
NJ,2001-09-19T20:30:00.000Z,Fire,Cape May,1477
NJ,2001-09-19T20:30:00.000Z,Fire,Cumberland,1482
NJ,2001-09-19T20:30:00.000Z,Fire,Essex,1483
NJ,2001-09-19T20:30:00.000Z,Fire,Gloucester,1484
NJ,2001-09-19T20:30:00.000Z,Fire,Hudson,1487
NJ,2001-09-19T20:30:00.000Z,Fire,Hunterdon,1488
NJ,2001-09-19T20:30:00.000Z,Fire,Mercer,1493
NJ,2001-09-19T20:30:00.000Z,Fire,Middlesex,1497
NJ,2001-09-19T20:30:00.000Z,Fire,Monmouth,1504
NJ,2001-09-19T20:30:00.000Z,Fire,Morris,1511
NJ,2001-09-19T20:30:00.000Z,Fire,Ocean,1546
NJ,2001-09-19T20:30:00.000Z,Fire,Passaic,1551
NJ,2001-09-19T20:30:00.000Z,Fire,Salem,1553
NJ,2001-09-19T20:30:00.000Z,Fire,Somerset,1558
NJ,2001-09-19T20:30:00.000Z,Fire,Sussex,1561
NJ,2001-09-19T20:30:00.000Z,Fire,Union,1566
NJ,2001-09-19T20:30:00.000Z,Fire,Warren,1570
CA,2007-10-23T03:00:00.000Z,Fire,Orange,257
CA,2007-10-23T03:00:00.000Z,Fire,Riverside,281
CA,2007-10-23T03:00:00.000Z,Fire,San Bernardino,302
CA,2007-10-23T03:00:00.000Z,Fire,San Diego,315
CA,2007-10-23T03:00:00.000Z,Fire,Santa Barbara,391
CA,2007-10-23T03:00:00.000Z,Fire,Ventura,521
CA,2007-10-23T03:00:00.000Z,Fire,Los Angeles,139
TX,2008-03-14T00:00:00.000Z,Fire,Anderson,2113
TX,2008-03-14T00:00:00.000Z,Fire,Andrews,2117
TX,2008-03-14T00:00:00.000Z,Fire,Aransas,2162
TX,2008-03-14T00:00:00.000Z,Fire,Archer,2168
TX,2008-03-14T00:00:00.000Z,Fire,Armstrong,2172
TX,2008-03-14T00:00:00.000Z,Fire,Atascosa,2173
TX,2008-03-14T00:00:00.000Z,Fire,Austin,2177
TX,2008-03-14T00:00:00.000Z,Fire,Bailey,2179
TX,2008-03-14T00:00:00.000Z,Fire,Bandera,2183
TX,2008-03-14T00:00:00.000Z,Fire,Bastrop,2190
TX,2008-03-14T00:00:00.000Z,Fire,Baylor,2192
TX,2008-03-14T00:00:00.000Z,Fire,Bee,2196
TX,2008-03-14T00:00:00.000Z,Fire,Bell,2198
TX,2008-03-14T00:00:00.000Z,Fire,Bexar,2203
TX,2008-03-14T00:00:00.000Z,Fire,Blanco,2207
TX,2008-03-14T00:00:00.000Z,Fire,Bosque,2216
TX,2008-03-14T00:00:00.000Z,Fire,Bowie,2224
TX,2008-03-14T00:00:00.000Z,Fire,Brazos,2253
TX,2008-03-14T00:00:00.000Z,Fire,Brewster,2262
TX,2008-03-14T00:00:00.000Z,Fire,Briscoe,2269
TX,2008-03-14T00:00:00.000Z,Fire,Borden,2212
TX,2008-03-14T00:00:00.000Z,Fire,Brooks,2279
TX,2008-03-14T00:00:00.000Z,Fire,Brown,2296
TX,2008-03-14T00:00:00.000Z,Fire,Burleson,2304
TX,2008-03-14T00:00:00.000Z,Fire,Burnet,2312
TX,2008-03-14T00:00:00.000Z,Fire,Caldwell,2320
TX,2008-03-14T00:00:00.000Z,Fire,Calhoun,2327
TX,2008-03-14T00:00:00.000Z,Fire,Callahan,2331
TX,2008-03-14T00:00:00.000Z,Fire,Cameron,2359
TX,2008-03-14T00:00:00.000Z,Fire,Carson,2377
TX,2008-03-14T00:00:00.000Z,Fire,Castro,2386
TX,2008-03-14T00:00:00.000Z,Fire,Cherokee,2400
TX,2008-03-14T00:00:00.000Z,Fire,Childress,2405
TX,2008-03-14T00:00:00.000Z,Fire,Clay,2409
TX,2008-03-14T00:00:00.000Z,Fire,Cochran,2413
TX,2008-03-14T00:00:00.000Z,Fire,Coke,2418
TX,2008-03-14T00:00:00.000Z,Fire,Collin,2429
TX,2008-03-14T00:00:00.000Z,Fire,Collingsworth,2434
TX,2008-03-14T00:00:00.000Z,Fire,Comal,2449
TX,2008-03-14T00:00:00.000Z,Fire,Comanche,2455
TX,2008-03-14T00:00:00.000Z,Fire,Coleman,2423
TX,2008-03-14T00:00:00.000Z,Fire,Concho,2458
TX,2008-03-14T00:00:00.000Z,Fire,Cooke,2463
TX,2008-03-14T00:00:00.000Z,Fire,Coryell,2469
TX,2008-03-14T00:00:00.000Z,Fire,Cottle,2473
TX,2008-03-14T00:00:00.000Z,Fire,Crane,2478
TX,2008-03-14T00:00:00.000Z,Fire,Crockett,2483
TX,2008-03-14T00:00:00.000Z,Fire,Crosby,2487
TX,2008-03-14T00:00:00.000Z,Fire,Culberson,2491
TX,2008-03-14T00:00:00.000Z,Fire,Dallam,2498
TX,2008-03-14T00:00:00.000Z,Fire,Dallas,2507
TX,2008-03-14T00:00:00.000Z,Fire,Dawson,2512
TX,2008-03-14T00:00:00.000Z,Fire,Deaf Smith,2515
TX,2008-03-14T00:00:00.000Z,Fire,Delta,2524
TX,2008-03-14T00:00:00.000Z,Fire,Denton,2532
TX,2008-03-14T00:00:00.000Z,Fire,Dickens,2542
TX,2008-03-14T00:00:00.000Z,Fire,Dimmit,2548
TX,2008-03-14T00:00:00.000Z,Fire,Donley,2551
TX,2008-03-14T00:00:00.000Z,Fire,Duval,2556
TX,2008-03-14T00:00:00.000Z,Fire,Eastland,2562
TX,2008-03-14T00:00:00.000Z,Fire,Ector,2568
TX,2008-03-14T00:00:00.000Z,Fire,Edwards,2574
TX,2008-03-14T00:00:00.000Z,Fire,Ellis,2579
TX,2008-03-14T00:00:00.000Z,Fire,El Paso,2588
TX,2008-03-14T00:00:00.000Z,Fire,Erath,2597
TX,2008-03-14T00:00:00.000Z,Fire,Falls,2601
TX,2008-03-14T00:00:00.000Z,Fire,Fannin,2621
TX,2008-03-14T00:00:00.000Z,Fire,Fayette,2624
TX,2008-03-14T00:00:00.000Z,Fire,Fisher,2628
TX,2008-03-14T00:00:00.000Z,Fire,Floyd,2630
TX,2008-03-14T00:00:00.000Z,Fire,Foard,2002
TX,2008-03-14T00:00:00.000Z,Fire,Frio,2028
TX,2008-03-14T00:00:00.000Z,Fire,Galveston,2059
TX,2008-03-14T00:00:00.000Z,Fire,Gaines,2032
TX,2008-03-14T00:00:00.000Z,Fire,Freestone,2022
TX,2008-03-14T00:00:00.000Z,Fire,Franklin,2016
TX,2008-03-14T00:00:00.000Z,Fire,Garza,2060
TX,2008-03-14T00:00:00.000Z,Fire,Gillespie,2066
TX,2008-03-14T00:00:00.000Z,Fire,Glasscock,2072
TX,2008-03-14T00:00:00.000Z,Fire,Gonzales,2086
TX,2008-03-14T00:00:00.000Z,Fire,Gray,2088
TX,2008-03-14T00:00:00.000Z,Fire,Grayson,2094
TX,2008-03-14T00:00:00.000Z,Fire,Grimes,2108
TX,2008-03-14T00:00:00.000Z,Fire,Guadalupe,2116
TX,2008-03-14T00:00:00.000Z,Fire,Hale,2120
TX,2008-03-14T00:00:00.000Z,Fire,Hall,2125
TX,2008-03-14T00:00:00.000Z,Fire,Hamilton,2128
TX,2008-03-14T00:00:00.000Z,Fire,Hansford,2132
TX,2008-03-14T00:00:00.000Z,Fire,Hardeman,2137
TX,2008-03-14T00:00:00.000Z,Fire,Hardin,2142
TX,2008-03-14T00:00:00.000Z,Fire,Harrison,2157
TX,2008-03-14T00:00:00.000Z,Fire,Hartley,2160
TX,2008-03-14T00:00:00.000Z,Fire,Haskell,2163
TX,2008-03-14T00:00:00.000Z,Fire,Hays,2166
TX,2008-03-14T00:00:00.000Z,Fire,Hemphill,2171
TX,2008-03-14T00:00:00.000Z,Fire,Henderson,2178
TX,2008-03-14T00:00:00.000Z,Fire,Hidalgo,2188
TX,2008-03-14T00:00:00.000Z,Fire,Hill,2201
TX,2008-03-14T00:00:00.000Z,Fire,Hockley,2208
TX,2008-03-14T00:00:00.000Z,Fire,Hood,2213
TX,2008-03-14T00:00:00.000Z,Fire,Hopkins,2221
TX,2008-03-14T00:00:00.000Z,Fire,Houston,2228
TX,2008-03-14T00:00:00.000Z,Fire,Howard,2231
TX,2008-03-14T00:00:00.000Z,Fire,Hudspeth,2241
TX,2008-03-14T00:00:00.000Z,Fire,Hunt,2246
TX,2008-03-14T00:00:00.000Z,Fire,Hutchinson,2249
TX,2008-03-14T00:00:00.000Z,Fire,Irion,2255
TX,2008-03-14T00:00:00.000Z,Fire,Jack,2256
TX,2008-03-14T00:00:00.000Z,Fire,Jasper,2271
TX,2008-03-14T00:00:00.000Z,Fire,Jeff Davis,2275
TX,2008-03-14T00:00:00.000Z,Fire,Jim Hogg,2288
TX,2008-03-14T00:00:00.000Z,Fire,Jim Wells,2294
TX,2008-03-14T00:00:00.000Z,Fire,Jones,2301
TX,2008-03-14T00:00:00.000Z,Fire,Karnes,2307
TX,2008-03-14T00:00:00.000Z,Fire,Kaufman,2314
TX,2008-03-14T00:00:00.000Z,Fire,Kendall,2319
TX,2008-03-14T00:00:00.000Z,Fire,Johnson,2299
TX,2008-03-14T00:00:00.000Z,Fire,Kenedy,2330
TX,2008-03-14T00:00:00.000Z,Fire,Kent,2335
TX,2008-03-14T00:00:00.000Z,Fire,Kerr,2337
TX,2008-03-14T00:00:00.000Z,Fire,Kimble,2339
TX,2008-03-14T00:00:00.000Z,Fire,King,2342
TX,2008-03-14T00:00:00.000Z,Fire,Kinney,2347
TX,2008-03-14T00:00:00.000Z,Fire,Kleberg,2358
TX,2008-03-14T00:00:00.000Z,Fire,Lamb,2376
TX,2008-03-14T00:00:00.000Z,Fire,Lampasas,2381
TX,2008-03-14T00:00:00.000Z,Fire,La Salle,2388
TX,2008-03-14T00:00:00.000Z,Fire,Lamar,2371
TX,2008-03-14T00:00:00.000Z,Fire,Knox,2364
TX,2008-03-14T00:00:00.000Z,Fire,Leon,2402
TX,2008-03-14T00:00:00.000Z,Fire,Liberty,2404
TX,2008-03-14T00:00:00.000Z,Fire,Limestone,2408
TX,2008-03-14T00:00:00.000Z,Fire,Lee,2398
TX,2008-03-14T00:00:00.000Z,Fire,Lipscomb,2412
TX,2008-03-14T00:00:00.000Z,Fire,Live Oak,2416
TX,2008-03-14T00:00:00.000Z,Fire,Llano,2421
TX,2008-03-14T00:00:00.000Z,Fire,Lubbock,2428
TX,2008-03-14T00:00:00.000Z,Fire,McCulloch,2452
TX,2008-03-14T00:00:00.000Z,Fire,Lynn,2438
TX,2008-03-14T00:00:00.000Z,Fire,Loving,2424
TX,2008-03-14T00:00:00.000Z,Fire,McMullen,2494
TX,2008-03-14T00:00:00.000Z,Fire,Madison,2526
TX,2008-03-14T00:00:00.000Z,Fire,McLennan,2477
TX,2008-03-14T00:00:00.000Z,Fire,Maverick,2649
TX,2008-03-14T00:00:00.000Z,Fire,Medina,2652
TX,2008-03-14T00:00:00.000Z,Fire,Menard,2655
TX,2008-03-14T00:00:00.000Z,Fire,Midland,2657
TX,2008-03-14T00:00:00.000Z,Fire,Martin,2564
TX,2008-03-14T00:00:00.000Z,Fire,Mason,2570
TX,2008-03-14T00:00:00.000Z,Fire,Mills,2663
TX,2008-03-14T00:00:00.000Z,Fire,Montgomery,2682
TX,2008-03-14T00:00:00.000Z,Fire,Milam,2659
TX,2008-03-14T00:00:00.000Z,Fire,Moore,2683
TX,2008-03-14T00:00:00.000Z,Fire,Motley,2692
TX,2008-03-14T00:00:00.000Z,Fire,Navarro,2706
TX,2008-03-14T00:00:00.000Z,Fire,Nueces,2194
TX,2008-03-14T00:00:00.000Z,Fire,Ochiltree,2204
TX,2008-03-14T00:00:00.000Z,Fire,Oldham,2210
TX,2008-03-14T00:00:00.000Z,Fire,Orange,2214
TX,2008-03-14T00:00:00.000Z,Fire,Mitchell,2666
TX,2008-03-14T00:00:00.000Z,Fire,Montague,2669
TX,2008-03-14T00:00:00.000Z,Fire,Nolan,2714
TX,2008-03-14T00:00:00.000Z,Fire,Newton,2711
TX,2008-03-14T00:00:00.000Z,Fire,Panola,2227
TX,2008-03-14T00:00:00.000Z,Fire,Parmer,2235
TX,2008-03-14T00:00:00.000Z,Fire,Pecos,2239
TX,2008-03-14T00:00:00.000Z,Fire,Potter,2247
TX,2008-03-14T00:00:00.000Z,Fire,Palo Pinto,2220
TX,2008-03-14T00:00:00.000Z,Fire,Presidio,2261
TX,2008-03-14T00:00:00.000Z,Fire,Rains,2268
TX,2008-03-14T00:00:00.000Z,Fire,Randall,2274
TX,2008-03-14T00:00:00.000Z,Fire,Parker,2229
TX,2008-03-14T00:00:00.000Z,Fire,Real,2283
TX,2008-03-14T00:00:00.000Z,Fire,Red River,2295
TX,2008-03-14T00:00:00.000Z,Fire,Reagan,2280
TX,2008-03-14T00:00:00.000Z,Fire,Roberts,2348
TX,2008-03-14T00:00:00.000Z,Fire,Runnels,2361
TX,2008-03-14T00:00:00.000Z,Fire,San Patricio,2415
TX,2008-03-14T00:00:00.000Z,Fire,San Saba,2435
TX,2008-03-14T00:00:00.000Z,Fire,Schleicher,2437
TX,2008-03-14T00:00:00.000Z,Fire,Sabine,2370
TX,2008-03-14T00:00:00.000Z,Fire,Shackelford,2445
TX,2008-03-14T00:00:00.000Z,Fire,Rusk,2367
TX,2008-03-14T00:00:00.000Z,Fire,Sherman,2453
TX,2008-03-14T00:00:00.000Z,Fire,Robertson,2353
TX,2008-03-14T00:00:00.000Z,Fire,Smith,2465
TX,2008-03-14T00:00:00.000Z,Fire,Refugio,2334
TX,2008-03-14T00:00:00.000Z,Fire,Reeves,2308
TX,2008-03-14T00:00:00.000Z,Fire,Scurry,2443
TX,2008-03-14T00:00:00.000Z,Fire,Rockwall,2355
TX,2008-03-14T00:00:00.000Z,Fire,Sutton,2490
TX,2008-03-14T00:00:00.000Z,Fire,Swisher,2495
TX,2008-03-14T00:00:00.000Z,Fire,Terrell,2518
TX,2008-03-14T00:00:00.000Z,Fire,Tarrant,2500
TX,2008-03-14T00:00:00.000Z,Fire,Stephens,2480
TX,2008-03-14T00:00:00.000Z,Fire,Starr,2474
TX,2008-03-14T00:00:00.000Z,Fire,Somervell,2470
TX,2008-03-14T00:00:00.000Z,Fire,Throckmorton,2525
TX,2008-03-14T00:00:00.000Z,Fire,Travis,2543
TX,2008-03-14T00:00:00.000Z,Fire,Sterling,2481
TX,2008-03-14T00:00:00.000Z,Fire,Tyler,2560
TX,2008-03-14T00:00:00.000Z,Fire,Upshur,2566
TX,2008-03-14T00:00:00.000Z,Fire,Terry,2522
TX,2008-03-14T00:00:00.000Z,Fire,Upton,2572
TX,2008-03-14T00:00:00.000Z,Fire,Titus,2531
TX,2008-03-14T00:00:00.000Z,Fire,Waller,2606
TX,2008-03-14T00:00:00.000Z,Fire,Val Verde,2582
TX,2008-03-14T00:00:00.000Z,Fire,Van Zandt,2586
TX,2008-03-14T00:00:00.000Z,Fire,Walker,2603
TX,2008-03-14T00:00:00.000Z,Fire,Taylor,2508
TX,2008-03-14T00:00:00.000Z,Fire,Tom Green,2536
TX,2008-03-14T00:00:00.000Z,Fire,Stonewall,2486
TX,2008-03-14T00:00:00.000Z,Fire,Ward,2610
TX,2008-03-14T00:00:00.000Z,Fire,Wheeler,2623
TX,2008-03-14T00:00:00.000Z,Fire,Washington,2613
TX,2008-03-14T00:00:00.000Z,Fire,Wichita,2632
TX,2008-03-14T00:00:00.000Z,Fire,Williamson,2640
TX,2008-03-14T00:00:00.000Z,Fire,Wilson,2641
TX,2008-03-14T00:00:00.000Z,Fire,Yoakum,2645
TX,2008-03-14T00:00:00.000Z,Fire,Zapata,2650
TX,2008-03-14T00:00:00.000Z,Fire,Uvalde,2576
TX,2008-03-14T00:00:00.000Z,Fire,Zavala,2651
TX,2008-03-14T00:00:00.000Z,Fire,Webb,2616
TX,2008-03-14T00:00:00.000Z,Fire,Wilbarger,2634
TX,2008-03-14T00:00:00.000Z,Fire,Wise,2643
TX,2008-03-14T00:00:00.000Z,Fire,Winkler,2642
TX,2008-03-14T00:00:00.000Z,Fire,Willacy,2639
TX,2008-03-14T00:00:00.000Z,Fire,Young,2646
TX,2008-03-14T00:00:00.000Z,Fire,Wood,2644
CA,2008-06-28T11:30:00.000Z,Fire,Mariposa,178
CA,2008-06-28T11:30:00.000Z,Fire,Kern,84
CA,2008-06-28T11:30:00.000Z,Fire,Monterey,228
CA,2008-06-28T11:30:00.000Z,Fire,Butte,486
CA,2008-06-28T11:30:00.000Z,Fire,Mendocino,190
CA,2008-06-28T11:30:00.000Z,Fire,Santa Barbara,391
CA,2008-06-28T11:30:00.000Z,Fire,Plumas,275
CA,2008-06-28T11:30:00.000Z,Fire,Santa Clara,406
CA,2008-06-28T11:30:00.000Z,Fire,Trinity,500
CA,2008-06-28T11:30:00.000Z,Fire,Shasta,431
CA,2008-06-28T11:30:00.000Z,Fire,Santa Cruz,415
PR,2009-10-24T09:00:00.000Z,Fire,Bayamon,3078
PR,2009-10-24T09:00:00.000Z,Fire,Catano,3092
PR,2009-10-24T09:00:00.000Z,Fire,Guaynabo,3123
PR,2009-10-24T09:00:00.000Z,Fire,San Juan,3197
PR,2009-10-24T09:00:00.000Z,Fire,Toa Baja,3211
