HI,2020-07-25T13:20:00.000Z,Hurricane,Hawaii,198
HI,2020-07-25T13:20:00.000Z,Hurricane,Honolulu,234
HI,2020-07-25T13:20:00.000Z,Hurricane,Kauai,261
HI,2020-07-25T13:20:00.000Z,Hurricane,Maui,323
TX,2020-07-26T13:15:00.000Z,Hurricane,Aransas,2162
TX,2020-07-26T13:15:00.000Z,Hurricane,Bee,2196
TX,2020-07-26T13:15:00.000Z,Hurricane,Bexar,2203
TX,2020-07-26T13:15:00.000Z,Hurricane,Brazoria,2240
TX,2020-07-26T13:15:00.000Z,Hurricane,Calhoun,2327
TX,2020-07-26T13:15:00.000Z,Hurricane,Cameron,2359
TX,2020-07-26T13:15:00.000Z,Hurricane,Dimmit,2548
TX,2020-07-26T13:15:00.000Z,Hurricane,Brooks,2279
TX,2020-07-26T13:15:00.000Z,Hurricane,Goliad,2079
TX,2020-07-26T13:15:00.000Z,Hurricane,Harris,2149
TX,2020-07-26T13:15:00.000Z,Hurricane,Hidalgo,2188
TX,2020-07-26T13:15:00.000Z,Hurricane,Fort Bend,2009
TX,2020-07-26T13:15:00.000Z,Hurricane,Duval,2556
TX,2020-07-26T13:15:00.000Z,Hurricane,Galveston,2059
TX,2020-07-26T13:15:00.000Z,Hurricane,Jackson,2264
TX,2020-07-26T13:15:00.000Z,Hurricane,Jim Hogg,2288
TX,2020-07-26T13:15:00.000Z,Hurricane,Jim Wells,2294
TX,2020-07-26T13:15:00.000Z,Hurricane,Kenedy,2330
TX,2020-07-26T13:15:00.000Z,Hurricane,La Salle,2388
TX,2020-07-26T13:15:00.000Z,Hurricane,Live Oak,2416
TX,2020-07-26T13:15:00.000Z,Hurricane,McMullen,2494
TX,2020-07-26T13:15:00.000Z,Hurricane,Kleberg,2358
TX,2020-07-26T13:15:00.000Z,Hurricane,Matagorda,2637
TX,2020-07-26T13:15:00.000Z,Hurricane,Nueces,2194
TX,2020-07-26T13:15:00.000Z,Hurricane,Refugio,2334
TX,2020-07-26T13:15:00.000Z,Hurricane,San Patricio,2415
TX,2020-07-26T13:15:00.000Z,Hurricane,Starr,2474
TX,2020-07-26T13:15:00.000Z,Hurricane,Victoria,2595
TX,2020-07-26T13:15:00.000Z,Hurricane,Webb,2616
TX,2020-07-26T13:15:00.000Z,Hurricane,Wharton,2618
TX,2020-07-26T13:15:00.000Z,Hurricane,Willacy,2639
TX,2020-07-26T13:15:00.000Z,Hurricane,Zapata,2650
PR,2020-07-29T14:00:00.000Z,Hurricane,Adjuntas,3060
PR,2020-07-29T14:00:00.000Z,Hurricane,Aguada,3062
PR,2020-07-29T14:00:00.000Z,Hurricane,Aguadilla,3063
PR,2020-07-29T14:00:00.000Z,Hurricane,Aibonito,3067
PR,2020-07-29T14:00:00.000Z,Hurricane,Anasco,3069
PR,2020-07-29T14:00:00.000Z,Hurricane,Arecibo,3071
PR,2020-07-29T14:00:00.000Z,Hurricane,Arroyo,3072
PR,2020-07-29T14:00:00.000Z,Hurricane,Barceloneta,3074
PR,2020-07-29T14:00:00.000Z,Hurricane,Barranquitas,3076
PR,2020-07-29T14:00:00.000Z,Hurricane,Aguas Buenas,3065
PR,2020-07-29T14:00:00.000Z,Hurricane,Bayamon,3078
PR,2020-07-29T14:00:00.000Z,Hurricane,Cabo Rojo,3081
PR,2020-07-29T14:00:00.000Z,Hurricane,Caguas,3083
PR,2020-07-29T14:00:00.000Z,Hurricane,Camuy,3086
PR,2020-07-29T14:00:00.000Z,Hurricane,Canovanas,3088
PR,2020-07-29T14:00:00.000Z,Hurricane,Carolina,3090
PR,2020-07-29T14:00:00.000Z,Hurricane,Catano,3092
PR,2020-07-29T14:00:00.000Z,Hurricane,Cayey,3094
PR,2020-07-29T14:00:00.000Z,Hurricane,Ceiba,3096
PR,2020-07-29T14:00:00.000Z,Hurricane,Ciales,3098
PR,2020-07-29T14:00:00.000Z,Hurricane,Cidra,3100
PR,2020-07-29T14:00:00.000Z,Hurricane,Coamo,3102
PR,2020-07-29T14:00:00.000Z,Hurricane,Comerio,3103
PR,2020-07-29T14:00:00.000Z,Hurricane,Corozal,3105
PR,2020-07-29T14:00:00.000Z,Hurricane,Culebra,3107
PR,2020-07-29T14:00:00.000Z,Hurricane,Dorado,3109
PR,2020-07-29T14:00:00.000Z,Hurricane,Fajardo,3110
PR,2020-07-29T14:00:00.000Z,Hurricane,Florida,3112
PR,2020-07-29T14:00:00.000Z,Hurricane,Guanica,3114
PR,2020-07-29T14:00:00.000Z,Hurricane,Guayama,3118
PR,2020-07-29T14:00:00.000Z,Hurricane,Guayanilla,3121
PR,2020-07-29T14:00:00.000Z,Hurricane,Gurabo,3125
PR,2020-07-29T14:00:00.000Z,Hurricane,Hatillo,3127
PR,2020-07-29T14:00:00.000Z,Hurricane,Hormigueros,3128
PR,2020-07-29T14:00:00.000Z,Hurricane,Guaynabo,3123
PR,2020-07-29T14:00:00.000Z,Hurricane,Humacao,3129
PR,2020-07-29T14:00:00.000Z,Hurricane,Isabela,3130
PR,2020-07-29T14:00:00.000Z,Hurricane,Jayuya,3132
PR,2020-07-29T14:00:00.000Z,Hurricane,Juana Diaz,3133
PR,2020-07-29T14:00:00.000Z,Hurricane,Juncos,3136
PR,2020-07-29T14:00:00.000Z,Hurricane,Lajas,3139
PR,2020-07-29T14:00:00.000Z,Hurricane,Lares,3142
PR,2020-07-29T14:00:00.000Z,Hurricane,Luquillo,3150
PR,2020-07-29T14:00:00.000Z,Hurricane,Las Piedras,3146
PR,2020-07-29T14:00:00.000Z,Hurricane,Las Marias,3144
PR,2020-07-29T14:00:00.000Z,Hurricane,Manati,3152
PR,2020-07-29T14:00:00.000Z,Hurricane,Maricao,3155
PR,2020-07-29T14:00:00.000Z,Hurricane,Maunabo,3157
PR,2020-07-29T14:00:00.000Z,Hurricane,Loiza,3149
PR,2020-07-29T14:00:00.000Z,Hurricane,Mayaguez,3159
PR,2020-07-29T14:00:00.000Z,Hurricane,Moca,3162
PR,2020-07-29T14:00:00.000Z,Hurricane,Morovis,3164
PR,2020-07-29T14:00:00.000Z,Hurricane,Naguabo,3167
PR,2020-07-29T14:00:00.000Z,Hurricane,Naranjito,3168
PR,2020-07-29T14:00:00.000Z,Hurricane,Orocovis,3171
PR,2020-07-29T14:00:00.000Z,Hurricane,Patillas,3173
PR,2020-07-29T14:00:00.000Z,Hurricane,Penuelas,3176
PR,2020-07-29T14:00:00.000Z,Hurricane,Ponce,3178
PR,2020-07-29T14:00:00.000Z,Hurricane,Quebradillas,3180
PR,2020-07-29T14:00:00.000Z,Hurricane,Rincon,3182
PR,2020-07-29T14:00:00.000Z,Hurricane,Rio Grande,3184
PR,2020-07-29T14:00:00.000Z,Hurricane,Sabana Grande,3187
PR,2020-07-29T14:00:00.000Z,Hurricane,Salinas,3190
PR,2020-07-29T14:00:00.000Z,Hurricane,San German,3193
PR,2020-07-29T14:00:00.000Z,Hurricane,San Juan,3197
PR,2020-07-29T14:00:00.000Z,Hurricane,San Lorenzo,3201
PR,2020-07-29T14:00:00.000Z,Hurricane,San Sebastian,3204
PR,2020-07-29T14:00:00.000Z,Hurricane,Trujillo Alto,3212
PR,2020-07-29T14:00:00.000Z,Hurricane,Vega Alta,3215
PR,2020-07-29T14:00:00.000Z,Hurricane,Utuado,3214
PR,2020-07-29T14:00:00.000Z,Hurricane,Vega Baja,3216
PR,2020-07-29T14:00:00.000Z,Hurricane,Santa Isabel,3206
PR,2020-07-29T14:00:00.000Z,Hurricane,Vieques,3217
PR,2020-07-29T14:00:00.000Z,Hurricane,Villalba,3218
PR,2020-07-29T14:00:00.000Z,Hurricane,Yabucoa,3219
PR,2020-07-29T14:00:00.000Z,Hurricane,Toa Alta,3209
PR,2020-07-29T14:00:00.000Z,Hurricane,Toa Baja,3211
PR,2020-07-29T14:00:00.000Z,Hurricane,Yauco,3220
FL,2020-08-01T08:10:00.000Z,Hurricane,Brevard,686
FL,2020-08-01T08:10:00.000Z,Hurricane,Broward,695
FL,2020-08-01T08:10:00.000Z,Hurricane,Clay,852
FL,2020-08-01T08:10:00.000Z,Hurricane,Duval,924
FL,2020-08-01T08:10:00.000Z,Hurricane,Flagler,935
FL,2020-08-01T08:10:00.000Z,Hurricane,Indian River,949
FL,2020-08-01T08:10:00.000Z,Hurricane,Martin,961
FL,2020-08-01T08:10:00.000Z,Hurricane,Miami-Dade,962
FL,2020-08-01T08:10:00.000Z,Hurricane,Monroe,963
FL,2020-08-01T08:10:00.000Z,Hurricane,Nassau,964
FL,2020-08-01T08:10:00.000Z,Hurricane,Okeechobee,966
FL,2020-08-01T08:10:00.000Z,Hurricane,Orange,967
FL,2020-08-01T08:10:00.000Z,Hurricane,Osceola,968
FL,2020-08-01T08:10:00.000Z,Hurricane,Palm Beach,969
FL,2020-08-01T08:10:00.000Z,Hurricane,Putnam,973
FL,2020-08-01T08:10:00.000Z,Hurricane,St. Johns,974
FL,2020-08-01T08:10:00.000Z,Hurricane,St. Lucie,975
FL,2020-08-01T08:10:00.000Z,Hurricane,Seminole,978
FL,2020-08-01T08:10:00.000Z,Hurricane,Volusia,983
NC,2020-08-02T13:20:00.000Z,Hurricane,Alamance,1967
NC,2020-08-02T13:20:00.000Z,Hurricane,Alexander,1968
NC,2020-08-02T13:20:00.000Z,Hurricane,Alleghany,1970
NC,2020-08-02T13:20:00.000Z,Hurricane,Anson,1972
NC,2020-08-02T13:20:00.000Z,Hurricane,Ashe,1975
NC,2020-08-02T13:20:00.000Z,Hurricane,Avery,1977
NC,2020-08-02T13:20:00.000Z,Hurricane,Beaufort,1981
NC,2020-08-02T13:20:00.000Z,Hurricane,Bertie,1983
NC,2020-08-02T13:20:00.000Z,Hurricane,Bladen,1986
NC,2020-08-02T13:20:00.000Z,Hurricane,Brunswick,1995
NC,2020-08-02T13:20:00.000Z,Hurricane,Buncombe,1422
NC,2020-08-02T13:20:00.000Z,Hurricane,Burke,1424
NC,2020-08-02T13:20:00.000Z,Hurricane,Cabarrus,1426
NC,2020-08-02T13:20:00.000Z,Hurricane,Caldwell,1429
NC,2020-08-02T13:20:00.000Z,Hurricane,Camden,1433
NC,2020-08-02T13:20:00.000Z,Hurricane,Carteret,1447
NC,2020-08-02T13:20:00.000Z,Hurricane,Catawba,1450
NC,2020-08-02T13:20:00.000Z,Hurricane,Chatham,1451
NC,2020-08-02T13:20:00.000Z,Hurricane,Cherokee,1452
NC,2020-08-02T13:20:00.000Z,Hurricane,Chowan,1455
NC,2020-08-02T13:20:00.000Z,Hurricane,Clay,1457
NC,2020-08-02T13:20:00.000Z,Hurricane,Caswell,1449
NC,2020-08-02T13:20:00.000Z,Hurricane,Cleveland,1458
NC,2020-08-02T13:20:00.000Z,Hurricane,Columbus,1459
NC,2020-08-02T13:20:00.000Z,Hurricane,Craven,1462
NC,2020-08-02T13:20:00.000Z,Hurricane,Cumberland,1464
NC,2020-08-02T13:20:00.000Z,Hurricane,Dare,1485
NC,2020-08-02T13:20:00.000Z,Hurricane,Davidson,1489
NC,2020-08-02T13:20:00.000Z,Hurricane,Davie,1490
NC,2020-08-02T13:20:00.000Z,Hurricane,Currituck,1481
NC,2020-08-02T13:20:00.000Z,Hurricane,Durham,1494
NC,2020-08-02T13:20:00.000Z,Hurricane,Duplin,1492
NC,2020-08-02T13:20:00.000Z,Hurricane,Forsyth,1496
NC,2020-08-02T13:20:00.000Z,Hurricane,Edgecombe,1495
NC,2020-08-02T13:20:00.000Z,Hurricane,Franklin,1498
NC,2020-08-02T13:20:00.000Z,Hurricane,Gaston,1499
NC,2020-08-02T13:20:00.000Z,Hurricane,Gates,1500
NC,2020-08-02T13:20:00.000Z,Hurricane,Graham,1502
NC,2020-08-02T13:20:00.000Z,Hurricane,Granville,1503
NC,2020-08-02T13:20:00.000Z,Hurricane,Greene,1505
NC,2020-08-02T13:20:00.000Z,Hurricane,Guilford,1506
NC,2020-08-02T13:20:00.000Z,Hurricane,Halifax,1508
NC,2020-08-02T13:20:00.000Z,Hurricane,Harnett,1509
NC,2020-08-02T13:20:00.000Z,Hurricane,Haywood,1512
NC,2020-08-02T13:20:00.000Z,Hurricane,Henderson,1514
NC,2020-08-02T13:20:00.000Z,Hurricane,Hertford,1515
NC,2020-08-02T13:20:00.000Z,Hurricane,Hoke,1517
NC,2020-08-02T13:20:00.000Z,Hurricane,Hyde,1521
NC,2020-08-02T13:20:00.000Z,Hurricane,Iredell,1525
NC,2020-08-02T13:20:00.000Z,Hurricane,Johnston,1530
NC,2020-08-02T13:20:00.000Z,Hurricane,Jones,1536
NC,2020-08-02T13:20:00.000Z,Hurricane,Jackson,1528
NC,2020-08-02T13:20:00.000Z,Hurricane,Lincoln,1545
NC,2020-08-02T13:20:00.000Z,Hurricane,McDowell,1554
NC,2020-08-02T13:20:00.000Z,Hurricane,Lenoir,1542
NC,2020-08-02T13:20:00.000Z,Hurricane,Lee,1540
NC,2020-08-02T13:20:00.000Z,Hurricane,Madison,1560
NC,2020-08-02T13:20:00.000Z,Hurricane,Martin,1563
NC,2020-08-02T13:20:00.000Z,Hurricane,Mecklenburg,1565
NC,2020-08-02T13:20:00.000Z,Hurricane,Mitchell,1568
NC,2020-08-02T13:20:00.000Z,Hurricane,Macon,1556
NC,2020-08-02T13:20:00.000Z,Hurricane,Moore,1584
NC,2020-08-02T13:20:00.000Z,Hurricane,Nash,1588
NC,2020-08-02T13:20:00.000Z,Hurricane,New Hanover,1602
NC,2020-08-02T13:20:00.000Z,Hurricane,Northampton,1606
NC,2020-08-02T13:20:00.000Z,Hurricane,Montgomery,1573
NC,2020-08-02T13:20:00.000Z,Hurricane,Orange,1630
NC,2020-08-02T13:20:00.000Z,Hurricane,Pamlico,1703
NC,2020-08-02T13:20:00.000Z,Hurricane,Pasquotank,1714
NC,2020-08-02T13:20:00.000Z,Hurricane,Onslow,1625
NC,2020-08-02T13:20:00.000Z,Hurricane,Perquimans,1724
NC,2020-08-02T13:20:00.000Z,Hurricane,Person,1729
NC,2020-08-02T13:20:00.000Z,Hurricane,Pitt,1733
NC,2020-08-02T13:20:00.000Z,Hurricane,Polk,1738
NC,2020-08-02T13:20:00.000Z,Hurricane,Randolph,1741
NC,2020-08-02T13:20:00.000Z,Hurricane,Pender,1718
NC,2020-08-02T13:20:00.000Z,Hurricane,Richmond,1744
NC,2020-08-02T13:20:00.000Z,Hurricane,Robeson,1747
NC,2020-08-02T13:20:00.000Z,Hurricane,Rockingham,1751
NC,2020-08-02T13:20:00.000Z,Hurricane,Rowan,1754
NC,2020-08-02T13:20:00.000Z,Hurricane,Rutherford,1764
NC,2020-08-02T13:20:00.000Z,Hurricane,Scotland,1772
NC,2020-08-02T13:20:00.000Z,Hurricane,Stanly,1775
NC,2020-08-02T13:20:00.000Z,Hurricane,Stokes,1777
NC,2020-08-02T13:20:00.000Z,Hurricane,Sampson,1769
NC,2020-08-02T13:20:00.000Z,Hurricane,Swain,1784
NC,2020-08-02T13:20:00.000Z,Hurricane,Transylvania,1786
NC,2020-08-02T13:20:00.000Z,Hurricane,Tyrrell,1794
NC,2020-08-02T13:20:00.000Z,Hurricane,Surry,1780
NC,2020-08-02T13:20:00.000Z,Hurricane,Vance,1801
NC,2020-08-02T13:20:00.000Z,Hurricane,Wake,1805
NC,2020-08-02T13:20:00.000Z,Hurricane,Warren,1809
NC,2020-08-02T13:20:00.000Z,Hurricane,Union,1798
NC,2020-08-02T13:20:00.000Z,Hurricane,Watauga,1813
NC,2020-08-02T13:20:00.000Z,Hurricane,Wayne,1814
NC,2020-08-02T13:20:00.000Z,Hurricane,Wilkes,1817
NC,2020-08-02T13:20:00.000Z,Hurricane,Washington,1811
NC,2020-08-02T13:20:00.000Z,Hurricane,Yadkin,1821
NC,2020-08-02T13:20:00.000Z,Hurricane,Yancey,1823
NC,2020-08-02T13:20:00.000Z,Hurricane,Wilson,1819
CT,2020-08-06T23:40:00.000Z,Hurricane,Tolland,524
CT,2020-08-06T23:40:00.000Z,Hurricane,Windham,529
PR,2020-08-22T16:05:00.000Z,Hurricane,Adjuntas,3060
PR,2020-08-22T16:05:00.000Z,Hurricane,Aguada,3062
PR,2020-08-22T16:05:00.000Z,Hurricane,Aguadilla,3063
PR,2020-08-22T16:05:00.000Z,Hurricane,Anasco,3069
PR,2020-08-22T16:05:00.000Z,Hurricane,Arecibo,3071
PR,2020-08-22T16:05:00.000Z,Hurricane,Aguas Buenas,3065
PR,2020-08-22T16:05:00.000Z,Hurricane,Aibonito,3067
PR,2020-08-22T16:05:00.000Z,Hurricane,Barceloneta,3074
PR,2020-08-22T16:05:00.000Z,Hurricane,Barranquitas,3076
PR,2020-08-22T16:05:00.000Z,Hurricane,Bayamon,3078
PR,2020-08-22T16:05:00.000Z,Hurricane,Cabo Rojo,3081
PR,2020-08-22T16:05:00.000Z,Hurricane,Arroyo,3072
PR,2020-08-22T16:05:00.000Z,Hurricane,Camuy,3086
PR,2020-08-22T16:05:00.000Z,Hurricane,Canovanas,3088
PR,2020-08-22T16:05:00.000Z,Hurricane,Carolina,3090
PR,2020-08-22T16:05:00.000Z,Hurricane,Catano,3092
PR,2020-08-22T16:05:00.000Z,Hurricane,Cayey,3094
PR,2020-08-22T16:05:00.000Z,Hurricane,Caguas,3083
PR,2020-08-22T16:05:00.000Z,Hurricane,Ciales,3098
PR,2020-08-22T16:05:00.000Z,Hurricane,Cidra,3100
PR,2020-08-22T16:05:00.000Z,Hurricane,Coamo,3102
PR,2020-08-22T16:05:00.000Z,Hurricane,Comerio,3103
PR,2020-08-22T16:05:00.000Z,Hurricane,Ceiba,3096
PR,2020-08-22T16:05:00.000Z,Hurricane,Corozal,3105
PR,2020-08-22T16:05:00.000Z,Hurricane,Culebra,3107
PR,2020-08-22T16:05:00.000Z,Hurricane,Fajardo,3110
PR,2020-08-22T16:05:00.000Z,Hurricane,Florida,3112
PR,2020-08-22T16:05:00.000Z,Hurricane,Guanica,3114
PR,2020-08-22T16:05:00.000Z,Hurricane,Guayama,3118
PR,2020-08-22T16:05:00.000Z,Hurricane,Dorado,3109
PR,2020-08-22T16:05:00.000Z,Hurricane,Guayanilla,3121
PR,2020-08-22T16:05:00.000Z,Hurricane,Guaynabo,3123
PR,2020-08-22T16:05:00.000Z,Hurricane,Gurabo,3125
PR,2020-08-22T16:05:00.000Z,Hurricane,Hatillo,3127
PR,2020-08-22T16:05:00.000Z,Hurricane,Hormigueros,3128
PR,2020-08-22T16:05:00.000Z,Hurricane,Isabela,3130
PR,2020-08-22T16:05:00.000Z,Hurricane,Jayuya,3132
PR,2020-08-22T16:05:00.000Z,Hurricane,Humacao,3129
PR,2020-08-22T16:05:00.000Z,Hurricane,Juana Diaz,3133
PR,2020-08-22T16:05:00.000Z,Hurricane,Juncos,3136
PR,2020-08-22T16:05:00.000Z,Hurricane,Lajas,3139
PR,2020-08-22T16:05:00.000Z,Hurricane,Lares,3142
PR,2020-08-22T16:05:00.000Z,Hurricane,Las Marias,3144
PR,2020-08-22T16:05:00.000Z,Hurricane,Las Piedras,3146
PR,2020-08-22T16:05:00.000Z,Hurricane,Loiza,3149
PR,2020-08-22T16:05:00.000Z,Hurricane,Luquillo,3150
PR,2020-08-22T16:05:00.000Z,Hurricane,Manati,3152
PR,2020-08-22T16:05:00.000Z,Hurricane,Maricao,3155
PR,2020-08-22T16:05:00.000Z,Hurricane,Maunabo,3157
PR,2020-08-22T16:05:00.000Z,Hurricane,Mayaguez,3159
PR,2020-08-22T16:05:00.000Z,Hurricane,Moca,3162
PR,2020-08-22T16:05:00.000Z,Hurricane,Morovis,3164
PR,2020-08-22T16:05:00.000Z,Hurricane,Naguabo,3167
PR,2020-08-22T16:05:00.000Z,Hurricane,Naranjito,3168
PR,2020-08-22T16:05:00.000Z,Hurricane,Orocovis,3171
PR,2020-08-22T16:05:00.000Z,Hurricane,Penuelas,3176
PR,2020-08-22T16:05:00.000Z,Hurricane,Ponce,3178
PR,2020-08-22T16:05:00.000Z,Hurricane,Quebradillas,3180
PR,2020-08-22T16:05:00.000Z,Hurricane,Rincon,3182
PR,2020-08-22T16:05:00.000Z,Hurricane,Rio Grande,3184
PR,2020-08-22T16:05:00.000Z,Hurricane,Sabana Grande,3187
PR,2020-08-22T16:05:00.000Z,Hurricane,Salinas,3190
PR,2020-08-22T16:05:00.000Z,Hurricane,Patillas,3173
PR,2020-08-22T16:05:00.000Z,Hurricane,San German,3193
PR,2020-08-22T16:05:00.000Z,Hurricane,San Juan,3197
PR,2020-08-22T16:05:00.000Z,Hurricane,San Lorenzo,3201
PR,2020-08-22T16:05:00.000Z,Hurricane,San Sebastian,3204
PR,2020-08-22T16:05:00.000Z,Hurricane,Santa Isabel,3206
PR,2020-08-22T16:05:00.000Z,Hurricane,Toa Alta,3209
PR,2020-08-22T16:05:00.000Z,Hurricane,Toa Baja,3211
PR,2020-08-22T16:05:00.000Z,Hurricane,Trujillo Alto,3212
PR,2020-08-22T16:05:00.000Z,Hurricane,Utuado,3214
PR,2020-08-22T16:05:00.000Z,Hurricane,Vega Alta,3215
PR,2020-08-22T16:05:00.000Z,Hurricane,Vieques,3217
PR,2020-08-22T16:05:00.000Z,Hurricane,Villalba,3218
PR,2020-08-22T16:05:00.000Z,Hurricane,Vega Baja,3216
PR,2020-08-22T16:05:00.000Z,Hurricane,Yauco,3220
PR,2020-08-22T16:05:00.000Z,Hurricane,Yabucoa,3219
LA,2020-08-23T13:25:00.000Z,Hurricane,Acadia,1046
LA,2020-08-23T13:25:00.000Z,Hurricane,Allen,1051
LA,2020-08-23T13:25:00.000Z,Hurricane,Ascension,1055
LA,2020-08-23T13:25:00.000Z,Hurricane,Avoyelles,1062
LA,2020-08-23T13:25:00.000Z,Hurricane,Beauregard,1066
LA,2020-08-23T13:25:00.000Z,Hurricane,Bienville,1069
LA,2020-08-23T13:25:00.000Z,Hurricane,Bossier,1076
LA,2020-08-23T13:25:00.000Z,Hurricane,Assumption,1060
LA,2020-08-23T13:25:00.000Z,Hurricane,Caddo,1079
LA,2020-08-23T13:25:00.000Z,Hurricane,Calcasieu,1081
LA,2020-08-23T13:25:00.000Z,Hurricane,Caldwell,1084
LA,2020-08-23T13:25:00.000Z,Hurricane,Cameron,1089
LA,2020-08-23T13:25:00.000Z,Hurricane,Catahoula,1093
LA,2020-08-23T13:25:00.000Z,Hurricane,Claiborne,1095
LA,2020-08-23T13:25:00.000Z,Hurricane,Concordia,1098
LA,2020-08-23T13:25:00.000Z,Hurricane,De Soto,1103
LA,2020-08-23T13:25:00.000Z,Hurricane,East Baton Rouge,1108
LA,2020-08-23T13:25:00.000Z,Hurricane,East Carroll,1111
LA,2020-08-23T13:25:00.000Z,Hurricane,East Feliciana,1115
LA,2020-08-23T13:25:00.000Z,Hurricane,Franklin,1123
LA,2020-08-23T13:25:00.000Z,Hurricane,Evangeline,1118
LA,2020-08-23T13:25:00.000Z,Hurricane,Grant,1127
LA,2020-08-23T13:25:00.000Z,Hurricane,Iberia,1133
LA,2020-08-23T13:25:00.000Z,Hurricane,Iberville,1134
LA,2020-08-23T13:25:00.000Z,Hurricane,Jefferson,1147
LA,2020-08-23T13:25:00.000Z,Hurricane,Jefferson Davis,1155
LA,2020-08-23T13:25:00.000Z,Hurricane,Lafayette,1161
LA,2020-08-23T13:25:00.000Z,Hurricane,Jackson,1138
LA,2020-08-23T13:25:00.000Z,Hurricane,Lafourche,1280
LA,2020-08-23T13:25:00.000Z,Hurricane,La Salle,1289
LA,2020-08-23T13:25:00.000Z,Hurricane,Lincoln,1291
LA,2020-08-23T13:25:00.000Z,Hurricane,Livingston,1295
LA,2020-08-23T13:25:00.000Z,Hurricane,Madison,1297
LA,2020-08-23T13:25:00.000Z,Hurricane,Natchitoches,1301
LA,2020-08-23T13:25:00.000Z,Hurricane,Orleans,1304
LA,2020-08-23T13:25:00.000Z,Hurricane,Ouachita,1306
LA,2020-08-23T13:25:00.000Z,Hurricane,Plaquemines,1427
LA,2020-08-23T13:25:00.000Z,Hurricane,Pointe Coupee,1431
LA,2020-08-23T13:25:00.000Z,Hurricane,Morehouse,1299
LA,2020-08-23T13:25:00.000Z,Hurricane,Rapides,1434
LA,2020-08-23T13:25:00.000Z,Hurricane,Red River,1436
LA,2020-08-23T13:25:00.000Z,Hurricane,Richland,1439
LA,2020-08-23T13:25:00.000Z,Hurricane,Sabine,1441
LA,2020-08-23T13:25:00.000Z,Hurricane,St. Bernard,1463
LA,2020-08-23T13:25:00.000Z,Hurricane,St. Helena,1467
LA,2020-08-23T13:25:00.000Z,Hurricane,St. James,1468
LA,2020-08-23T13:25:00.000Z,Hurricane,St. Charles,1466
LA,2020-08-23T13:25:00.000Z,Hurricane,St. John the Baptist,1469
LA,2020-08-23T13:25:00.000Z,Hurricane,St. Landry,1471
LA,2020-08-23T13:25:00.000Z,Hurricane,St. Martin,1473
LA,2020-08-23T13:25:00.000Z,Hurricane,St. Mary,1474
LA,2020-08-23T13:25:00.000Z,Hurricane,St. Tammany,1475
LA,2020-08-23T13:25:00.000Z,Hurricane,Tangipahoa,1476
LA,2020-08-23T13:25:00.000Z,Hurricane,Terrebonne,1501
LA,2020-08-23T13:25:00.000Z,Hurricane,Union,1507
LA,2020-08-23T13:25:00.000Z,Hurricane,Vermilion,1510
LA,2020-08-23T13:25:00.000Z,Hurricane,Tensas,1479
LA,2020-08-23T13:25:00.000Z,Hurricane,Vernon,1513
LA,2020-08-23T13:25:00.000Z,Hurricane,Washington,1516
LA,2020-08-23T13:25:00.000Z,Hurricane,Webster,1518
LA,2020-08-23T13:25:00.000Z,Hurricane,West Baton Rouge,1520
LA,2020-08-23T13:25:00.000Z,Hurricane,West Feliciana,1524
LA,2020-08-23T13:25:00.000Z,Hurricane,Winn,1529
LA,2020-08-23T13:25:00.000Z,Hurricane,West Carroll,1522
MS,2020-08-23T22:00:00.000Z,Hurricane,Amite,1539
MS,2020-08-23T22:00:00.000Z,Hurricane,Adams,1534
MS,2020-08-23T22:00:00.000Z,Hurricane,Forrest,1572
MS,2020-08-23T22:00:00.000Z,Hurricane,Franklin,1575
MS,2020-08-23T22:00:00.000Z,Hurricane,George,1577
MS,2020-08-23T22:00:00.000Z,Hurricane,Greene,1579
MS,2020-08-23T22:00:00.000Z,Hurricane,Covington,1567
MS,2020-08-23T22:00:00.000Z,Hurricane,Hancock,1583
MS,2020-08-23T22:00:00.000Z,Hurricane,Harrison,1587
MS,2020-08-23T22:00:00.000Z,Hurricane,Jefferson,1610
MS,2020-08-23T22:00:00.000Z,Hurricane,Jones,1615
MS,2020-08-23T22:00:00.000Z,Hurricane,Jefferson Davis,1612
MS,2020-08-23T22:00:00.000Z,Hurricane,Lamar,1623
MS,2020-08-23T22:00:00.000Z,Hurricane,Jackson,1605
MS,2020-08-23T22:00:00.000Z,Hurricane,Lincoln,1645
MS,2020-08-23T22:00:00.000Z,Hurricane,Lawrence,1632
MS,2020-08-23T22:00:00.000Z,Hurricane,Marion,1653
MS,2020-08-23T22:00:00.000Z,Hurricane,Perry,1679
MS,2020-08-23T22:00:00.000Z,Hurricane,Pike,1680
MS,2020-08-23T22:00:00.000Z,Hurricane,Stone,1712
MS,2020-08-23T22:00:00.000Z,Hurricane,Walthall,1740
MS,2020-08-23T22:00:00.000Z,Hurricane,Wayne,1753
MS,2020-08-23T22:00:00.000Z,Hurricane,Wilkinson,1757
TX,2020-08-24T09:45:00.000Z,Hurricane,Anderson,2113
MS,2020-08-23T22:00:00.000Z,Hurricane,Pearl River,1676
TX,2020-08-24T09:45:00.000Z,Hurricane,Angelina,2124
TX,2020-08-24T09:45:00.000Z,Hurricane,Aransas,2162
TX,2020-08-24T09:45:00.000Z,Hurricane,Bexar,2203
TX,2020-08-24T09:45:00.000Z,Hurricane,Bowie,2224
TX,2020-08-24T09:45:00.000Z,Hurricane,Calhoun,2327
TX,2020-08-24T09:45:00.000Z,Hurricane,Brazoria,2240
TX,2020-08-24T09:45:00.000Z,Hurricane,Cameron,2359
TX,2020-08-24T09:45:00.000Z,Hurricane,Cass,2382
TX,2020-08-24T09:45:00.000Z,Hurricane,Camp,2373
TX,2020-08-24T09:45:00.000Z,Hurricane,Chambers,2395
TX,2020-08-24T09:45:00.000Z,Hurricane,Cherokee,2400
TX,2020-08-24T09:45:00.000Z,Hurricane,Dallas,2507
TX,2020-08-24T09:45:00.000Z,Hurricane,Ellis,2579
TX,2020-08-24T09:45:00.000Z,Hurricane,Fort Bend,2009
TX,2020-08-24T09:45:00.000Z,Hurricane,Franklin,2016
TX,2020-08-24T09:45:00.000Z,Hurricane,Galveston,2059
TX,2020-08-24T09:45:00.000Z,Hurricane,Gregg,2101
TX,2020-08-24T09:45:00.000Z,Hurricane,Grimes,2108
TX,2020-08-24T09:45:00.000Z,Hurricane,Harris,2149
TX,2020-08-24T09:45:00.000Z,Hurricane,Hardin,2142
TX,2020-08-24T09:45:00.000Z,Hurricane,Jackson,2264
TX,2020-08-24T09:45:00.000Z,Hurricane,Harrison,2157
TX,2020-08-24T09:45:00.000Z,Hurricane,Houston,2228
TX,2020-08-24T09:45:00.000Z,Hurricane,Jasper,2271
TX,2020-08-24T09:45:00.000Z,Hurricane,Jefferson,2285
TX,2020-08-24T09:45:00.000Z,Hurricane,Kenedy,2330
TX,2020-08-24T09:45:00.000Z,Hurricane,Leon,2402
TX,2020-08-24T09:45:00.000Z,Hurricane,Liberty,2404
TX,2020-08-24T09:45:00.000Z,Hurricane,Marion,2547
TX,2020-08-24T09:45:00.000Z,Hurricane,Montgomery,2682
TX,2020-08-24T09:45:00.000Z,Hurricane,Matagorda,2637
TX,2020-08-24T09:45:00.000Z,Hurricane,Panola,2227
TX,2020-08-24T09:45:00.000Z,Hurricane,Morris,2688
TX,2020-08-24T09:45:00.000Z,Hurricane,Polk,2243
TX,2020-08-24T09:45:00.000Z,Hurricane,Madison,2526
TX,2020-08-24T09:45:00.000Z,Hurricane,Nacogdoches,2701
TX,2020-08-24T09:45:00.000Z,Hurricane,Orange,2214
TX,2020-08-24T09:45:00.000Z,Hurricane,Kleberg,2358
TX,2020-08-24T09:45:00.000Z,Hurricane,Refugio,2334
TX,2020-08-24T09:45:00.000Z,Hurricane,Rusk,2367
TX,2020-08-24T09:45:00.000Z,Hurricane,Sabine,2370
TX,2020-08-24T09:45:00.000Z,Hurricane,Red River,2295
TX,2020-08-24T09:45:00.000Z,Hurricane,San Patricio,2415
TX,2020-08-24T09:45:00.000Z,Hurricane,Newton,2711
TX,2020-08-24T09:45:00.000Z,Hurricane,Shelby,2448
TX,2020-08-24T09:45:00.000Z,Hurricane,Nueces,2194
TX,2020-08-24T09:45:00.000Z,Hurricane,Smith,2465
TX,2020-08-24T09:45:00.000Z,Hurricane,San Jacinto,2387
TX,2020-08-24T09:45:00.000Z,Hurricane,Travis,2543
TX,2020-08-24T09:45:00.000Z,Hurricane,San Augustine,2380
TX,2020-08-24T09:45:00.000Z,Hurricane,Tyler,2560
TX,2020-08-24T09:45:00.000Z,Hurricane,Tarrant,2500
TX,2020-08-24T09:45:00.000Z,Hurricane,Waller,2606
TX,2020-08-24T09:45:00.000Z,Hurricane,Willacy,2639
TX,2020-08-24T09:45:00.000Z,Hurricane,Wood,2644
TX,2020-08-24T09:45:00.000Z,Hurricane,Wharton,2618
AR,2020-08-27T09:00:00.000Z,Hurricane,Baxter,54
TX,2020-08-24T09:45:00.000Z,Hurricane,Victoria,2595
AR,2020-08-27T09:00:00.000Z,Hurricane,Ashley,50
TX,2020-08-24T09:45:00.000Z,Hurricane,Titus,2531
TX,2020-08-24T09:45:00.000Z,Hurricane,Upshur,2566
AR,2020-08-27T09:00:00.000Z,Hurricane,Boone,62
AR,2020-08-27T09:00:00.000Z,Hurricane,Chicot,77
TX,2020-08-24T09:45:00.000Z,Hurricane,Walker,2603
AR,2020-08-27T09:00:00.000Z,Hurricane,Arkansas,46
TX,2020-08-24T09:45:00.000Z,Hurricane,Trinity,2553
AR,2020-08-27T09:00:00.000Z,Hurricane,Clark,86
AR,2020-08-27T09:00:00.000Z,Hurricane,Cleburne,97
AR,2020-08-27T09:00:00.000Z,Hurricane,Calhoun,72
AR,2020-08-27T09:00:00.000Z,Hurricane,Bradley,68
AR,2020-08-27T09:00:00.000Z,Hurricane,Benton,59
AR,2020-08-27T09:00:00.000Z,Hurricane,Cleveland,103
AR,2020-08-27T09:00:00.000Z,Hurricane,Carroll,74
AR,2020-08-27T09:00:00.000Z,Hurricane,Clay,93
AR,2020-08-27T09:00:00.000Z,Hurricane,Cross,124
AR,2020-08-27T09:00:00.000Z,Hurricane,Desha,130
AR,2020-08-27T09:00:00.000Z,Hurricane,Crittenden,119
AR,2020-08-27T09:00:00.000Z,Hurricane,Faulkner,141
AR,2020-08-27T09:00:00.000Z,Hurricane,Columbia,107
AR,2020-08-27T09:00:00.000Z,Hurricane,Conway,109
AR,2020-08-27T09:00:00.000Z,Hurricane,Crawford,115
AR,2020-08-27T09:00:00.000Z,Hurricane,Dallas,128
AR,2020-08-27T09:00:00.000Z,Hurricane,Craighead,114
AR,2020-08-27T09:00:00.000Z,Hurricane,Fulton,146
AR,2020-08-27T09:00:00.000Z,Hurricane,Drew,136
AR,2020-08-27T09:00:00.000Z,Hurricane,Grant,155
AR,2020-08-27T09:00:00.000Z,Hurricane,Hot Spring,184
AR,2020-08-27T09:00:00.000Z,Hurricane,Franklin,144
AR,2020-08-27T09:00:00.000Z,Hurricane,Independence,200
AR,2020-08-27T09:00:00.000Z,Hurricane,Howard,191
AR,2020-08-27T09:00:00.000Z,Hurricane,Jefferson,213
AR,2020-08-27T09:00:00.000Z,Hurricane,Izard,203
AR,2020-08-27T09:00:00.000Z,Hurricane,Garland,151
AR,2020-08-27T09:00:00.000Z,Hurricane,Greene,162
AR,2020-08-27T09:00:00.000Z,Hurricane,Hempstead,172
AR,2020-08-27T09:00:00.000Z,Hurricane,Lee,237
AR,2020-08-27T09:00:00.000Z,Hurricane,Lincoln,244
AR,2020-08-27T09:00:00.000Z,Hurricane,Lafayette,222
AR,2020-08-27T09:00:00.000Z,Hurricane,Little River,251
AR,2020-08-27T09:00:00.000Z,Hurricane,Jackson,209
AR,2020-08-27T09:00:00.000Z,Hurricane,Johnson,218
AR,2020-08-27T09:00:00.000Z,Hurricane,Marion,282
AR,2020-08-27T09:00:00.000Z,Hurricane,Miller,287
AR,2020-08-27T09:00:00.000Z,Hurricane,Madison,277
AR,2020-08-27T09:00:00.000Z,Hurricane,Monroe,300
AR,2020-08-27T09:00:00.000Z,Hurricane,Lonoke,268
AR,2020-08-27T09:00:00.000Z,Hurricane,Mississippi,294
AR,2020-08-27T09:00:00.000Z,Hurricane,Newton,311
AR,2020-08-27T09:00:00.000Z,Hurricane,Ouachita,316
AR,2020-08-27T09:00:00.000Z,Hurricane,Logan,258
AR,2020-08-27T09:00:00.000Z,Hurricane,Nevada,307
AR,2020-08-27T09:00:00.000Z,Hurricane,Lawrence,230
AR,2020-08-27T09:00:00.000Z,Hurricane,Perry,318
AR,2020-08-27T09:00:00.000Z,Hurricane,Phillips,322
AR,2020-08-27T09:00:00.000Z,Hurricane,Pike,327
AR,2020-08-27T09:00:00.000Z,Hurricane,Poinsett,333
AR,2020-08-27T09:00:00.000Z,Hurricane,Montgomery,304
AR,2020-08-27T09:00:00.000Z,Hurricane,Polk,337
AR,2020-08-27T09:00:00.000Z,Hurricane,Pope,340
AR,2020-08-27T09:00:00.000Z,Hurricane,Pulaski,350
AR,2020-08-27T09:00:00.000Z,Hurricane,Randolph,353
AR,2020-08-27T09:00:00.000Z,Hurricane,St. Francis,357
AR,2020-08-27T09:00:00.000Z,Hurricane,Prairie,345
AR,2020-08-27T09:00:00.000Z,Hurricane,Scott,364
AR,2020-08-27T09:00:00.000Z,Hurricane,Searcy,372
AR,2020-08-27T09:00:00.000Z,Hurricane,Sebastian,378
AR,2020-08-27T09:00:00.000Z,Hurricane,Saline,360
AR,2020-08-27T09:00:00.000Z,Hurricane,Sharp,394
AR,2020-08-27T09:00:00.000Z,Hurricane,Stone,399
AR,2020-08-27T09:00:00.000Z,Hurricane,Union,403
AR,2020-08-27T09:00:00.000Z,Hurricane,Sevier,390
AR,2020-08-27T09:00:00.000Z,Hurricane,Van Buren,407
AR,2020-08-27T09:00:00.000Z,Hurricane,Washington,417
AR,2020-08-27T09:00:00.000Z,Hurricane,White,428
AR,2020-08-27T09:00:00.000Z,Hurricane,Woodruff,435
AR,2020-08-27T09:00:00.000Z,Hurricane,Yell,438
LA,2020-09-14T14:25:00.000Z,Hurricane,Acadia,1046
LA,2020-09-14T14:25:00.000Z,Hurricane,Allen,1051
LA,2020-09-14T14:25:00.000Z,Hurricane,Ascension,1055
LA,2020-09-14T14:25:00.000Z,Hurricane,Avoyelles,1062
LA,2020-09-14T14:25:00.000Z,Hurricane,Beauregard,1066
LA,2020-09-14T14:25:00.000Z,Hurricane,Bienville,1069
LA,2020-09-14T14:25:00.000Z,Hurricane,Bossier,1076
LA,2020-09-14T14:25:00.000Z,Hurricane,Caddo,1079
LA,2020-09-14T14:25:00.000Z,Hurricane,Assumption,1060
LA,2020-09-14T14:25:00.000Z,Hurricane,Caldwell,1084
LA,2020-09-14T14:25:00.000Z,Hurricane,Cameron,1089
LA,2020-09-14T14:25:00.000Z,Hurricane,Catahoula,1093
LA,2020-09-14T14:25:00.000Z,Hurricane,Calcasieu,1081
LA,2020-09-14T14:25:00.000Z,Hurricane,Claiborne,1095
LA,2020-09-14T14:25:00.000Z,Hurricane,Concordia,1098
LA,2020-09-14T14:25:00.000Z,Hurricane,De Soto,1103
LA,2020-09-14T14:25:00.000Z,Hurricane,East Baton Rouge,1108
LA,2020-09-14T14:25:00.000Z,Hurricane,East Feliciana,1115
LA,2020-09-14T14:25:00.000Z,Hurricane,Evangeline,1118
LA,2020-09-14T14:25:00.000Z,Hurricane,Franklin,1123
LA,2020-09-14T14:25:00.000Z,Hurricane,Grant,1127
LA,2020-09-14T14:25:00.000Z,Hurricane,Iberia,1133
LA,2020-09-14T14:25:00.000Z,Hurricane,East Carroll,1111
LA,2020-09-14T14:25:00.000Z,Hurricane,Iberville,1134
LA,2020-09-14T14:25:00.000Z,Hurricane,Jackson,1138
LA,2020-09-14T14:25:00.000Z,Hurricane,Jefferson Davis,1155
LA,2020-09-14T14:25:00.000Z,Hurricane,Lafayette,1161
LA,2020-09-14T14:25:00.000Z,Hurricane,Lafourche,1280
LA,2020-09-14T14:25:00.000Z,Hurricane,Jefferson,1147
LA,2020-09-14T14:25:00.000Z,Hurricane,La Salle,1289
LA,2020-09-14T14:25:00.000Z,Hurricane,Lincoln,1291
LA,2020-09-14T14:25:00.000Z,Hurricane,Livingston,1295
LA,2020-09-14T14:25:00.000Z,Hurricane,Madison,1297
LA,2020-09-14T14:25:00.000Z,Hurricane,Natchitoches,1301
LA,2020-09-14T14:25:00.000Z,Hurricane,Orleans,1304
LA,2020-09-14T14:25:00.000Z,Hurricane,Ouachita,1306
LA,2020-09-14T14:25:00.000Z,Hurricane,Plaquemines,1427
LA,2020-09-14T14:25:00.000Z,Hurricane,Morehouse,1299
LA,2020-09-14T14:25:00.000Z,Hurricane,Pointe Coupee,1431
LA,2020-09-14T14:25:00.000Z,Hurricane,Rapides,1434
LA,2020-09-14T14:25:00.000Z,Hurricane,Red River,1436
LA,2020-09-14T14:25:00.000Z,Hurricane,Sabine,1441
LA,2020-09-14T14:25:00.000Z,Hurricane,St. Bernard,1463
LA,2020-09-14T14:25:00.000Z,Hurricane,St. Charles,1466
LA,2020-09-14T14:25:00.000Z,Hurricane,St. Helena,1467
LA,2020-09-14T14:25:00.000Z,Hurricane,St. James,1468
LA,2020-09-14T14:25:00.000Z,Hurricane,St. John the Baptist,1469
LA,2020-09-14T14:25:00.000Z,Hurricane,Richland,1439
LA,2020-09-14T14:25:00.000Z,Hurricane,St. Landry,1471
LA,2020-09-14T14:25:00.000Z,Hurricane,St. Martin,1473
LA,2020-09-14T14:25:00.000Z,Hurricane,St. Mary,1474
LA,2020-09-14T14:25:00.000Z,Hurricane,St. Tammany,1475
LA,2020-09-14T14:25:00.000Z,Hurricane,Tangipahoa,1476
LA,2020-09-14T14:25:00.000Z,Hurricane,Tensas,1479
LA,2020-09-14T14:25:00.000Z,Hurricane,Terrebonne,1501
LA,2020-09-14T14:25:00.000Z,Hurricane,Union,1507
LA,2020-09-14T14:25:00.000Z,Hurricane,Vermilion,1510
LA,2020-09-14T14:25:00.000Z,Hurricane,Vernon,1513
LA,2020-09-14T14:25:00.000Z,Hurricane,Washington,1516
LA,2020-09-14T14:25:00.000Z,Hurricane,Webster,1518
LA,2020-09-14T14:25:00.000Z,Hurricane,West Baton Rouge,1520
LA,2020-09-14T14:25:00.000Z,Hurricane,West Carroll,1522
LA,2020-09-14T14:25:00.000Z,Hurricane,West Feliciana,1524
LA,2020-09-14T14:25:00.000Z,Hurricane,Winn,1529
MS,2020-09-14T14:30:00.000Z,Hurricane,Adams,1534
MS,2020-09-14T14:30:00.000Z,Hurricane,Amite,1539
MS,2020-09-14T14:30:00.000Z,Hurricane,Covington,1567
MS,2020-09-14T14:30:00.000Z,Hurricane,Forrest,1572
MS,2020-09-14T14:30:00.000Z,Hurricane,Franklin,1575
MS,2020-09-14T14:30:00.000Z,Hurricane,George,1577
MS,2020-09-14T14:30:00.000Z,Hurricane,Greene,1579
MS,2020-09-14T14:30:00.000Z,Hurricane,Hancock,1583
MS,2020-09-14T14:30:00.000Z,Hurricane,Harrison,1587
MS,2020-09-14T14:30:00.000Z,Hurricane,Jackson,1605
MS,2020-09-14T14:30:00.000Z,Hurricane,Jefferson,1610
MS,2020-09-14T14:30:00.000Z,Hurricane,Jefferson Davis,1612
MS,2020-09-14T14:30:00.000Z,Hurricane,Jones,1615
MS,2020-09-14T14:30:00.000Z,Hurricane,Lamar,1623
MS,2020-09-14T14:30:00.000Z,Hurricane,Lawrence,1632
MS,2020-09-14T14:30:00.000Z,Hurricane,Lincoln,1645
MS,2020-09-14T14:30:00.000Z,Hurricane,Marion,1653
MS,2020-09-14T14:30:00.000Z,Hurricane,Pearl River,1676
MS,2020-09-14T14:30:00.000Z,Hurricane,Perry,1679
MS,2020-09-14T14:30:00.000Z,Hurricane,Pike,1680
MS,2020-09-14T14:30:00.000Z,Hurricane,Stone,1712
MS,2020-09-14T14:30:00.000Z,Hurricane,Walthall,1740
MS,2020-09-14T14:30:00.000Z,Hurricane,Wayne,1753
MS,2020-09-14T14:30:00.000Z,Hurricane,Wilkinson,1757
AL,2020-09-14T22:05:00.000Z,Hurricane,Autauga,5
AL,2020-09-14T22:05:00.000Z,Hurricane,Baldwin,20
AL,2020-09-14T22:05:00.000Z,Hurricane,Barbour,25
AL,2020-09-14T22:05:00.000Z,Hurricane,Bibb,29
AL,2020-09-14T22:05:00.000Z,Hurricane,Blount,33
AL,2020-09-14T22:05:00.000Z,Hurricane,Butler,39
AL,2020-09-14T22:05:00.000Z,Hurricane,Calhoun,43
AL,2020-09-14T22:05:00.000Z,Hurricane,Chambers,47
AL,2020-09-14T22:05:00.000Z,Hurricane,Cherokee,51
AL,2020-09-14T22:05:00.000Z,Hurricane,Chilton,56
AL,2020-09-14T22:05:00.000Z,Hurricane,Choctaw,58
AL,2020-09-14T22:05:00.000Z,Hurricane,Bullock,37
AL,2020-09-14T22:05:00.000Z,Hurricane,Clay,65
AL,2020-09-14T22:05:00.000Z,Hurricane,Cleburne,67
AL,2020-09-14T22:05:00.000Z,Hurricane,Coffee,70
AL,2020-09-14T22:05:00.000Z,Hurricane,Colbert,73
AL,2020-09-14T22:05:00.000Z,Hurricane,Conecuh,80
AL,2020-09-14T22:05:00.000Z,Hurricane,Clarke,61
AL,2020-09-14T22:05:00.000Z,Hurricane,Coosa,82
AL,2020-09-14T22:05:00.000Z,Hurricane,Covington,88
AL,2020-09-14T22:05:00.000Z,Hurricane,Crenshaw,90
AL,2020-09-14T22:05:00.000Z,Hurricane,Cullman,98
AL,2020-09-14T22:05:00.000Z,Hurricane,Dale,101
AL,2020-09-14T22:05:00.000Z,Hurricane,Dallas,110
AL,2020-09-14T22:05:00.000Z,Hurricane,DeKalb,112
AL,2020-09-14T22:05:00.000Z,Hurricane,Elmore,118
AL,2020-09-14T22:05:00.000Z,Hurricane,Escambia,122
AL,2020-09-14T22:05:00.000Z,Hurricane,Etowah,131
AL,2020-09-14T22:05:00.000Z,Hurricane,Fayette,134
AL,2020-09-14T22:05:00.000Z,Hurricane,Franklin,138
AL,2020-09-14T22:05:00.000Z,Hurricane,Geneva,140
AL,2020-09-14T22:05:00.000Z,Hurricane,Greene,148
AL,2020-09-14T22:05:00.000Z,Hurricane,Hale,150
AL,2020-09-14T22:05:00.000Z,Hurricane,Henry,158
AL,2020-09-14T22:05:00.000Z,Hurricane,Houston,160
AL,2020-09-14T22:05:00.000Z,Hurricane,Jackson,164
AL,2020-09-14T22:05:00.000Z,Hurricane,Jefferson,171
AL,2020-09-14T22:05:00.000Z,Hurricane,Lamar,174
AL,2020-09-14T22:05:00.000Z,Hurricane,Lauderdale,176
AL,2020-09-14T22:05:00.000Z,Hurricane,Lawrence,181
AL,2020-09-14T22:05:00.000Z,Hurricane,Lee,187
AL,2020-09-14T22:05:00.000Z,Hurricane,Limestone,197
AL,2020-09-14T22:05:00.000Z,Hurricane,Lowndes,205
AL,2020-09-14T22:05:00.000Z,Hurricane,Macon,210
AL,2020-09-14T22:05:00.000Z,Hurricane,Madison,217
AL,2020-09-14T22:05:00.000Z,Hurricane,Marengo,220
AL,2020-09-14T22:05:00.000Z,Hurricane,Marion,224
AL,2020-09-14T22:05:00.000Z,Hurricane,Marshall,231
AL,2020-09-14T22:05:00.000Z,Hurricane,Mobile,240
AL,2020-09-14T22:05:00.000Z,Hurricane,Monroe,250
AL,2020-09-14T22:05:00.000Z,Hurricane,Montgomery,256
AL,2020-09-14T22:05:00.000Z,Hurricane,Morgan,262
AL,2020-09-14T22:05:00.000Z,Hurricane,Perry,264
AL,2020-09-14T22:05:00.000Z,Hurricane,Pickens,273
AL,2020-09-14T22:05:00.000Z,Hurricane,Pike,279
AL,2020-09-14T22:05:00.000Z,Hurricane,Randolph,284
AL,2020-09-14T22:05:00.000Z,Hurricane,Russell,288
AL,2020-09-14T22:05:00.000Z,Hurricane,St. Clair,292
AL,2020-09-14T22:05:00.000Z,Hurricane,Shelby,298
AL,2020-09-14T22:05:00.000Z,Hurricane,Sumter,303
AL,2020-09-14T22:05:00.000Z,Hurricane,Talladega,306
AL,2020-09-14T22:05:00.000Z,Hurricane,Tallapoosa,308
AL,2020-09-14T22:05:00.000Z,Hurricane,Tuscaloosa,313
AL,2020-09-14T22:05:00.000Z,Hurricane,Walker,317
AL,2020-09-14T22:05:00.000Z,Hurricane,Washington,319
AL,2020-09-14T22:05:00.000Z,Hurricane,Wilcox,326
AL,2020-09-14T22:05:00.000Z,Hurricane,Winston,332
FL,2020-09-15T20:25:00.000Z,Hurricane,Bay,658
FL,2020-09-15T20:25:00.000Z,Hurricane,Calhoun,699
FL,2020-09-15T20:25:00.000Z,Hurricane,Escambia,931
FL,2020-09-15T20:25:00.000Z,Hurricane,Franklin,937
FL,2020-09-15T20:25:00.000Z,Hurricane,Gadsden,938
FL,2020-09-15T20:25:00.000Z,Hurricane,Gulf,941
FL,2020-09-15T20:25:00.000Z,Hurricane,Holmes,948
FL,2020-09-15T20:25:00.000Z,Hurricane,Jackson,950
FL,2020-09-15T20:25:00.000Z,Hurricane,Liberty,957
FL,2020-09-15T20:25:00.000Z,Hurricane,Okaloosa,965
FL,2020-09-15T20:25:00.000Z,Hurricane,Santa Rosa,976
FL,2020-09-15T20:25:00.000Z,Hurricane,Walton,985
FL,2020-09-15T20:25:00.000Z,Hurricane,Washington,986
LA,2020-10-07T21:05:00.000Z,Hurricane,Acadia,1046
LA,2020-10-07T21:05:00.000Z,Hurricane,Avoyelles,1062
LA,2020-10-07T21:05:00.000Z,Hurricane,Beauregard,1066
LA,2020-10-07T21:05:00.000Z,Hurricane,Allen,1051
LA,2020-10-07T21:05:00.000Z,Hurricane,Assumption,1060
LA,2020-10-07T21:05:00.000Z,Hurricane,Bossier,1076
LA,2020-10-07T21:05:00.000Z,Hurricane,Ascension,1055
LA,2020-10-07T21:05:00.000Z,Hurricane,Caddo,1079
LA,2020-10-07T21:05:00.000Z,Hurricane,Bienville,1069
LA,2020-10-07T21:05:00.000Z,Hurricane,Calcasieu,1081
LA,2020-10-07T21:05:00.000Z,Hurricane,Caldwell,1084
LA,2020-10-07T21:05:00.000Z,Hurricane,Cameron,1089
LA,2020-10-07T21:05:00.000Z,Hurricane,Catahoula,1093
LA,2020-10-07T21:05:00.000Z,Hurricane,Claiborne,1095
LA,2020-10-07T21:05:00.000Z,Hurricane,Concordia,1098
LA,2020-10-07T21:05:00.000Z,Hurricane,De Soto,1103
LA,2020-10-07T21:05:00.000Z,Hurricane,East Baton Rouge,1108
LA,2020-10-07T21:05:00.000Z,Hurricane,East Carroll,1111
LA,2020-10-07T21:05:00.000Z,Hurricane,East Feliciana,1115
LA,2020-10-07T21:05:00.000Z,Hurricane,Franklin,1123
LA,2020-10-07T21:05:00.000Z,Hurricane,Grant,1127
LA,2020-10-07T21:05:00.000Z,Hurricane,Iberia,1133
LA,2020-10-07T21:05:00.000Z,Hurricane,Iberville,1134
LA,2020-10-07T21:05:00.000Z,Hurricane,Evangeline,1118
LA,2020-10-07T21:05:00.000Z,Hurricane,Jackson,1138
LA,2020-10-07T21:05:00.000Z,Hurricane,Jefferson,1147
LA,2020-10-07T21:05:00.000Z,Hurricane,Lafayette,1161
LA,2020-10-07T21:05:00.000Z,Hurricane,La Salle,1289
LA,2020-10-07T21:05:00.000Z,Hurricane,Lincoln,1291
LA,2020-10-07T21:05:00.000Z,Hurricane,Livingston,1295
LA,2020-10-07T21:05:00.000Z,Hurricane,Lafourche,1280
LA,2020-10-07T21:05:00.000Z,Hurricane,Jefferson Davis,1155
LA,2020-10-07T21:05:00.000Z,Hurricane,Madison,1297
LA,2020-10-07T21:05:00.000Z,Hurricane,Morehouse,1299
LA,2020-10-07T21:05:00.000Z,Hurricane,Natchitoches,1301
LA,2020-10-07T21:05:00.000Z,Hurricane,Orleans,1304
LA,2020-10-07T21:05:00.000Z,Hurricane,Ouachita,1306
LA,2020-10-07T21:05:00.000Z,Hurricane,Plaquemines,1427
LA,2020-10-07T21:05:00.000Z,Hurricane,Pointe Coupee,1431
LA,2020-10-07T21:05:00.000Z,Hurricane,Rapides,1434
LA,2020-10-07T21:05:00.000Z,Hurricane,Red River,1436
LA,2020-10-07T21:05:00.000Z,Hurricane,Richland,1439
LA,2020-10-07T21:05:00.000Z,Hurricane,Sabine,1441
LA,2020-10-07T21:05:00.000Z,Hurricane,St. Bernard,1463
LA,2020-10-07T21:05:00.000Z,Hurricane,St. Helena,1467
LA,2020-10-07T21:05:00.000Z,Hurricane,St. James,1468
LA,2020-10-07T21:05:00.000Z,Hurricane,St. John the Baptist,1469
LA,2020-10-07T21:05:00.000Z,Hurricane,St. Landry,1471
LA,2020-10-07T21:05:00.000Z,Hurricane,St. Charles,1466
LA,2020-10-07T21:05:00.000Z,Hurricane,St. Mary,1474
LA,2020-10-07T21:05:00.000Z,Hurricane,St. Tammany,1475
LA,2020-10-07T21:05:00.000Z,Hurricane,St. Martin,1473
LA,2020-10-07T21:05:00.000Z,Hurricane,Tangipahoa,1476
LA,2020-10-07T21:05:00.000Z,Hurricane,Tensas,1479
LA,2020-10-07T21:05:00.000Z,Hurricane,Terrebonne,1501
LA,2020-10-07T21:05:00.000Z,Hurricane,Union,1507
LA,2020-10-07T21:05:00.000Z,Hurricane,Vermilion,1510
LA,2020-10-07T21:05:00.000Z,Hurricane,Vernon,1513
LA,2020-10-07T21:05:00.000Z,Hurricane,Washington,1516
LA,2020-10-07T21:05:00.000Z,Hurricane,Webster,1518
LA,2020-10-07T21:05:00.000Z,Hurricane,West Baton Rouge,1520
LA,2020-10-07T21:05:00.000Z,Hurricane,West Feliciana,1524
LA,2020-10-07T21:05:00.000Z,Hurricane,Winn,1529
MS,2020-10-08T13:30:00.000Z,Hurricane,Adams,1534
LA,2020-10-07T21:05:00.000Z,Hurricane,West Carroll,1522
MS,2020-10-08T13:30:00.000Z,Hurricane,Amite,1539
MS,2020-10-08T13:30:00.000Z,Hurricane,Claiborne,1555
MS,2020-10-08T13:30:00.000Z,Hurricane,Copiah,1564
MS,2020-10-08T13:30:00.000Z,Hurricane,Forrest,1572
MS,2020-10-08T13:30:00.000Z,Hurricane,George,1577
MS,2020-10-08T13:30:00.000Z,Hurricane,Hancock,1583
MS,2020-10-08T13:30:00.000Z,Hurricane,Harrison,1587
MS,2020-10-08T13:30:00.000Z,Hurricane,Hinds,1591
MS,2020-10-08T13:30:00.000Z,Hurricane,Franklin,1575
MS,2020-10-08T13:30:00.000Z,Hurricane,Issaquena,1598
MS,2020-10-08T13:30:00.000Z,Hurricane,Jackson,1605
MS,2020-10-08T13:30:00.000Z,Hurricane,Jefferson,1610
MS,2020-10-08T13:30:00.000Z,Hurricane,Jefferson Davis,1612
MS,2020-10-08T13:30:00.000Z,Hurricane,Humphreys,1596
MS,2020-10-08T13:30:00.000Z,Hurricane,Lincoln,1645
MS,2020-10-08T13:30:00.000Z,Hurricane,Madison,1651
MS,2020-10-08T13:30:00.000Z,Hurricane,Marion,1653
MS,2020-10-08T13:30:00.000Z,Hurricane,Pearl River,1676
MS,2020-10-08T13:30:00.000Z,Hurricane,Pike,1680
MS,2020-10-08T13:30:00.000Z,Hurricane,Lawrence,1632
MS,2020-10-08T13:30:00.000Z,Hurricane,Sharkey,1695
MS,2020-10-08T13:30:00.000Z,Hurricane,Simpson,1698
MS,2020-10-08T13:30:00.000Z,Hurricane,Stone,1712
MS,2020-10-08T13:30:00.000Z,Hurricane,Walthall,1740
MS,2020-10-08T13:30:00.000Z,Hurricane,Warren,1746
MS,2020-10-08T13:30:00.000Z,Hurricane,Rankin,1690
MS,2020-10-08T13:30:00.000Z,Hurricane,Yazoo,1760
LA,2020-10-27T20:54:00.000Z,Hurricane,Acadia,1046
LA,2020-10-27T20:54:00.000Z,Hurricane,Allen,1051
LA,2020-10-27T20:54:00.000Z,Hurricane,Ascension,1055
MS,2020-10-08T13:30:00.000Z,Hurricane,Wilkinson,1757
LA,2020-10-27T20:54:00.000Z,Hurricane,Avoyelles,1062
LA,2020-10-27T20:54:00.000Z,Hurricane,Beauregard,1066
LA,2020-10-27T20:54:00.000Z,Hurricane,Bienville,1069
LA,2020-10-27T20:54:00.000Z,Hurricane,Bossier,1076
LA,2020-10-27T20:54:00.000Z,Hurricane,Caddo,1079
LA,2020-10-27T20:54:00.000Z,Hurricane,Assumption,1060
LA,2020-10-27T20:54:00.000Z,Hurricane,Calcasieu,1081
LA,2020-10-27T20:54:00.000Z,Hurricane,Caldwell,1084
LA,2020-10-27T20:54:00.000Z,Hurricane,Cameron,1089
LA,2020-10-27T20:54:00.000Z,Hurricane,Catahoula,1093
LA,2020-10-27T20:54:00.000Z,Hurricane,Concordia,1098
LA,2020-10-27T20:54:00.000Z,Hurricane,De Soto,1103
LA,2020-10-27T20:54:00.000Z,Hurricane,East Baton Rouge,1108
LA,2020-10-27T20:54:00.000Z,Hurricane,Claiborne,1095
LA,2020-10-27T20:54:00.000Z,Hurricane,East Carroll,1111
LA,2020-10-27T20:54:00.000Z,Hurricane,East Feliciana,1115
LA,2020-10-27T20:54:00.000Z,Hurricane,Evangeline,1118
LA,2020-10-27T20:54:00.000Z,Hurricane,Franklin,1123
LA,2020-10-27T20:54:00.000Z,Hurricane,Grant,1127
LA,2020-10-27T20:54:00.000Z,Hurricane,Iberia,1133
LA,2020-10-27T20:54:00.000Z,Hurricane,Iberville,1134
LA,2020-10-27T20:54:00.000Z,Hurricane,Jackson,1138
LA,2020-10-27T20:54:00.000Z,Hurricane,Jefferson,1147
LA,2020-10-27T20:54:00.000Z,Hurricane,Jefferson Davis,1155
LA,2020-10-27T20:54:00.000Z,Hurricane,Lafayette,1161
LA,2020-10-27T20:54:00.000Z,Hurricane,Lafourche,1280
LA,2020-10-27T20:54:00.000Z,Hurricane,La Salle,1289
LA,2020-10-27T20:54:00.000Z,Hurricane,Lincoln,1291
LA,2020-10-27T20:54:00.000Z,Hurricane,Madison,1297
LA,2020-10-27T20:54:00.000Z,Hurricane,Morehouse,1299
LA,2020-10-27T20:54:00.000Z,Hurricane,Natchitoches,1301
LA,2020-10-27T20:54:00.000Z,Hurricane,Orleans,1304
LA,2020-10-27T20:54:00.000Z,Hurricane,Ouachita,1306
LA,2020-10-27T20:54:00.000Z,Hurricane,Plaquemines,1427
LA,2020-10-27T20:54:00.000Z,Hurricane,Livingston,1295
LA,2020-10-27T20:54:00.000Z,Hurricane,Pointe Coupee,1431
LA,2020-10-27T20:54:00.000Z,Hurricane,Rapides,1434
LA,2020-10-27T20:54:00.000Z,Hurricane,Red River,1436
LA,2020-10-27T20:54:00.000Z,Hurricane,Richland,1439
LA,2020-10-27T20:54:00.000Z,Hurricane,Sabine,1441
LA,2020-10-27T20:54:00.000Z,Hurricane,St. Bernard,1463
LA,2020-10-27T20:54:00.000Z,Hurricane,St. Charles,1466
LA,2020-10-27T20:54:00.000Z,Hurricane,St. Helena,1467
LA,2020-10-27T20:54:00.000Z,Hurricane,St. James,1468
LA,2020-10-27T20:54:00.000Z,Hurricane,St. John the Baptist,1469
LA,2020-10-27T20:54:00.000Z,Hurricane,St. Landry,1471
LA,2020-10-27T20:54:00.000Z,Hurricane,Terrebonne,1501
LA,2020-10-27T20:54:00.000Z,Hurricane,Tangipahoa,1476
LA,2020-10-27T20:54:00.000Z,Hurricane,St. Martin,1473
LA,2020-10-27T20:54:00.000Z,Hurricane,Tensas,1479
LA,2020-10-27T20:54:00.000Z,Hurricane,St. Tammany,1475
LA,2020-10-27T20:54:00.000Z,Hurricane,Union,1507
LA,2020-10-27T20:54:00.000Z,Hurricane,Vermilion,1510
LA,2020-10-27T20:54:00.000Z,Hurricane,St. Mary,1474
LA,2020-10-27T20:54:00.000Z,Hurricane,Vernon,1513
LA,2020-10-27T20:54:00.000Z,Hurricane,Washington,1516
LA,2020-10-27T20:54:00.000Z,Hurricane,Webster,1518
LA,2020-10-27T20:54:00.000Z,Hurricane,West Carroll,1522
LA,2020-10-27T20:54:00.000Z,Hurricane,West Feliciana,1524
LA,2020-10-27T20:54:00.000Z,Hurricane,Winn,1529
LA,2020-10-27T20:54:00.000Z,Hurricane,West Baton Rouge,1520
MS,2020-10-28T21:45:00.000Z,Hurricane,Clarke,1557
MS,2020-10-28T21:45:00.000Z,Hurricane,Forrest,1572
MS,2020-10-28T21:45:00.000Z,Hurricane,George,1577
MS,2020-10-28T21:45:00.000Z,Hurricane,Greene,1579
MS,2020-10-28T21:45:00.000Z,Hurricane,Harrison,1587
MS,2020-10-28T21:45:00.000Z,Hurricane,Hancock,1583
MS,2020-10-28T21:45:00.000Z,Hurricane,Jackson,1605
MS,2020-10-28T21:45:00.000Z,Hurricane,Jones,1615
MS,2020-10-28T21:45:00.000Z,Hurricane,Pearl River,1676
MS,2020-10-28T21:45:00.000Z,Hurricane,Wayne,1753
MS,2020-10-28T21:45:00.000Z,Hurricane,Stone,1712
FL,2020-11-11T18:00:00.000Z,Hurricane,Alachua,639
FL,2020-11-11T18:00:00.000Z,Hurricane,Citrus,843
MS,2020-10-28T21:45:00.000Z,Hurricane,Lamar,1623
MS,2020-10-28T21:45:00.000Z,Hurricane,Perry,1679
FL,2020-11-11T18:00:00.000Z,Hurricane,Dixie,918
FL,2020-11-11T18:00:00.000Z,Hurricane,Gilchrist,939
FL,2020-11-11T18:00:00.000Z,Hurricane,Hernando,945
FL,2020-11-11T18:00:00.000Z,Hurricane,Hillsborough,947
FL,2020-11-11T18:00:00.000Z,Hurricane,Levy,956
FL,2020-11-11T18:00:00.000Z,Hurricane,Manatee,959
FL,2020-11-11T18:00:00.000Z,Hurricane,Marion,960
FL,2020-11-11T18:00:00.000Z,Hurricane,Pasco,970
FL,2020-11-11T18:00:00.000Z,Hurricane,Pinellas,971
FL,2020-11-11T18:00:00.000Z,Hurricane,Sarasota,977
FL,2020-11-11T18:00:00.000Z,Hurricane,Sumter,979
LA,2020-08-28T21:12:00.000Z,Hurricane,Ascension,1055
LA,2020-08-28T21:12:00.000Z,Hurricane,Bienville,1069
LA,2020-08-28T21:12:00.000Z,Hurricane,Avoyelles,1062
LA,2020-08-28T21:12:00.000Z,Hurricane,Assumption,1060
LA,2020-08-28T21:12:00.000Z,Hurricane,Bossier,1076
LA,2020-08-28T21:12:00.000Z,Hurricane,Catahoula,1093
LA,2020-08-28T21:12:00.000Z,Hurricane,Claiborne,1095
LA,2020-08-28T21:12:00.000Z,Hurricane,Concordia,1098
LA,2020-08-28T21:12:00.000Z,Hurricane,De Soto,1103
LA,2020-08-28T21:12:00.000Z,Hurricane,Caldwell,1084
LA,2020-08-28T21:12:00.000Z,Hurricane,East Baton Rouge,1108
LA,2020-08-28T21:12:00.000Z,Hurricane,East Carroll,1111
LA,2020-08-28T21:12:00.000Z,Hurricane,East Feliciana,1115
LA,2020-08-28T21:12:00.000Z,Hurricane,Franklin,1123
LA,2020-08-28T21:12:00.000Z,Hurricane,Iberia,1133
LA,2020-08-28T21:12:00.000Z,Hurricane,Jefferson,1147
LA,2020-08-28T21:12:00.000Z,Hurricane,Lafourche,1280
LA,2020-08-28T21:12:00.000Z,Hurricane,Iberville,1134
LA,2020-08-28T21:12:00.000Z,Hurricane,Evangeline,1118
LA,2020-08-28T21:12:00.000Z,Hurricane,Orleans,1304
LA,2020-08-28T21:12:00.000Z,Hurricane,Livingston,1295
LA,2020-08-28T21:12:00.000Z,Hurricane,Madison,1297
LA,2020-08-28T21:12:00.000Z,Hurricane,Lafayette,1161
LA,2020-08-28T21:12:00.000Z,Hurricane,Plaquemines,1427
LA,2020-08-28T21:12:00.000Z,Hurricane,Richland,1439
LA,2020-08-28T21:12:00.000Z,Hurricane,St. Helena,1467
LA,2020-08-28T21:12:00.000Z,Hurricane,St. James,1468
LA,2020-08-28T21:12:00.000Z,Hurricane,St. Martin,1473
LA,2020-08-28T21:12:00.000Z,Hurricane,Red River,1436
LA,2020-08-28T21:12:00.000Z,Hurricane,St. Tammany,1475
LA,2020-08-28T21:12:00.000Z,Hurricane,Pointe Coupee,1431
LA,2020-08-28T21:12:00.000Z,Hurricane,Tensas,1479
LA,2020-08-28T21:12:00.000Z,Hurricane,St. John the Baptist,1469
LA,2020-08-28T21:12:00.000Z,Hurricane,St. Mary,1474
LA,2020-08-28T21:12:00.000Z,Hurricane,Tangipahoa,1476
LA,2020-08-28T21:12:00.000Z,Hurricane,Washington,1516
LA,2020-08-28T21:12:00.000Z,Hurricane,St. Bernard,1463
LA,2020-08-28T21:12:00.000Z,Hurricane,West Baton Rouge,1520
LA,2020-08-28T21:12:00.000Z,Hurricane,Acadia,1046
LA,2020-08-28T21:12:00.000Z,Hurricane,Terrebonne,1501
LA,2020-08-28T21:12:00.000Z,Hurricane,St. Charles,1466
LA,2020-08-28T21:12:00.000Z,Hurricane,Webster,1518
LA,2020-08-28T21:12:00.000Z,Hurricane,Allen,1051
LA,2020-08-28T21:12:00.000Z,Hurricane,West Carroll,1522
LA,2020-08-28T21:12:00.000Z,Hurricane,West Feliciana,1524
LA,2020-08-28T21:12:00.000Z,Hurricane,Grant,1127
LA,2020-08-28T21:12:00.000Z,Hurricane,Jackson,1138
LA,2020-08-28T21:12:00.000Z,Hurricane,Lincoln,1291
LA,2020-08-28T21:12:00.000Z,Hurricane,Beauregard,1066
LA,2020-08-28T21:12:00.000Z,Hurricane,Caddo,1079
LA,2020-08-28T21:12:00.000Z,Hurricane,Cameron,1089
LA,2020-08-28T21:12:00.000Z,Hurricane,La Salle,1289
LA,2020-08-28T21:12:00.000Z,Hurricane,Morehouse,1299
LA,2020-08-28T21:12:00.000Z,Hurricane,Natchitoches,1301
LA,2020-08-28T21:12:00.000Z,Hurricane,Calcasieu,1081
LA,2020-08-28T21:12:00.000Z,Hurricane,Jefferson Davis,1155
LA,2020-08-28T21:12:00.000Z,Hurricane,Union,1507
LA,2020-08-28T21:12:00.000Z,Hurricane,Sabine,1441
LA,2020-08-28T21:12:00.000Z,Hurricane,Vermilion,1510
LA,2020-08-28T21:12:00.000Z,Hurricane,St. Landry,1471
LA,2020-08-28T21:12:00.000Z,Hurricane,Rapides,1434
PR,2020-09-09T16:20:00.000Z,Hurricane,Aguada,3062
LA,2020-08-28T21:12:00.000Z,Hurricane,Ouachita,1306
LA,2020-08-28T21:12:00.000Z,Hurricane,Winn,1529
LA,2020-08-28T21:12:00.000Z,Hurricane,Vernon,1513
PR,2020-09-09T16:20:00.000Z,Hurricane,Mayaguez,3159
PR,2020-09-09T16:20:00.000Z,Hurricane,Rincon,3182
PR,2020-09-09T16:20:00.000Z,Hurricane,Hormigueros,3128
AL,2020-09-20T12:40:00.000Z,Hurricane,Butler,39
AL,2020-09-20T12:40:00.000Z,Hurricane,Coffee,70
AL,2020-09-20T12:40:00.000Z,Hurricane,Clarke,61
AL,2020-09-20T12:40:00.000Z,Hurricane,Escambia,122
AL,2020-09-20T12:40:00.000Z,Hurricane,Barbour,25
AL,2020-09-20T12:40:00.000Z,Hurricane,Pike,279
AL,2020-09-20T12:40:00.000Z,Hurricane,Conecuh,80
AL,2020-09-20T12:40:00.000Z,Hurricane,Monroe,250
AL,2020-09-20T12:40:00.000Z,Hurricane,Covington,88
AL,2020-09-20T12:40:00.000Z,Hurricane,Crenshaw,90
AL,2020-09-20T12:40:00.000Z,Hurricane,Houston,160
AL,2020-09-20T12:40:00.000Z,Hurricane,Geneva,140
AL,2020-09-20T12:40:00.000Z,Hurricane,Baldwin,20
FL,2020-09-23T21:40:00.000Z,Hurricane,Calhoun,699
FL,2020-09-23T21:40:00.000Z,Hurricane,Franklin,937
AL,2020-09-20T12:40:00.000Z,Hurricane,Mobile,240
FL,2020-09-23T21:40:00.000Z,Hurricane,Jackson,950
FL,2020-09-23T21:40:00.000Z,Hurricane,Bay,658
FL,2020-09-23T21:40:00.000Z,Hurricane,Escambia,931
FL,2020-09-23T21:40:00.000Z,Hurricane,Liberty,957
FL,2020-09-23T21:40:00.000Z,Hurricane,Washington,986
FL,2020-09-23T21:40:00.000Z,Hurricane,Gulf,941
FL,2020-09-23T21:40:00.000Z,Hurricane,Santa Rosa,976
FL,2020-09-23T21:40:00.000Z,Hurricane,Jefferson,951
FL,2020-09-23T21:40:00.000Z,Hurricane,Gadsden,938
FL,2020-09-23T21:40:00.000Z,Hurricane,Holmes,948
FL,2020-09-23T21:40:00.000Z,Hurricane,Walton,985
FL,2020-09-23T21:40:00.000Z,Hurricane,Okaloosa,965
DE,2020-10-02T11:00:00.000Z,Hurricane,Kent,532
DE,2020-10-02T11:00:00.000Z,Hurricane,New Castle,536
NY,2020-10-02T17:20:00.000Z,Hurricane,Nassau,1839
NY,2020-10-02T17:20:00.000Z,Hurricane,Putnam,1870
NY,2020-10-02T17:20:00.000Z,Hurricane,Rockland,1879
NY,2020-10-02T17:20:00.000Z,Hurricane,Suffolk,1924
NY,2020-10-02T17:20:00.000Z,Hurricane,Westchester,1960
NC,2020-10-14T10:25:00.000Z,Hurricane,Beaufort,1981
NC,2020-10-14T10:25:00.000Z,Hurricane,Bertie,1983
NY,2020-10-02T17:20:00.000Z,Hurricane,Queens,1872
NY,2020-10-02T17:20:00.000Z,Hurricane,Richmond,1876
NC,2020-10-14T10:25:00.000Z,Hurricane,Chowan,1455
NC,2020-10-14T10:25:00.000Z,Hurricane,Hyde,1521
NC,2020-10-14T10:25:00.000Z,Hurricane,Jones,1536
NC,2020-10-14T10:25:00.000Z,Hurricane,Carteret,1447
NC,2020-10-14T10:25:00.000Z,Hurricane,Craven,1462
NC,2020-10-14T10:25:00.000Z,Hurricane,Brunswick,1995
NC,2020-10-14T10:25:00.000Z,Hurricane,Pamlico,1703
NC,2020-10-14T10:25:00.000Z,Hurricane,Pender,1718
NC,2020-10-14T10:25:00.000Z,Hurricane,Onslow,1625
NC,2020-10-14T10:25:00.000Z,Hurricane,Columbus,1459
NC,2020-10-14T10:25:00.000Z,Hurricane,Hertford,1515
NC,2020-10-14T10:25:00.000Z,Hurricane,Pitt,1733
NC,2020-10-14T10:25:00.000Z,Hurricane,New Hanover,1602
LA,2020-10-16T20:49:00.000Z,Hurricane,Bienville,1069
NC,2020-10-14T10:25:00.000Z,Hurricane,Lenoir,1542
LA,2020-10-16T20:49:00.000Z,Hurricane,Caldwell,1084
LA,2020-10-16T20:49:00.000Z,Hurricane,Caddo,1079
LA,2020-10-16T20:49:00.000Z,Hurricane,Ascension,1055
LA,2020-10-16T20:49:00.000Z,Hurricane,Assumption,1060
LA,2020-10-16T20:49:00.000Z,Hurricane,Bossier,1076
LA,2020-10-16T20:49:00.000Z,Hurricane,Concordia,1098
LA,2020-10-16T20:49:00.000Z,Hurricane,De Soto,1103
LA,2020-10-16T20:49:00.000Z,Hurricane,East Baton Rouge,1108
LA,2020-10-16T20:49:00.000Z,Hurricane,Claiborne,1095
LA,2020-10-16T20:49:00.000Z,Hurricane,Catahoula,1093
LA,2020-10-16T20:49:00.000Z,Hurricane,Franklin,1123
LA,2020-10-16T20:49:00.000Z,Hurricane,Evangeline,1118
LA,2020-10-16T20:49:00.000Z,Hurricane,East Feliciana,1115
LA,2020-10-16T20:49:00.000Z,Hurricane,Grant,1127
LA,2020-10-16T20:49:00.000Z,Hurricane,East Carroll,1111
LA,2020-10-16T20:49:00.000Z,Hurricane,Avoyelles,1062
LA,2020-10-16T20:49:00.000Z,Hurricane,Jackson,1138
LA,2020-10-16T20:49:00.000Z,Hurricane,La Salle,1289
LA,2020-10-16T20:49:00.000Z,Hurricane,Jefferson,1147
LA,2020-10-16T20:49:00.000Z,Hurricane,Lincoln,1291
LA,2020-10-16T20:49:00.000Z,Hurricane,Livingston,1295
LA,2020-10-16T20:49:00.000Z,Hurricane,Iberville,1134
LA,2020-10-16T20:49:00.000Z,Hurricane,Lafourche,1280
LA,2020-10-16T20:49:00.000Z,Hurricane,Morehouse,1299
LA,2020-10-16T20:49:00.000Z,Hurricane,Orleans,1304
LA,2020-10-16T20:49:00.000Z,Hurricane,Madison,1297
LA,2020-10-16T20:49:00.000Z,Hurricane,Plaquemines,1427
LA,2020-10-16T20:49:00.000Z,Hurricane,Richland,1439
LA,2020-10-16T20:49:00.000Z,Hurricane,St. Bernard,1463
LA,2020-10-16T20:49:00.000Z,Hurricane,St. Charles,1466
LA,2020-10-16T20:49:00.000Z,Hurricane,Pointe Coupee,1431
LA,2020-10-16T20:49:00.000Z,Hurricane,Natchitoches,1301
LA,2020-10-16T20:49:00.000Z,Hurricane,St. James,1468
LA,2020-10-16T20:49:00.000Z,Hurricane,St. John the Baptist,1469
LA,2020-10-16T20:49:00.000Z,Hurricane,St. Tammany,1475
LA,2020-10-16T20:49:00.000Z,Hurricane,Ouachita,1306
LA,2020-10-16T20:49:00.000Z,Hurricane,Red River,1436
LA,2020-10-16T20:49:00.000Z,Hurricane,St. Helena,1467
LA,2020-10-16T20:49:00.000Z,Hurricane,Washington,1516
LA,2020-10-16T20:49:00.000Z,Hurricane,Webster,1518
LA,2020-10-16T20:49:00.000Z,Hurricane,Tangipahoa,1476
LA,2020-10-16T20:49:00.000Z,Hurricane,Sabine,1441
LA,2020-10-16T20:49:00.000Z,Hurricane,West Carroll,1522
LA,2020-10-16T20:49:00.000Z,Hurricane,Terrebonne,1501
LA,2020-10-16T20:49:00.000Z,Hurricane,Union,1507
LA,2020-10-16T20:49:00.000Z,Hurricane,West Feliciana,1524
LA,2020-10-16T20:49:00.000Z,Hurricane,Tensas,1479
LA,2020-10-16T20:49:00.000Z,Hurricane,Calcasieu,1081
LA,2020-10-16T20:49:00.000Z,Hurricane,Winn,1529
LA,2020-10-16T20:49:00.000Z,Hurricane,Beauregard,1066
LA,2020-10-16T20:49:00.000Z,Hurricane,Allen,1051
LA,2020-10-16T20:49:00.000Z,Hurricane,West Baton Rouge,1520
LA,2020-10-16T20:49:00.000Z,Hurricane,Acadia,1046
LA,2020-10-16T20:49:00.000Z,Hurricane,Iberia,1133
LA,2020-10-16T20:49:00.000Z,Hurricane,St. Mary,1474
LA,2020-10-16T20:49:00.000Z,Hurricane,Vernon,1513
LA,2020-10-16T20:49:00.000Z,Hurricane,Cameron,1089
LA,2020-10-16T20:49:00.000Z,Hurricane,Rapides,1434
LA,2020-10-16T20:49:00.000Z,Hurricane,Vermilion,1510
LA,2020-10-16T20:49:00.000Z,Hurricane,St. Martin,1473
LA,2020-10-16T20:49:00.000Z,Hurricane,Jefferson Davis,1155
LA,2020-10-16T20:49:00.000Z,Hurricane,Lafayette,1161
TX,2020-12-09T16:25:00.000Z,Hurricane,Jasper,2271
LA,2020-10-16T20:49:00.000Z,Hurricane,St. Landry,1471
TX,2020-12-09T16:25:00.000Z,Hurricane,Galveston,2059
TX,2020-12-09T16:25:00.000Z,Hurricane,Jefferson,2285
TX,2020-12-09T16:25:00.000Z,Hurricane,Newton,2711
TX,2020-12-09T16:25:00.000Z,Hurricane,Orange,2214
AL,2020-12-10T17:05:00.000Z,Hurricane,Butler,39
AL,2020-12-10T17:05:00.000Z,Hurricane,Calhoun,43
AL,2020-12-10T17:05:00.000Z,Hurricane,Autauga,5
AL,2020-12-10T17:05:00.000Z,Hurricane,Choctaw,58
AL,2020-12-10T17:05:00.000Z,Hurricane,Cherokee,51
AL,2020-12-10T17:05:00.000Z,Hurricane,Chilton,56
AL,2020-12-10T17:05:00.000Z,Hurricane,Coosa,82
AL,2020-12-10T17:05:00.000Z,Hurricane,Elmore,118
AL,2020-12-10T17:05:00.000Z,Hurricane,Monroe,250
AL,2020-12-10T17:05:00.000Z,Hurricane,Dallas,110
AL,2020-12-10T17:05:00.000Z,Hurricane,Randolph,284
AL,2020-12-10T17:05:00.000Z,Hurricane,Hale,150
AL,2020-12-10T17:05:00.000Z,Hurricane,Talladega,306
AL,2020-12-10T17:05:00.000Z,Hurricane,Lowndes,205
AL,2020-12-10T17:05:00.000Z,Hurricane,Clay,65
AL,2020-12-10T17:05:00.000Z,Hurricane,Clarke,61
AL,2020-12-10T17:05:00.000Z,Hurricane,Perry,264
AL,2020-12-10T17:05:00.000Z,Hurricane,Washington,319
NJ,2020-12-11T18:40:00.000Z,Hurricane,Atlantic,1461
NJ,2020-12-11T18:40:00.000Z,Hurricane,Burlington,1470
NJ,2020-12-11T18:40:00.000Z,Hurricane,Cumberland,1482
NJ,2020-12-11T18:40:00.000Z,Hurricane,Cape May,1477
AL,2020-12-10T17:05:00.000Z,Hurricane,Wilcox,326
NJ,2020-12-11T18:40:00.000Z,Hurricane,Gloucester,1484
NJ,2020-12-11T18:40:00.000Z,Hurricane,Essex,1483
AL,2020-12-10T17:05:00.000Z,Hurricane,Marengo,220
AL,2020-12-10T17:05:00.000Z,Hurricane,Mobile,240
NJ,2020-12-11T18:40:00.000Z,Hurricane,Monmouth,1504
NJ,2020-12-11T18:40:00.000Z,Hurricane,Bergen,1465
NJ,2020-12-11T18:40:00.000Z,Hurricane,Salem,1553
NJ,2020-12-11T18:40:00.000Z,Hurricane,Sussex,1561
NJ,2020-12-11T18:40:00.000Z,Hurricane,Morris,1511
MS,2020-12-31T21:35:00.000Z,Hurricane,Perry,1679
MS,2020-12-31T21:35:00.000Z,Hurricane,Greene,1579
MS,2020-12-31T21:35:00.000Z,Hurricane,Wayne,1753
MS,2020-12-31T21:35:00.000Z,Hurricane,Hancock,1583
MS,2020-12-31T21:35:00.000Z,Hurricane,Harrison,1587
MS,2020-12-31T21:35:00.000Z,Hurricane,Jackson,1605
MS,2020-12-31T21:35:00.000Z,Hurricane,Stone,1712
LA,2021-01-12T12:58:00.000Z,Hurricane,Acadia,1046
LA,2021-01-12T12:58:00.000Z,Hurricane,Allen,1051
LA,2021-01-12T12:58:00.000Z,Hurricane,Ascension,1055
LA,2021-01-12T12:58:00.000Z,Hurricane,Calcasieu,1081
LA,2021-01-12T12:58:00.000Z,Hurricane,Cameron,1089
LA,2021-01-12T12:58:00.000Z,Hurricane,East Baton Rouge,1108
LA,2021-01-12T12:58:00.000Z,Hurricane,Beauregard,1066
LA,2021-01-12T12:58:00.000Z,Hurricane,Assumption,1060
MS,2020-12-31T21:35:00.000Z,Hurricane,George,1577
LA,2021-01-12T12:58:00.000Z,Hurricane,East Feliciana,1115
LA,2021-01-12T12:58:00.000Z,Hurricane,Iberia,1133
LA,2021-01-12T12:58:00.000Z,Hurricane,Evangeline,1118
LA,2021-01-12T12:58:00.000Z,Hurricane,Livingston,1295
LA,2021-01-12T12:58:00.000Z,Hurricane,Iberville,1134
LA,2021-01-12T12:58:00.000Z,Hurricane,Jefferson Davis,1155
LA,2021-01-12T12:58:00.000Z,Hurricane,Pointe Coupee,1431
LA,2021-01-12T12:58:00.000Z,Hurricane,Lafayette,1161
LA,2021-01-12T12:58:00.000Z,Hurricane,St. James,1468
LA,2021-01-12T12:58:00.000Z,Hurricane,St. Charles,1466
LA,2021-01-12T12:58:00.000Z,Hurricane,St. Mary,1474
LA,2021-01-12T12:58:00.000Z,Hurricane,St. Tammany,1475
LA,2021-01-12T12:58:00.000Z,Hurricane,St. Helena,1467
LA,2021-01-12T12:58:00.000Z,Hurricane,St. Landry,1471
LA,2021-01-12T12:58:00.000Z,Hurricane,St. Martin,1473
LA,2021-01-12T12:58:00.000Z,Hurricane,Tangipahoa,1476
LA,2021-01-12T12:58:00.000Z,Hurricane,St. John the Baptist,1469
LA,2021-01-12T12:58:00.000Z,Hurricane,West Feliciana,1524
LA,2021-01-12T12:58:00.000Z,Hurricane,Jefferson,1147
LA,2021-01-12T12:58:00.000Z,Hurricane,Lafourche,1280
LA,2021-01-12T12:58:00.000Z,Hurricane,Plaquemines,1427
LA,2021-01-12T12:58:00.000Z,Hurricane,Vermilion,1510
LA,2021-01-12T12:58:00.000Z,Hurricane,Washington,1516
LA,2021-01-12T12:58:00.000Z,Hurricane,Orleans,1304
LA,2021-01-12T12:58:00.000Z,Hurricane,West Baton Rouge,1520
LA,2021-01-12T12:58:00.000Z,Hurricane,St. Bernard,1463
LA,2021-01-12T12:58:00.000Z,Hurricane,Terrebonne,1501
GA,2021-01-12T13:15:00.000Z,Hurricane,Banks,992
GA,2021-01-12T13:15:00.000Z,Hurricane,Fannin,755
GA,2021-01-12T13:15:00.000Z,Hurricane,Dawson,713
GA,2021-01-12T13:15:00.000Z,Hurricane,Forsyth,768
GA,2021-01-12T13:15:00.000Z,Hurricane,Cherokee,662
GA,2021-01-12T13:15:00.000Z,Hurricane,Carroll,620
GA,2021-01-12T13:15:00.000Z,Hurricane,Douglas,731
GA,2021-01-12T13:15:00.000Z,Hurricane,Hall,808
GA,2021-01-12T13:15:00.000Z,Hurricane,Habersham,806
GA,2021-01-12T13:15:00.000Z,Hurricane,Heard,817
GA,2021-01-12T13:15:00.000Z,Hurricane,Haralson,813
GA,2021-01-12T13:15:00.000Z,Hurricane,Stephens,45
GA,2021-01-12T13:15:00.000Z,Hurricane,Paulding,908
GA,2021-01-12T13:15:00.000Z,Hurricane,Towns,95
GA,2021-01-12T13:15:00.000Z,Hurricane,Gilmer,781
GA,2021-01-12T13:15:00.000Z,Hurricane,Rabun,18
GA,2021-01-12T13:15:00.000Z,Hurricane,Union,120
GA,2021-01-12T13:15:00.000Z,Hurricane,Lumpkin,865
GA,2021-01-12T13:15:00.000Z,Hurricane,White,157
GA,2021-01-12T13:15:00.000Z,Hurricane,Pickens,912
GA,2021-01-12T13:15:00.000Z,Hurricane,Franklin,772
CT,2021-01-12T20:36:00.000Z,Hurricane,Tolland,524
CT,2021-01-12T20:36:00.000Z,Hurricane,Windham,529
MD,2021-02-04T18:08:00.000Z,Hurricane,Calvert,1946
MD,2021-02-04T18:08:00.000Z,Hurricane,St. Mary's,1421
MD,2021-02-04T18:08:00.000Z,Hurricane,Dorchester,1346
