NJ,2010-02-05T12:20:00.000Z,Snow,Atlantic,1461
NJ,2010-02-05T12:20:00.000Z,Snow,Burlington,1470
NJ,2010-02-05T12:20:00.000Z,Snow,Camden,1472
NJ,2010-02-05T12:20:00.000Z,Snow,Cumberland,1482
NJ,2010-02-05T12:20:00.000Z,Snow,Ocean,1546
NJ,2010-02-05T12:20:00.000Z,Snow,Salem,1553
VA,2010-02-16T13:30:00.000Z,Snow,Albemarle,2728
NJ,2010-02-05T12:20:00.000Z,Snow,Gloucester,1484
VA,2010-02-16T13:30:00.000Z,Snow,Alleghany,2733
VA,2010-02-16T13:30:00.000Z,Snow,Arlington,2753
VA,2010-02-16T13:30:00.000Z,Snow,Augusta,2758
VA,2010-02-16T13:30:00.000Z,Snow,Bath,2763
VA,2010-02-16T13:30:00.000Z,Snow,Amherst,2746
VA,2010-02-16T13:30:00.000Z,Snow,Botetourt,2776
VA,2010-02-16T13:30:00.000Z,Snow,Buchanan,2784
VA,2010-02-16T13:30:00.000Z,Snow,Caroline,2793
VA,2010-02-16T13:30:00.000Z,Snow,Bedford City,2713
VA,2010-02-16T13:30:00.000Z,Snow,Craig,2820
VA,2010-02-16T13:30:00.000Z,Snow,Culpeper,2824
VA,2010-02-16T13:30:00.000Z,Snow,Dickenson,2832
VA,2010-02-16T13:30:00.000Z,Snow,Fairfax City,2737
VA,2010-02-16T13:30:00.000Z,Snow,Grayson,2896
VA,2010-02-16T13:30:00.000Z,Snow,Greene,2899
VA,2010-02-16T13:30:00.000Z,Snow,Hanover,2909
VA,2010-02-16T13:30:00.000Z,Snow,Highland,2920
VA,2010-02-16T13:30:00.000Z,Snow,King George,2938
VA,2010-02-16T13:30:00.000Z,Snow,Lee,2950
VA,2010-02-16T13:30:00.000Z,Snow,Louisa,2953
VA,2010-02-16T13:30:00.000Z,Snow,Madison,2955
VA,2010-02-16T13:30:00.000Z,Snow,Montgomery,2966
VA,2010-02-16T13:30:00.000Z,Snow,Nelson,2968
VA,2010-02-16T13:30:00.000Z,Snow,Orange,2985
VA,2010-02-16T13:30:00.000Z,Snow,Page,2986
VA,2010-02-16T13:30:00.000Z,Snow,Prince William,2992
VA,2010-02-16T13:30:00.000Z,Snow,Roanoke City,2805
VA,2010-02-16T13:30:00.000Z,Snow,Rockbridge,2997
VA,2010-02-16T13:30:00.000Z,Snow,Russell,2999
VA,2010-02-16T13:30:00.000Z,Snow,Scott,2585
VA,2010-02-16T13:30:00.000Z,Snow,Spotsylvania,2619
VA,2010-02-16T13:30:00.000Z,Snow,Stafford,2629
VA,2010-02-16T13:30:00.000Z,Snow,Tazewell,2656
VA,2010-02-16T13:30:00.000Z,Snow,Wise,2695
VA,2010-02-16T13:30:00.000Z,Snow,Alexandria,2712
VA,2010-02-16T13:30:00.000Z,Snow,Buena Vista,2720
VA,2010-02-16T13:30:00.000Z,Snow,Charlottesville,2722
VA,2010-02-16T13:30:00.000Z,Snow,Covington,2729
VA,2010-02-16T13:30:00.000Z,Snow,Fairfax City,2737
VA,2010-02-16T13:30:00.000Z,Snow,Falls Church,2740
VA,2010-02-16T13:30:00.000Z,Snow,Fredericksburg,2745
VA,2010-02-16T13:30:00.000Z,Snow,Galax,2747
VA,2010-02-16T13:30:00.000Z,Snow,Manassas,2765
VA,2010-02-16T13:30:00.000Z,Snow,Manassas Park,2768
VA,2010-02-16T13:30:00.000Z,Snow,Norton,2780
VA,2010-02-16T13:30:00.000Z,Snow,Radford,2799
VA,2010-02-16T13:30:00.000Z,Snow,Roanoke City,2805
VA,2010-02-16T13:30:00.000Z,Snow,Staunton,2812
VA,2010-02-16T13:30:00.000Z,Snow,Waynesboro,2831
MD,2010-02-19T19:44:00.000Z,Snow,Anne Arundel,1925
MD,2010-02-19T19:44:00.000Z,Snow,Baltimore City,1460
MD,2010-02-19T19:44:00.000Z,Snow,Caroline,1949
MD,2010-02-19T19:44:00.000Z,Snow,Cecil,1963
MD,2010-02-19T19:44:00.000Z,Snow,Charles,1294
MD,2010-02-19T19:44:00.000Z,Snow,Harford,1372
MD,2010-02-19T19:44:00.000Z,Snow,Howard,1379
MD,2010-02-19T19:44:00.000Z,Snow,Kent,1394
MD,2010-02-19T19:44:00.000Z,Snow,Montgomery,1398
MD,2010-02-19T19:44:00.000Z,Snow,Queen Anne's,1413
MD,2010-02-19T19:44:00.000Z,Snow,Baltimore City,1460
MD,2010-02-19T19:44:00.000Z,Snow,Talbot,1438
WV,2010-03-02T11:30:00.000Z,Snow,Boone,2977
WV,2010-03-02T11:30:00.000Z,Snow,Calhoun,2981
WV,2010-03-02T11:30:00.000Z,Snow,Clay,3000
WV,2010-03-02T11:30:00.000Z,Snow,Greenbrier,3013
WV,2010-03-02T11:30:00.000Z,Snow,Jefferson,3026
WV,2010-03-02T11:30:00.000Z,Snow,Kanawha,3027
WV,2010-03-02T11:30:00.000Z,Snow,Fayette,3006
WV,2010-03-02T11:30:00.000Z,Snow,McDowell,3037
WV,2010-03-02T11:30:00.000Z,Snow,Mercer,3044
WV,2010-03-02T11:30:00.000Z,Snow,Mingo,3048
WV,2010-03-02T11:30:00.000Z,Snow,Nicholas,3057
WV,2010-03-02T11:30:00.000Z,Snow,Pendleton,3061
WV,2010-03-02T11:30:00.000Z,Snow,Pocahontas,3066
WV,2010-03-02T11:30:00.000Z,Snow,Raleigh,3073
WV,2010-03-02T11:30:00.000Z,Snow,Randolph,3075
WV,2010-03-02T11:30:00.000Z,Snow,Ritchie,3077
WV,2010-03-02T11:30:00.000Z,Snow,Roane,3079
WV,2010-03-02T11:30:00.000Z,Snow,Wyoming,3099
DC,2010-03-03T20:00:00.000Z,Snow,District of Columbia,630
NJ,2010-03-23T15:50:00.000Z,Snow,Atlantic,1461
NJ,2010-03-23T15:50:00.000Z,Snow,Burlington,1470
NJ,2010-03-23T15:50:00.000Z,Snow,Cape May,1477
NJ,2010-03-23T15:50:00.000Z,Snow,Gloucester,1484
NJ,2010-03-23T15:50:00.000Z,Snow,Salem,1553
NJ,2010-03-23T15:50:00.000Z,Snow,Cumberland,1482
NJ,2010-03-23T15:50:00.000Z,Snow,Camden,1472
DE,2010-03-31T09:30:00.000Z,Snow,Kent,532
DE,2010-03-31T09:30:00.000Z,Snow,New Castle,536
DE,2010-03-31T09:30:00.000Z,Snow,Sussex,609
PA,2010-04-16T11:38:00.000Z,Snow,Allegheny,2302
PA,2010-04-16T11:38:00.000Z,Snow,Armstrong,2309
PA,2010-04-16T11:38:00.000Z,Snow,Beaver,2321
PA,2010-04-16T11:38:00.000Z,Snow,Bedford,2324
PA,2010-04-16T11:38:00.000Z,Snow,Blair,2328
PA,2010-04-16T11:38:00.000Z,Snow,Adams,2292
PA,2010-04-16T11:38:00.000Z,Snow,Butler,2338
PA,2010-04-16T11:38:00.000Z,Snow,Cambria,2341
PA,2010-04-16T11:38:00.000Z,Snow,Chester,2360
PA,2010-04-16T11:38:00.000Z,Snow,Dauphin,2403
PA,2010-04-16T11:38:00.000Z,Snow,Delaware,2414
PA,2010-04-16T11:38:00.000Z,Snow,Cumberland,2397
PA,2010-04-16T11:38:00.000Z,Snow,Franklin,2439
PA,2010-04-16T11:38:00.000Z,Snow,Fulton,2446
PA,2010-04-16T11:38:00.000Z,Snow,Greene,2447
PA,2010-04-16T11:38:00.000Z,Snow,Fayette,2431
PA,2010-04-16T11:38:00.000Z,Snow,Huntingdon,2454
PA,2010-04-16T11:38:00.000Z,Snow,Indiana,2459
PA,2010-04-16T11:38:00.000Z,Snow,Juniata,2466
PA,2010-04-16T11:38:00.000Z,Snow,Lebanon,2492
PA,2010-04-16T11:38:00.000Z,Snow,Montgomery,2528
PA,2010-04-16T11:38:00.000Z,Snow,Lancaster,2482
PA,2010-04-16T11:38:00.000Z,Snow,Perry,2554
PA,2010-04-16T11:38:00.000Z,Snow,Philadelphia,2563
PA,2010-04-16T11:38:00.000Z,Snow,Somerset,2589
PA,2010-04-16T11:38:00.000Z,Snow,York,2419
PA,2010-04-16T11:38:00.000Z,Snow,Westmoreland,2394
WV,2010-04-23T17:00:00.000Z,Snow,Berkeley,2976
WV,2010-04-23T17:00:00.000Z,Snow,Brooke,2979
WV,2010-04-23T17:00:00.000Z,Snow,Doddridge,3002
WV,2010-04-23T17:00:00.000Z,Snow,Grant,3011
WV,2010-04-23T17:00:00.000Z,Snow,Hampshire,3016
WV,2010-04-23T17:00:00.000Z,Snow,Hancock,3017
WV,2010-04-23T17:00:00.000Z,Snow,Hardy,3019
WV,2010-04-23T17:00:00.000Z,Snow,Jefferson,3026
WV,2010-04-23T17:00:00.000Z,Snow,Marion,3039
WV,2010-04-23T17:00:00.000Z,Snow,Mineral,3046
WV,2010-04-23T17:00:00.000Z,Snow,Morgan,3054
WV,2010-04-23T17:00:00.000Z,Snow,Monongalia,3050
WV,2010-04-23T17:00:00.000Z,Snow,Ohio,3059
WV,2010-04-23T17:00:00.000Z,Snow,Marshall,3041
WV,2010-04-23T17:00:00.000Z,Snow,Pocahontas,3066
WV,2010-04-23T17:00:00.000Z,Snow,Preston,3068
WV,2010-04-23T17:00:00.000Z,Snow,Ritchie,3077
WV,2010-04-23T17:00:00.000Z,Snow,Tucker,3084
WV,2010-04-23T17:00:00.000Z,Snow,Tyler,3085
WV,2010-04-23T17:00:00.000Z,Snow,Wetzel,3093
VA,2010-04-27T16:28:00.000Z,Snow,Albemarle,2728
VA,2010-04-27T16:28:00.000Z,Snow,Appomattox,2749
VA,2010-04-27T16:28:00.000Z,Snow,Arlington,2753
VA,2010-04-27T16:28:00.000Z,Snow,Buckingham,2785
VA,2010-04-27T16:28:00.000Z,Snow,Caroline,2793
VA,2010-04-27T16:28:00.000Z,Snow,Clarke,2819
VA,2010-04-27T16:28:00.000Z,Snow,Augusta,2758
VA,2010-04-27T16:28:00.000Z,Snow,Culpeper,2824
VA,2010-04-27T16:28:00.000Z,Snow,Essex,2842
VA,2010-04-27T16:28:00.000Z,Snow,Fairfax City,2737
VA,2010-04-27T16:28:00.000Z,Snow,Fauquier,2853
VA,2010-04-27T16:28:00.000Z,Snow,Fluvanna,2858
VA,2010-04-27T16:28:00.000Z,Snow,Frederick,2868
VA,2010-04-27T16:28:00.000Z,Snow,Craig,2820
VA,2010-04-27T16:28:00.000Z,Snow,Greene,2899
VA,2010-04-27T16:28:00.000Z,Snow,King George,2938
VA,2010-04-27T16:28:00.000Z,Snow,Louisa,2953
VA,2010-04-27T16:28:00.000Z,Snow,Madison,2955
VA,2010-04-27T16:28:00.000Z,Snow,Nelson,2968
VA,2010-04-27T16:28:00.000Z,Snow,Highland,2920
VA,2010-04-27T16:28:00.000Z,Snow,Loudoun,2952
VA,2010-04-27T16:28:00.000Z,Snow,Orange,2985
VA,2010-04-27T16:28:00.000Z,Snow,Page,2986
VA,2010-04-27T16:28:00.000Z,Snow,Prince William,2992
VA,2010-04-27T16:28:00.000Z,Snow,Rappahannock,2994
VA,2010-04-27T16:28:00.000Z,Snow,Shenandoah,2594
VA,2010-04-27T16:28:00.000Z,Snow,Spotsylvania,2619
VA,2010-04-27T16:28:00.000Z,Snow,Stafford,2629
VA,2010-04-27T16:28:00.000Z,Snow,Tazewell,2656
VA,2010-04-27T16:28:00.000Z,Snow,Warren,2662
VA,2010-04-27T16:28:00.000Z,Snow,Fairfax City,2737
VA,2010-04-27T16:28:00.000Z,Snow,Alexandria,2712
VA,2010-04-27T16:28:00.000Z,Snow,Falls Church,2740
VA,2010-04-27T16:28:00.000Z,Snow,Fredericksburg,2745
VA,2010-04-27T16:28:00.000Z,Snow,Manassas,2765
VA,2010-04-27T16:28:00.000Z,Snow,Waynesboro,2831
VA,2010-04-27T16:28:00.000Z,Snow,Winchester,2837
VA,2010-04-27T16:28:00.000Z,Snow,Manassas Park,2768
MD,2010-05-06T15:50:00.000Z,Snow,Allegany,1905
MD,2010-05-06T15:50:00.000Z,Snow,Anne Arundel,1925
MD,2010-05-06T15:50:00.000Z,Snow,Baltimore City,1460
MD,2010-05-06T15:50:00.000Z,Snow,Calvert,1946
MD,2010-05-06T15:50:00.000Z,Snow,Caroline,1949
MD,2010-05-06T15:50:00.000Z,Snow,Carroll,1955
MD,2010-05-06T15:50:00.000Z,Snow,Cecil,1963
MD,2010-05-06T15:50:00.000Z,Snow,Charles,1294
MD,2010-05-06T15:50:00.000Z,Snow,Dorchester,1346
MD,2010-05-06T15:50:00.000Z,Snow,Frederick,1357
MD,2010-05-06T15:50:00.000Z,Snow,Garrett,1361
MD,2010-05-06T15:50:00.000Z,Snow,Harford,1372
MD,2010-05-06T15:50:00.000Z,Snow,Howard,1379
MD,2010-05-06T15:50:00.000Z,Snow,Kent,1394
MD,2010-05-06T15:50:00.000Z,Snow,Montgomery,1398
MD,2010-05-06T15:50:00.000Z,Snow,Prince George's,1403
MD,2010-05-06T15:50:00.000Z,Snow,Queen Anne's,1413
MD,2010-05-06T15:50:00.000Z,Snow,St. Mary's,1421
MD,2010-05-06T15:50:00.000Z,Snow,Talbot,1438
MD,2010-05-06T15:50:00.000Z,Snow,Wicomico,1446
MD,2010-05-06T15:50:00.000Z,Snow,Baltimore City,1460
MD,2010-05-06T15:50:00.000Z,Snow,Washington,1445
NJ,2011-02-04T11:00:00.000Z,Snow,Atlantic,1461
NJ,2011-02-04T11:00:00.000Z,Snow,Bergen,1465
NJ,2011-02-04T11:00:00.000Z,Snow,Burlington,1470
NJ,2011-02-04T11:00:00.000Z,Snow,Cape May,1477
NJ,2011-02-04T11:00:00.000Z,Snow,Cumberland,1482
NJ,2011-02-04T11:00:00.000Z,Snow,Essex,1483
NJ,2011-02-04T11:00:00.000Z,Snow,Hudson,1487
NJ,2011-02-04T11:00:00.000Z,Snow,Mercer,1493
NJ,2011-02-04T11:00:00.000Z,Snow,Middlesex,1497
NJ,2011-02-04T11:00:00.000Z,Snow,Monmouth,1504
NJ,2011-02-04T11:00:00.000Z,Snow,Morris,1511
NJ,2011-02-04T11:00:00.000Z,Snow,Ocean,1546
NJ,2011-02-04T11:00:00.000Z,Snow,Passaic,1551
NJ,2011-02-04T11:00:00.000Z,Snow,Somerset,1558
NJ,2011-02-04T11:00:00.000Z,Snow,Union,1566
CT,2011-03-03T17:50:00.000Z,Snow,Tolland,524
MA,2011-03-07T14:00:00.000Z,Snow,Berkshire,1480
MA,2011-03-07T14:00:00.000Z,Snow,Hampden,1526
MA,2011-03-07T14:00:00.000Z,Snow,Hampshire,1527
MA,2011-03-07T14:00:00.000Z,Snow,Suffolk,1585
IL,2011-03-17T18:34:00.000Z,Snow,Adams,650
IL,2011-03-17T18:34:00.000Z,Snow,Bond,652
IL,2011-03-17T18:34:00.000Z,Snow,Boone,653
IL,2011-03-17T18:34:00.000Z,Snow,Bureau,2
IL,2011-03-17T18:34:00.000Z,Snow,Brown,654
IL,2011-03-17T18:34:00.000Z,Snow,Calhoun,4
IL,2011-03-17T18:34:00.000Z,Snow,Carroll,6
IL,2011-03-17T18:34:00.000Z,Snow,Cass,10
IL,2011-03-17T18:34:00.000Z,Snow,Christian,14
IL,2011-03-17T18:34:00.000Z,Snow,Clark,19
IL,2011-03-17T18:34:00.000Z,Snow,Clay,22
IL,2011-03-17T18:34:00.000Z,Snow,Coles,30
IL,2011-03-17T18:34:00.000Z,Snow,Crawford,40
IL,2011-03-17T18:34:00.000Z,Snow,Cumberland,44
IL,2011-03-17T18:34:00.000Z,Snow,DuPage,64
IL,2011-03-17T18:34:00.000Z,Snow,Edgar,66
IL,2011-03-17T18:34:00.000Z,Snow,DeKalb,49
IL,2011-03-17T18:34:00.000Z,Snow,Effingham,76
IL,2011-03-17T18:34:00.000Z,Snow,Fayette,79
IL,2011-03-17T18:34:00.000Z,Snow,Ford,81
IL,2011-03-17T18:34:00.000Z,Snow,Grundy,99
IL,2011-03-17T18:34:00.000Z,Snow,Hancock,111
IL,2011-03-17T18:34:00.000Z,Snow,Henderson,117
IL,2011-03-17T18:34:00.000Z,Snow,Fulton,89
IL,2011-03-17T18:34:00.000Z,Snow,Douglas,55
IL,2011-03-17T18:34:00.000Z,Snow,Henry,121
IL,2011-03-17T18:34:00.000Z,Snow,Cook,36
IL,2011-03-17T18:34:00.000Z,Snow,Jasper,133
IL,2011-03-17T18:34:00.000Z,Snow,Knox,166
IL,2011-03-17T18:34:00.000Z,Snow,Kane,156
IL,2011-03-17T18:34:00.000Z,Snow,Jo Daviess,145
IL,2011-03-17T18:34:00.000Z,Snow,Lake,170
IL,2011-03-17T18:34:00.000Z,Snow,Lee,180
IL,2011-03-17T18:34:00.000Z,Snow,LaSalle,175
IL,2011-03-17T18:34:00.000Z,Snow,Livingston,182
IL,2011-03-17T18:34:00.000Z,Snow,Logan,186
IL,2011-03-17T18:34:00.000Z,Snow,McDonough,189
IL,2011-03-17T18:34:00.000Z,Snow,McLean,193
IL,2011-03-17T18:34:00.000Z,Snow,Marshall,202
IL,2011-03-17T18:34:00.000Z,Snow,Menard,212
IL,2011-03-17T18:34:00.000Z,Snow,Mercer,216
IL,2011-03-17T18:34:00.000Z,Snow,Morgan,225
IL,2011-03-17T18:34:00.000Z,Snow,Marion,201
IL,2011-03-17T18:34:00.000Z,Snow,Mason,206
IL,2011-03-17T18:34:00.000Z,Snow,Moultrie,227
IL,2011-03-17T18:34:00.000Z,Snow,Ogle,229
IL,2011-03-17T18:34:00.000Z,Snow,Peoria,233
IL,2011-03-17T18:34:00.000Z,Snow,Pike,241
IL,2011-03-17T18:34:00.000Z,Snow,Rock Island,265
IL,2011-03-17T18:34:00.000Z,Snow,McHenry,192
IL,2011-03-17T18:34:00.000Z,Snow,Scott,280
IL,2011-03-17T18:34:00.000Z,Snow,Schuyler,278
IL,2011-03-17T18:34:00.000Z,Snow,Putnam,253
IL,2011-03-17T18:34:00.000Z,Snow,Sangamon,274
IL,2011-03-17T18:34:00.000Z,Snow,Shelby,283
IL,2011-03-17T18:34:00.000Z,Snow,Stark,285
IL,2011-03-17T18:34:00.000Z,Snow,Stephenson,290
IL,2011-03-17T18:34:00.000Z,Snow,Tazewell,291
IL,2011-03-17T18:34:00.000Z,Snow,Washington,305
IL,2011-03-17T18:34:00.000Z,Snow,Warren,301
IL,2011-03-17T18:34:00.000Z,Snow,Richland,259
IL,2011-03-17T18:34:00.000Z,Snow,Winnebago,325
IL,2011-03-17T18:34:00.000Z,Snow,Woodford,328
IL,2011-03-17T18:34:00.000Z,Snow,Will,320
IL,2011-03-17T18:34:00.000Z,Snow,Whiteside,314
WI,2011-04-05T17:00:00.000Z,Snow,Washington,3005
WI,2011-04-05T17:00:00.000Z,Snow,Iowa,3148
WI,2011-04-05T17:00:00.000Z,Snow,Green,3145
WI,2011-04-05T17:00:00.000Z,Snow,Kenosha,3158
WI,2011-04-05T17:00:00.000Z,Snow,Lafayette,3163
WI,2011-04-05T17:00:00.000Z,Snow,Milwaukee,3177
WI,2011-04-05T17:00:00.000Z,Snow,Grant,3143
WI,2011-04-05T17:00:00.000Z,Snow,Racine,3195
WI,2011-04-05T17:00:00.000Z,Snow,Dodge,3126
WI,2011-04-05T17:00:00.000Z,Snow,Walworth,3003
WI,2011-04-05T17:00:00.000Z,Snow,Dane,3124
KS,2013-04-26T13:43:00.000Z,Snow,Barber,717
KS,2013-04-26T13:43:00.000Z,Snow,Barton,719
KS,2013-04-26T13:43:00.000Z,Snow,Ellis,774
KS,2013-04-26T13:43:00.000Z,Snow,Franklin,786
KS,2013-04-26T13:43:00.000Z,Snow,Harper,807
KS,2013-04-26T13:43:00.000Z,Snow,Harvey,812
KS,2013-04-26T13:43:00.000Z,Snow,Hodgeman,818
KS,2013-04-26T13:43:00.000Z,Snow,Dickinson,762
KS,2013-04-26T13:43:00.000Z,Snow,Kingman,827
KS,2013-04-26T13:43:00.000Z,Snow,McPherson,846
KS,2013-04-26T13:43:00.000Z,Snow,Marion,848
KS,2013-04-26T13:43:00.000Z,Snow,Ness,864
KS,2013-04-26T13:43:00.000Z,Snow,Osage,867
KS,2013-04-26T13:43:00.000Z,Snow,Osborne,869
KS,2013-04-26T13:43:00.000Z,Snow,Pawnee,872
KS,2013-04-26T13:43:00.000Z,Snow,Phillips,873
KS,2013-04-26T13:43:00.000Z,Snow,Rice,886
KS,2013-04-26T13:43:00.000Z,Snow,Rooks,889
KS,2013-04-26T13:43:00.000Z,Snow,Pratt,878
KS,2013-04-26T13:43:00.000Z,Snow,Russell,893
KS,2013-04-26T13:43:00.000Z,Snow,Smith,909
KS,2013-04-26T13:43:00.000Z,Snow,Stafford,911
KS,2013-04-26T13:43:00.000Z,Snow,Rush,891
NY,2014-12-22T09:56:00.000Z,Snow,Cattaraugus,1687
NY,2014-12-22T09:56:00.000Z,Snow,Chautauqua,1694
NY,2014-12-22T09:56:00.000Z,Snow,Erie,1723
NY,2014-12-22T09:56:00.000Z,Snow,Genesee,1736
NY,2014-12-22T09:56:00.000Z,Snow,Jefferson,1782
NY,2014-12-22T09:56:00.000Z,Snow,Lewis,1790
NY,2014-12-22T09:56:00.000Z,Snow,Orleans,1862
NY,2014-12-22T09:56:00.000Z,Snow,St. Lawrence,1883
NY,2014-12-22T09:56:00.000Z,Snow,Wyoming,1962
ME,2015-03-12T13:55:00.000Z,Snow,Androscoggin,1532
ME,2015-03-12T13:55:00.000Z,Snow,Cumberland,1608
ME,2015-03-12T13:55:00.000Z,Snow,Sagadahoc,1855
KY,2015-04-30T17:35:00.000Z,Snow,Adair,928
KY,2015-04-30T17:35:00.000Z,Snow,Ballard,932
KY,2015-04-30T17:35:00.000Z,Snow,Clark,1053
KY,2015-04-30T17:35:00.000Z,Snow,Butler,1026
KY,2015-04-30T17:35:00.000Z,Snow,Boyle,1010
KY,2015-04-30T17:35:00.000Z,Snow,Floyd,1085
KY,2015-04-30T17:35:00.000Z,Snow,Edmonson,1073
KY,2015-04-30T17:35:00.000Z,Snow,Estill,1077
KY,2015-04-30T17:35:00.000Z,Snow,Franklin,1086
KY,2015-04-30T17:35:00.000Z,Snow,Jessamine,1145
KY,2015-04-30T17:35:00.000Z,Snow,Anderson,930
KY,2015-04-30T17:35:00.000Z,Snow,Knott,1154
KY,2015-04-30T17:35:00.000Z,Snow,Harlan,1114
KY,2015-04-30T17:35:00.000Z,Snow,Jackson,1140
KY,2015-04-30T17:35:00.000Z,Snow,Boyd,1008
KY,2015-04-30T17:35:00.000Z,Snow,Caldwell,1031
KY,2015-04-30T17:35:00.000Z,Snow,Lee,1171
KY,2015-04-30T17:35:00.000Z,Snow,Letcher,1178
KY,2015-04-30T17:35:00.000Z,Snow,Knox,1159
KY,2015-04-30T17:35:00.000Z,Snow,Lyon,1193
KY,2015-04-30T17:35:00.000Z,Snow,McCracken,1196
KY,2015-04-30T17:35:00.000Z,Snow,Magoffin,1206
KY,2015-04-30T17:35:00.000Z,Snow,Lewis,1180
KY,2015-04-30T17:35:00.000Z,Snow,Lincoln,1184
KY,2015-04-30T17:35:00.000Z,Snow,Lawrence,1167
KY,2015-04-30T17:35:00.000Z,Snow,Menifee,1222
KY,2015-04-30T17:35:00.000Z,Snow,Metcalfe,1228
KY,2015-04-30T17:35:00.000Z,Snow,Marshall,1213
KY,2015-04-30T17:35:00.000Z,Snow,Perry,1265
KY,2015-04-30T17:35:00.000Z,Snow,Pike,1267
KY,2015-04-30T17:35:00.000Z,Snow,Powell,1270
KY,2015-04-30T17:35:00.000Z,Snow,Pendleton,1260
KY,2015-04-30T17:35:00.000Z,Snow,Morgan,1235
KY,2015-04-30T17:35:00.000Z,Snow,Simpson,1287
KY,2015-04-30T17:35:00.000Z,Snow,Union,1016
KY,2015-04-30T17:35:00.000Z,Snow,Washington,1023
KY,2015-04-30T17:35:00.000Z,Snow,Taylor,1003
KY,2015-04-30T17:35:00.000Z,Snow,Rockcastle,1276
KY,2015-04-30T17:35:00.000Z,Snow,Wayne,1027
KY,2015-04-30T17:35:00.000Z,Snow,Wolfe,1037
KY,2015-04-30T17:35:00.000Z,Snow,Woodford,1042
MD,2016-03-04T14:35:00.000Z,Snow,Allegany,1905
MD,2016-03-04T14:35:00.000Z,Snow,Anne Arundel,1925
MD,2016-03-04T14:35:00.000Z,Snow,Baltimore City,1460
MD,2016-03-04T14:35:00.000Z,Snow,Calvert,1946
DC,2016-03-04T13:50:00.000Z,Snow,District of Columbia,630
MD,2016-03-04T14:35:00.000Z,Snow,Caroline,1949
MD,2016-03-04T14:35:00.000Z,Snow,Carroll,1955
MD,2016-03-04T14:35:00.000Z,Snow,Cecil,1963
MD,2016-03-04T14:35:00.000Z,Snow,Charles,1294
MD,2016-03-04T14:35:00.000Z,Snow,Frederick,1357
MD,2016-03-04T14:35:00.000Z,Snow,Garrett,1361
MD,2016-03-04T14:35:00.000Z,Snow,Harford,1372
MD,2016-03-04T14:35:00.000Z,Snow,Howard,1379
MD,2016-03-04T14:35:00.000Z,Snow,Kent,1394
MD,2016-03-04T14:35:00.000Z,Snow,Montgomery,1398
MD,2016-03-04T14:35:00.000Z,Snow,Queen Anne's,1413
MD,2016-03-04T14:35:00.000Z,Snow,Prince George's,1403
MD,2016-03-04T14:35:00.000Z,Snow,Washington,1445
MD,2016-03-04T14:35:00.000Z,Snow,Baltimore City,1460
MD,2016-03-04T14:35:00.000Z,Snow,Worcester,1456
VA,2016-03-07T18:07:00.000Z,Snow,Albemarle,2728
VA,2016-03-07T18:07:00.000Z,Snow,Caroline,2793
VA,2016-03-07T18:07:00.000Z,Snow,Clarke,2819
VA,2016-03-07T18:07:00.000Z,Snow,Arlington,2753
VA,2016-03-07T18:07:00.000Z,Snow,Culpeper,2824
VA,2016-03-07T18:07:00.000Z,Snow,Fairfax City,2737
VA,2016-03-07T18:07:00.000Z,Snow,Fauquier,2853
VA,2016-03-07T18:07:00.000Z,Snow,Frederick,2868
VA,2016-03-07T18:07:00.000Z,Snow,Henrico,2915
VA,2016-03-07T18:07:00.000Z,Snow,Highland,2920
VA,2016-03-07T18:07:00.000Z,Snow,King George,2938
VA,2016-03-07T18:07:00.000Z,Snow,Greene,2899
VA,2016-03-07T18:07:00.000Z,Snow,Loudoun,2952
VA,2016-03-07T18:07:00.000Z,Snow,Madison,2955
VA,2016-03-07T18:07:00.000Z,Snow,Louisa,2953
VA,2016-03-07T18:07:00.000Z,Snow,Page,2986
VA,2016-03-07T18:07:00.000Z,Snow,Patrick,2987
VA,2016-03-07T18:07:00.000Z,Snow,Prince William,2992
VA,2016-03-07T18:07:00.000Z,Snow,Rappahannock,2994
VA,2016-03-07T18:07:00.000Z,Snow,Spotsylvania,2619
VA,2016-03-07T18:07:00.000Z,Snow,Shenandoah,2594
VA,2016-03-07T18:07:00.000Z,Snow,Stafford,2629
VA,2016-03-07T18:07:00.000Z,Snow,Manassas,2765
VA,2016-03-07T18:07:00.000Z,Snow,Manassas Park,2768
VA,2016-03-07T18:07:00.000Z,Snow,Winchester,2837
VA,2016-03-07T18:07:00.000Z,Snow,Fredericksburg,2745
VA,2016-03-07T18:07:00.000Z,Snow,Falls Church,2740
VA,2016-03-07T18:07:00.000Z,Snow,Warren,2662
VA,2016-03-07T18:07:00.000Z,Snow,Alexandria,2712
VA,2016-03-07T18:07:00.000Z,Snow,Fairfax City,2737
DE,2016-03-16T18:45:00.000Z,Snow,Sussex,609
PA,2016-03-23T16:20:00.000Z,Snow,Adams,2292
PA,2016-03-23T16:20:00.000Z,Snow,Bedford,2324
PA,2016-03-23T16:20:00.000Z,Snow,Berks,2326
PA,2016-03-23T16:20:00.000Z,Snow,Bucks,2336
PA,2016-03-23T16:20:00.000Z,Snow,Chester,2360
PA,2016-03-23T16:20:00.000Z,Snow,Cumberland,2397
PA,2016-03-23T16:20:00.000Z,Snow,Dauphin,2403
PA,2016-03-23T16:20:00.000Z,Snow,Fayette,2431
PA,2016-03-23T16:20:00.000Z,Snow,Juniata,2466
PA,2016-03-23T16:20:00.000Z,Snow,Lebanon,2492
PA,2016-03-23T16:20:00.000Z,Snow,Franklin,2439
PA,2016-03-23T16:20:00.000Z,Snow,Blair,2328
PA,2016-03-23T16:20:00.000Z,Snow,Fulton,2446
PA,2016-03-23T16:20:00.000Z,Snow,Montgomery,2528
PA,2016-03-23T16:20:00.000Z,Snow,Lancaster,2482
PA,2016-03-23T16:20:00.000Z,Snow,Northampton,2537
PA,2016-03-23T16:20:00.000Z,Snow,Perry,2554
PA,2016-03-23T16:20:00.000Z,Snow,Lehigh,2496
PA,2016-03-23T16:20:00.000Z,Snow,Schuylkill,2581
PA,2016-03-23T16:20:00.000Z,Snow,Somerset,2589
PA,2016-03-23T16:20:00.000Z,Snow,Westmoreland,2394
PA,2016-03-23T16:20:00.000Z,Snow,York,2419
PA,2016-03-23T16:20:00.000Z,Snow,Philadelphia,2563
KS,2017-06-16T11:51:00.000Z,Snow,Cherokee,732
KS,2017-06-16T11:51:00.000Z,Snow,Crawford,756
KS,2017-06-16T11:51:00.000Z,Snow,Cheyenne,736
KS,2017-06-16T11:51:00.000Z,Snow,Finney,778
KS,2017-06-16T11:51:00.000Z,Snow,Graham,791
KS,2017-06-16T11:51:00.000Z,Snow,Grant,794
KS,2017-06-16T11:51:00.000Z,Snow,Gove,790
KS,2017-06-16T11:51:00.000Z,Snow,Greeley,801
KS,2017-06-16T11:51:00.000Z,Snow,Haskell,815
KS,2017-06-16T11:51:00.000Z,Snow,Decatur,759
KS,2017-06-16T11:51:00.000Z,Snow,Logan,842
KS,2017-06-16T11:51:00.000Z,Snow,Norton,866
KS,2017-06-16T11:51:00.000Z,Snow,Rawlins,880
KS,2017-06-16T11:51:00.000Z,Snow,Morton,859
KS,2017-06-16T11:51:00.000Z,Snow,Kearny,826
KS,2017-06-16T11:51:00.000Z,Snow,Sheridan,904
KS,2017-06-16T11:51:00.000Z,Snow,Hamilton,805
KS,2017-06-16T11:51:00.000Z,Snow,Lane,833
KS,2017-06-16T11:51:00.000Z,Snow,Sherman,907
KS,2017-06-16T11:51:00.000Z,Snow,Seward,900
KS,2017-06-16T11:51:00.000Z,Snow,Scott,897
KS,2017-06-16T11:51:00.000Z,Snow,Neosho,862
KS,2017-06-16T11:51:00.000Z,Snow,Stevens,914
KS,2017-06-16T11:51:00.000Z,Snow,Thomas,917
KS,2017-06-16T11:51:00.000Z,Snow,Wallace,921
KS,2017-06-16T11:51:00.000Z,Snow,Wichita,923
KS,2017-06-16T11:51:00.000Z,Snow,Stanton,913
NY,2017-07-12T08:00:00.000Z,Snow,Albany,1673
NY,2017-07-12T08:00:00.000Z,Snow,Broome,1683
NY,2017-07-12T08:00:00.000Z,Snow,Chenango,1699
NY,2017-07-12T08:00:00.000Z,Snow,Clinton,1702
NY,2017-07-12T08:00:00.000Z,Snow,Columbia,1704
NY,2017-07-12T08:00:00.000Z,Snow,Cortland,1706
NY,2017-07-12T08:00:00.000Z,Snow,Delaware,1707
NY,2017-07-12T08:00:00.000Z,Snow,Dutchess,1711
NY,2017-07-12T08:00:00.000Z,Snow,Franklin,1731
NY,2017-07-12T08:00:00.000Z,Snow,Fulton,1734
NY,2017-07-12T08:00:00.000Z,Snow,Greene,1739
NY,2017-07-12T08:00:00.000Z,Snow,Hamilton,1742
NY,2017-07-12T08:00:00.000Z,Snow,Essex,1728
NY,2017-07-12T08:00:00.000Z,Snow,Herkimer,1745
NY,2017-07-12T08:00:00.000Z,Snow,Madison,1796
NY,2017-07-12T08:00:00.000Z,Snow,Montgomery,1807
NY,2017-07-12T08:00:00.000Z,Snow,Oneida,1852
NY,2017-07-12T08:00:00.000Z,Snow,Orleans,1862
NY,2017-07-12T08:00:00.000Z,Snow,Otsego,1868
NY,2017-07-12T08:00:00.000Z,Snow,Rensselaer,1874
NY,2017-07-12T08:00:00.000Z,Snow,Saratoga,1885
NY,2017-07-12T08:00:00.000Z,Snow,Schenectady,1887
NY,2017-07-12T08:00:00.000Z,Snow,Schoharie,1888
NY,2017-07-12T08:00:00.000Z,Snow,Sullivan,1928
NY,2017-07-12T08:00:00.000Z,Snow,Tioga,1930
NY,2017-07-12T08:00:00.000Z,Snow,Tompkins,1933
NY,2017-07-12T08:00:00.000Z,Snow,Ulster,1935
NY,2017-07-12T08:00:00.000Z,Snow,Suffolk,1924
NH,2018-06-08T19:15:00.000Z,Snow,Strafford,1453
NH,2018-06-08T19:15:00.000Z,Snow,Carroll,1435
NE,2018-06-29T12:45:00.000Z,Snow,Blaine,1309
NE,2018-06-29T12:45:00.000Z,Snow,Boyd,1317
NE,2018-06-29T12:45:00.000Z,Snow,Cheyenne,1334
NE,2018-06-29T12:45:00.000Z,Snow,Clay,1336
NE,2018-06-29T12:45:00.000Z,Snow,Antelope,1305
NE,2018-06-29T12:45:00.000Z,Snow,Deuel,1351
NE,2018-06-29T12:45:00.000Z,Snow,Fillmore,1363
NE,2018-06-29T12:45:00.000Z,Snow,Custer,1342
NE,2018-06-29T12:45:00.000Z,Snow,Greeley,1397
NE,2018-06-29T12:45:00.000Z,Snow,Hall,1402
NE,2018-06-29T12:45:00.000Z,Snow,Gosper,1393
NE,2018-06-29T12:45:00.000Z,Snow,Garfield,1391
NE,2018-06-29T12:45:00.000Z,Snow,Holt,1416
NE,2018-06-29T12:45:00.000Z,Snow,Howard,1311
NE,2018-06-29T12:45:00.000Z,Snow,Hamilton,1405
NE,2018-06-29T12:45:00.000Z,Snow,Knox,1322
NE,2018-06-29T12:45:00.000Z,Snow,Boone,1310
NE,2018-06-29T12:45:00.000Z,Snow,Logan,1328
NE,2018-06-29T12:45:00.000Z,Snow,Loup,1331
NE,2018-06-29T12:45:00.000Z,Snow,Nuckolls,1345
NE,2018-06-29T12:45:00.000Z,Snow,Keith,1316
NE,2018-06-29T12:45:00.000Z,Snow,Madison,1335
NE,2018-06-29T12:45:00.000Z,Snow,Merrick,1337
NE,2018-06-29T12:45:00.000Z,Snow,Valley,1386
NE,2018-06-29T12:45:00.000Z,Snow,Platte,1359
NE,2018-06-29T12:45:00.000Z,Snow,Nance,1341
NE,2018-06-29T12:45:00.000Z,Snow,Pierce,1356
NE,2018-06-29T12:45:00.000Z,Snow,Wheeler,1390
NE,2018-06-29T12:45:00.000Z,Snow,Sherman,1377
NE,2018-06-29T12:45:00.000Z,Snow,Rock,1366
NE,2018-06-29T12:45:00.000Z,Snow,Webster,1389
MA,2018-07-19T08:40:00.000Z,Snow,Suffolk,1585
